--
-- PostgreSQL database dump
--

\restrict omMnhZGNTsLQNvDgXuH5HfhtNAU8JsU3N53EIcWbJd7WvEF8Nhf5uw42AbZnPWM

-- Dumped from database version 16.13 (Debian 16.13-1.pgdg12+1)
-- Dumped by pg_dump version 16.13 (Debian 16.13-1.pgdg12+1)

SET statement_timeout = 0;
SET lock_timeout = 0;
SET idle_in_transaction_session_timeout = 0;
SET client_encoding = 'UTF8';
SET standard_conforming_strings = on;
SELECT pg_catalog.set_config('search_path', '', false);
SET check_function_bodies = false;
SET xmloption = content;
SET client_min_messages = warning;
SET row_security = off;

--
-- Data for Name: analysis_report; Type: TABLE DATA; Schema: public; Owner: fitness_user
--

INSERT INTO public.analysis_report (id, report_title, analysis_type, report_content, suggestions, generate_time, create_time, update_time, create_by, is_deleted) VALUES (1, '综合分析报告', 'OVERALL', '根据提供的运营数据，我对健身房进行全面分析，并提出具体建议：

## 1. 会员运营分析

### 会员活跃度评估
当前会员活跃度为0%，这是一个非常严重的问题。正常情况下，即使在淡季，活跃会员数也不应为0。

### 会员增长趋势分析
- 04-03新增1人
- 04-07新增2人
显示近期会员增长趋势良好，但需要关注活跃转化率极低的问题。

### 会员留存风险预警
- 会员活跃率为0，意味着现有会员基本没有参与任何活动
- 课程预约率为0，会员无法通过课程获得价值感
- 今日营收为0，会员无法通过会员卡获得实际使用价值

### 提升会员活跃度的具体建议
- **会员激活计划**：为新会员提供7天免费体验期，包含力量训练、有氧燃脂等基础课程
- **会员活动日**：每月设立会员活动日，提供免费的体态评估、瑜伽体验课等
- **个性化训练计划**：为会员提供个性化身体评估和定制训练计划，增强会员粘性
- **积分激励体系**：建立会员积分系统，通过参与课程、使用器材获得积分，积分可兑换健身房权益

## 2. 课程运营分析

### 课程受欢迎程度排名
所有课程的预约数均为0，说明课程吸引力不足或宣传不到位。从课程类型看：
1. 有氧燃脂: 5门课程
2. 力量训练: 5门课程  
3. 拳击格斗: 4门课程
4. 瑜伽普拉提: 3门课程
5. 康复体态: 2门课程
舞蹈操课: 4门课程

### 课程时段安排合理性评估
- 缺乏到店高峰时间数据，无法评估具体时段安排
- 课程预约率为0，说明时段安排可能不合理或宣传不到位

### 课程类型优化建议
- **增加晚间课程**：针对上班族群体，增加19:00-21:00的晚间课程时段
- **增加亲子课程**：考虑开设适合家庭的亲子健身课程
- **增加线上课程**：开发线上课程平台，满足无法到店会员的需求

### 提升课程预约率的策略
- **限时优惠**：提供课程预约限时优惠，如预约后24小时内上课享受9折优惠
- **团体课程**：鼓励会员邀请朋友一起参加团体课程，享受双人优惠
- **课程体验**：提供免费的课程体验，让会员在预约前先体验课程质量
- **会员推荐计划**：建立会员推荐计划，推荐新会员可获得课程预约优先权

## 3. 营收分析

### 营收趋势分析
- 暂无营收趋势数据
- 今日营收为0，说明会员活跃度和课程预约率直接影响营收

### 营收增长点识别
- **会员卡销售**：月卡56张、季卡45张、年卡23张，显示会员卡销售体系相对完善
- **增值服务**：体态评估、瑜伽体验等增值服务可以成为营收增长点
- **课程预约**：每增加1个课程预约，可以带来相应的课程费用收入

### 营收优化建议
- **会员卡套餐优化**：根据会员使用频率，设计不同档次的会员卡套餐
- **增值服务定价**：对体态评估、私人教练等增值服务进行合理定价
- **交叉销售**：在会员卡销售时，同时推荐相关课程和增值服务
- **会员升级计划**：建立会员升级体系，鼓励会员通过使用提升等级获得更多权益

## 4. 器材管理分析

### 器材使用状况评估
- 器材完好率100%，设备维护状况良好
- 正常器材26台，全部可用
- 报修处理统计显示有3件报修在处理中，但整体完好率保持在高水平

### 器材维护建议
- **定期维护检查**：建立每周的器材检查制度，确保设备正常运行
- **延长保修服务**：提供延长保修服务，增加客户信任度
- **安全培训**：为会员提供器材使用安全培训，减少意外事故

### 器材采购建议
- **按使用频率配置**：根据会员数据，重点配置力量训练、有氧燃脂等高需求器材
- **增加功能性训练器材**：考虑增加悬挂训练、核心训练等新型器材
- **空间优化**：评估现有空间，合理规划器材布局，提高空间利用率

### 器材管理优化策略
- **器材使用记录**：建立器材使用记录系统，跟踪每台器材的使用频率和维护情况
- **会员预约系统**：建立器材预约系统，避免器材拥堵和等待时间过长
- **智能监控**：考虑安装智能监控设备，实时监测器材使用状况

## 5. 运营综合建议

### 短期改进措施（1-2周内可实施）
1. **会员激活计划**：为现有会员提供7天免费体验期，促进活跃参与
2. **课程体验日**：设立每周的课程体验日，提供免费的课程体验
3. **会员推荐计划**：建立会员推荐计划，通过邀请新会员获得课程预约优先权
4. **晚间课程增加**：增加晚间课程时段，吸引上班族会员参与

### 中期优化计划（1-3个月）
1. **个性化服务**：为会员提供个性化身体评估和定制训练计划
2. **线上课程平台**：开发线上课程平台，提供在线健身指导
3. **增值服务**：增加体态评估、私人教练等增值服务，提高客单价
4. **会员卡套餐优化**：根据会员使用频率，设计不同档次的会员卡套餐

### 长期发展战略（3个月以上）
1. **社区化运营**：打造健身社区，建立会员社群，增强会员粘性
2. **健康生活方式**：从单纯的健身服务扩展到健康生活方式的全方位服务
3. **品牌合作**：与健康食品品牌、运动装备品牌建立合作关系，提供会员专属优惠
4. **多元化发展**：考虑开设功能性训练、运动康复等专业服务，提升品牌专业度

通过以上分析和建议，希望能够帮助健身房在当前运营困境中找到突破点，实现会员活跃度提升、营收增长和品牌发展的多重目标。', '1. **课程体验日**：设立每周的课程体验日，提供免费的课程体验

2. **晚间课程增加**：增加晚间课程时段，吸引上班族会员参与

3. **线上课程平台**：开发线上课程平台，提供在线健身指导

4. **增值服务**：增加体态评估、私人教练等增值服务，提高客单价

5. **会员卡套餐优化**：根据会员使用频率，设计不同档次的会员卡套餐

6. **社区化运营**：打造健身社区，建立会员社群，增强会员粘性

7. **健康生活方式**：从单纯的健身服务扩展到健康生活方式的全方位服务

8. **品牌合作**：与健康食品品牌、运动装备品牌建立合作关系，提供会员专属优惠

9. **多元化发展**：考虑开设功能性训练、运动康复等专业服务，提升品牌专业度

', '2026-04-09 01:21:47', '2026-04-09 01:22:20.929061', '2026-04-09 01:22:20.934237', 1, false);
INSERT INTO public.analysis_report (id, report_title, analysis_type, report_content, suggestions, generate_time, create_time, update_time, create_by, is_deleted) VALUES (2, '综合分析报告', 'OVERALL', '根据您提供的健身房运营数据，我将从五个方面进行深度分析，并给出具体的改进建议：

## 1. 会员运营分析

### 会员活跃度评估
当前数据表明：
- 总会员数：16人
- 活跃会员数：0人
- 会员活跃率：0.0%
- 本周新增：3人（04-03新增1人，04-07新增2人）

**评估**：健身房目前处于"沉睡"状态，虽然会员增长，但活跃度为零，这表明新会员的转化和留存存在问题。

### 会员增长趋势分析
- 04-03: 新增1人
- 04-07: 新增2人
**分析**：会员增长趋势良好，但活跃度为零，说明在吸引新会员的同时，缺乏有效的激活策略。

### 会员留存风险预警
**风险**：零活跃度意味着会员可能只是"注册会员"而非"活跃会员"，存在高流失风险。根据行业经验，活跃会员的流失率比注册会员低3-5倍。

### 提升会员活跃度的具体建议
- **激活计划**：为新注册会员制定7天激活计划，包括：
  - 第1天：免费体脂测试
  - 第2天：基础体能评估
  - 第3天：力量训练入门课
  - 第4天：有氧燃脂体验课
  - 第5天：瑜伽普拉提体验课
  - 第6天：拳击格斗基础课
  - 第7天：个性化训练计划制定
- **会员日活动**：每月设立会员日，提供专属优惠和免费体验服务
- **社群运营**：建立会员社群，定期组织线上互动和线下活动

## 2. 课程运营分析

### 课程受欢迎程度排名
根据课程分类统计：
- 有氧燃脂：5门课程，0预约
- 力量训练：5门课程，0预约
- 拳击格斗：4门课程，0预约
- 瑜伽普拉提：3门课程，0预约
- 舞蹈操课：4门课程，0预约
- 康复体态：2门课程，0预约

**分析**：所有课程预约数均为零，说明课程推广和宣传策略存在问题。

### 课程时段安排合理性评估
**评估**：由于缺乏到店高峰时间数据，无法准确评估时段安排。建议：
- 通过会员问卷调查了解最受欢迎的上课时段
- 关注工作日和周末的到店高峰

### 课程类型优化建议
- **力量训练**和**有氧燃脂**是当前最受欢迎的课程类型，建议增加这些课程的频次和时长
- **拳击格斗**和**舞蹈操课**相对较少人预约，可以考虑增加趣味性或组织体验课来提升预约率
- **康复体态**和**瑜伽普拉提**具有专业性和个性化特点，建议增加相关课程的宣传力度

### 提升课程预约率的策略
- **免费体验**：提供免费的入门体验课，吸引新会员体验
- **限时优惠**：设置课程预约的限时优惠，制造紧迫感
- **会员推荐**：建立会员推荐机制，成功推荐获得积分或优惠券
- **社交媒体营销**：利用会员的社交媒体进行课程宣传，增加曝光度

## 3. 营收分析

### 营收趋势分析
- **现状**：今日订单数0，今日营收¥0
- **历史数据**：暂无完整历史数据
**分析**：由于会员活跃度为零，导致订单数和营收为零，这是典型的"无活跃会员"状态。

### 营收增长点识别
- **会员卡销售**：月卡58张，季卡36张，年卡16张，显示会员卡销售具有基础规模
- **课程销售**：目前课程预约率为零，是主要的营收增长点
- **增值服务**：体脂测试、体能评估、私人教练服务等具有较高利润率

### 营收优化建议
- **激活会员卡**：对已购会员卡的会员提供激活奖励，如免费私教体验课
- **套餐组合**：设计会员卡+课程包的组合套餐，提高客单价
- **增值服务**：增加体脂管理、运动营养指导等增值服务，提高服务利润率
- **会员推荐计划**：建立会员推荐奖励机制，通过推荐获得额外服务

## 4. 器材管理分析

### 器材使用状况评估
- 总器材数：26台
- 正常器材：26台
- 器材完好率：100.0%
**评估**：器材管理状况良好，设备完好率100%，说明维护工作到位。

### 器材维护建议
- **定期维护**：建立每月一次的全面设备检查制度
- **使用记录**：建立器材使用记录，监控器材使用频率
- **清洁保养**：加强器材的日常清洁和保养，保持卫生标准

### 器材采购建议
- **使用频率分析**：根据器材使用记录分析各器材的使用频率，合理规划采购
- **升级更新**：考虑引入心率监测、智能手环等智能健身设备，提升用户体验
- **多功能设备**：增加多功能训练设备，提高器材利用率

### 器材管理优化策略
- **预约系统**：建立器材预约系统，避免器材同时被多人使用
- **分区管理**：将器材分为不同区域，按不同训练需求进行管理
- **培训指导**：加强会员对器材使用的培训，提高使用效率

## 5. 运营综合建议

### 短期改进措施（1-2周内可实施）
1. **会员激活计划**：立即实施7天新会员激活计划，通过免费体验和个性化服务激活沉睡会员
2. **课程免费体验**：推出所有课程的免费体验活动，吸引会员预约体验课
3. **会员日活动**：设立每周会员日，提供专属优惠和服务
4. **社群运营**：建立微信群和朋友圈，定期组织互动活动和线下聚会

### 中期优化计划（1-3个月）
1. **数据分析**：建立会员行为分析系统，监控会员的使用习惯和偏好
2. **个性化服务**：基于数据分析提供个性化训练计划和营养建议
3. **课程优化**：根据会员反馈调整课程类型和频次，重点提升力量训练和有氧燃脂课程
4. **会员推荐计划**：建立完善的会员推荐奖励机制，通过积分、优惠券等方式激励会员推荐

### 长期发展战略（3个月以上）
1. **品牌差异化**：打造独特的健身品牌，强调个性化训练和专业服务
2. **线上线下结合**：建立线上线下一体化的运营模式，提供更丰富的服务体验
3. **会员忠诚度计划**：建立长期会员忠诚度计划，通过积分、会员日、专属服务等方式提升会员粘性
4. **多元化服务**：拓展运动营养、康复理疗、心理辅导等多元化服务，形成完整的健康服务生态
5. **数据分析驱动决策**：建立全面的数据分析体系，用数据指导运营决策和业务发展

通过以上分析和建议，希望能够帮助您的健身房从当前的"沉睡状态"中走出，实现会员活跃度的提升和营收的快速增长。', '1. **课程免费体验**：推出所有课程的免费体验活动，吸引会员预约体验课

2. **会员日活动**：设立每周会员日，提供专属优惠和服务

3. **社群运营**：建立微信群和朋友圈，定期组织互动活动和线下聚会

4. **数据分析**：建立会员行为分析系统，监控会员的使用习惯和偏好

5. **课程优化**：根据会员反馈调整课程类型和频次，重点提升力量训练和有氧燃脂课程

6. **品牌差异化**：打造独特的健身品牌，强调个性化训练和专业服务

7. **线上线下结合**：建立线上线下一体化的运营模式，提供更丰富的服务体验

8. **多元化服务**：拓展运动营养、康复理疗、心理辅导等多元化服务，形成完整的健康服务生态

9. **数据分析驱动决策**：建立全面的数据分析体系，用数据指导运营决策和业务发展

', '2026-04-09 13:32:25', '2026-04-09 13:33:00.783272', '2026-04-09 13:33:00.785991', 1, false);
INSERT INTO public.analysis_report (id, report_title, analysis_type, report_content, suggestions, generate_time, create_time, update_time, create_by, is_deleted) VALUES (3, '综合分析报告', 'OVERALL', '根据提供的运营数据，我对健身房进行全面分析，并提出具体建议：

## 1. 会员运营分析

### 会员活跃度评估
当前会员活跃度为0%，这是一个非常严重的问题。总会员数18人，但无人活跃，意味着会员流失严重，未参与任何会员专属服务。

### 会员增长趋势分析
虽然本周新增会员4人（04-07新增2人，04-09新增1人，04-12新增1人），但新增会员与总会员数的比例仅为22.2%，说明整体会员质量有待提升。

### 会员留存风险预警
- 会员活跃率为0，存在极高流失风险
- 无任何会员专属活动或服务
- 缺乏会员互动和社区建设

### 提升会员活跃度的具体建议
- **会员唤醒计划**：对现有会员发送个性化唤醒邮件，介绍会员专属权益（如免费体测、营养咨询、私教预约等）
- **会员活动策划**：每月举办会员主题活动（如健康跑、体能挑战赛、营养知识竞赛等）
- **会员积分体系**：建立会员积分制度，参与活动、推荐新会员等行为可获得积分兑换权益
- **个性化服务**：为会员提供个性化训练计划和健康评估报告
- **会员反馈机制**：建立会员意见箱，定期收集反馈并及时改进

## 2. 课程运营分析

### 课程受欢迎程度排名
所有课程的预约数均为0，说明：
- 课程推广不足
- 会员对课程认知度低
- 课程吸引力不足

### 课程时段安排合理性评估
- 缺乏到店高峰时间数据，无法评估具体时段安排
- 在活跃度为0的情况下，所有课程预约为0，说明时段安排可能不合理或会员参与意愿低

### 课程类型优化建议
- **力量训练**：5门课程，建议增加训练效果展示和成功案例分享
- **有氧燃脂**：5门课程，可增加心肺功能测试和个性化有氧方案
- **康复体态**：2门课程，可增加与健康顾问的联合课程
- **拳击格斗**：4门课程，可增加实战演练和安全指导
- **瑜伽普拉提**：3门课程，可增加冥想和呼吸训练内容
- **舞蹈操课**：4门课程，可增加舞蹈健康知识和体态改善内容

### 提升课程预约率的策略
- **多渠道推广**：通过社交媒体、会员邮件、合作伙伴等多种渠道推广课程
- **试课机制**：提供免费试课，降低会员参与门槛
- **限时优惠**：设置课程预约限时优惠，制造紧迫感
- **成功案例展示**：在网站和宣传材料中展示学员成功案例
- **互动式营销**：通过在线问答、直播互动等方式增加会员参与感

## 3. 营收分析

### 营收趋势分析
暂无具体营收趋势数据，但根据当前状况：
- 今日营收为0，会员活跃度为0，课程预约为0，营收来源单一且不足
- 会员卡销售统计显示月卡79张、季卡37张、年卡20张，但缺乏销售转化分析

### 营收增长点识别
- **会员服务费**：通过提升会员活跃度和满意度，增加会员服务费收入
- **课程预约费**：通过提升课程预约率，增加课程相关收入
- **增值服务**：如营养咨询、私教服务、康复理疗等高价值服务
- **交叉销售**：通过会员推荐获得的转介绍收入

### 营收优化建议
- **会员价值提升**：通过个性化服务、专属权益等提升会员感知价值
- **多元化收费**：增加高客单价的私教、营养咨询等服务
- **会员转介绍计划**：为推荐新会员的现有会员提供现金或服务奖励
- **会员忠诚度计划**：为长期会员提供专属优惠和忠诚度奖励

## 4. 器材管理分析

### 器材使用状况评估
- 器材完好率100%，设备维护状况良好
- 正常器材26台，说明设备配置充足
- 器材使用率为0（基于活跃会员数和营收数据推算），说明设备利用率低

### 器材维护建议
- **定期维护检查**：每季度进行一次全面的器材维护检查
- **使用频次记录**：建立器材使用记录，分析各区域设备的使用情况
- **维护提醒机制**：建立器材维护提醒机制，确保设备及时维护

### 器材采购建议
- **数据分析**：基于器材使用记录分析热门设备，合理配置器材
- **设备升级**：考虑引进心肺功能测试设备、体成分分析仪等高价值设备
- **空间优化**：评估现有空间布局，优化设备摆放，提高空间利用率

### 器材管理优化策略
- **会员使用指导**：为会员提供专业的器材使用指导，提高设备利用率
- **器材租赁服务**：提供高端器材的租赁服务，增加收入来源
- **器材共享计划**：建立器材共享机制，提高设备利用率

## 5. 运营综合建议

### 短期改进措施（1-2周内可实施）
1. **会员唤醒计划**：立即对所有会员发送个性化唤醒邮件，介绍会员专属权益和参与方式
2. **免费试课推广**：在网站和社交媒体上广泛宣传免费试课活动
3. **会员活动策划**：策划第一个会员主题活动，如健康跑或体能挑战赛
4. **会员积分体系启动**：建立会员积分制度，鼓励会员参与各种活动
5. **多渠道推广**：通过社交媒体、会员邮件、合作伙伴等多种渠道推广课程和活动

### 中期优化计划（1-3个月）
1. **会员服务升级**：建立更完善的会员服务体系，包括个性化训练计划、健康评估报告等
2. **课程体系优化**：基于会员反馈和数据分析，优化课程内容和时段安排
3. **会员忠诚度计划**：为长期会员提供专属优惠和忠诚度奖励，提高会员留存率
4. **多元化服务**：增加营养咨询、私教服务、康复理疗等高价值服务
5. **会员转介绍计划**：为推荐新会员的现有会员提供现金或服务奖励

### 长期发展战略（3个月以上）
1. **品牌差异化**：打造独特的品牌定位，突出在特定训练方法、服务理念等方面的特色
2. **社区建设**：建立强大的会员社区，通过线上平台和线下活动加强会员互动
3. **数据驱动决策**：建立数据分析系统，持续跟踪会员行为、课程效果等关键指标，指导运营决策
4. **多元化业务**：拓展到健康咨询、康复理疗、营养管理等健康相关服务领域
5. **战略合作**：与医疗机构、健身保险公司等建立战略合作，提供综合健康解决方案

通过以上分析和建议，希望可以帮助健身房逐步提升会员活跃度，增加营收来源，实现可持续发展。', '1. **免费试课推广**：在网站和社交媒体上广泛宣传免费试课活动

2. **会员活动策划**：策划第一个会员主题活动，如健康跑或体能挑战赛

3. **会员积分体系启动**：建立会员积分制度，鼓励会员参与各种活动

4. **多渠道推广**：通过社交媒体、会员邮件、合作伙伴等多种渠道推广课程和活动

5. **课程体系优化**：基于会员反馈和数据分析，优化课程内容和时段安排

6. **多元化服务**：增加营养咨询、私教服务、康复理疗等高价值服务

7. **品牌差异化**：打造独特的品牌定位，突出在特定训练方法、服务理念等方面的特色

8. **社区建设**：建立强大的会员社区，通过线上平台和线下活动加强会员互动

9. **数据驱动决策**：建立数据分析系统，持续跟踪会员行为、课程效果等关键指标，指导运营决策

10. **多元化业务**：拓展到健康咨询、康复理疗、营养管理等健康相关服务领域

', '2026-04-12 23:48:09', '2026-04-12 23:48:13.632534', '2026-04-12 23:48:13.635396', 1, false);
INSERT INTO public.analysis_report (id, report_title, analysis_type, report_content, suggestions, generate_time, create_time, update_time, create_by, is_deleted) VALUES (4, '综合分析报告', 'OVERALL', '根据提供的运营数据，我对健身房进行全面分析，并提出具体建议：

## 1. 会员运营分析

### 会员活跃度评估
当前会员活跃度为0%，这是一个非常严重的问题。总会员数18人，但无人使用，意味着：
- 会员流失率极高
- 会员价值未被挖掘
- 会员关系维护完全缺失

### 会员增长趋势分析
虽然本周有用户增长（新增6人），但会员活跃率为0，说明：
- 新增会员质量有待提升
- 缺乏有效的会员转化策略
- 缺少激活新会员的机制

### 会员留存风险预警
- 低活跃度会员极易流失
- 缺乏会员互动和社区建设
- 无任何会员反馈收集机制

### 提升会员活跃度的具体建议
- **会员激活计划**：为新会员设置7天免费体验期，包含私教指导、体测、营养咨询等增值服务
- **会员积分体系**：建立会员积分制度，鼓励参加课程、使用器材、推荐新会员
- **个性化训练计划**：为每个会员提供个性化训练计划，定期跟踪进度
- **会员活动策划**：定期举办会员专属活动，如体能挑战赛、健康讲座等
- **在线互动平台**：建立会员在线社区，增加会员互动和归属感

## 2. 课程运营分析

### 课程受欢迎程度排名
所有课程的预约数均为0，说明：
- 课程推广效果不佳
- 缺乏有效的课程宣传
- 会员对课程认知度低

### 课程时段安排合理性评估
- 缺乏到店高峰时间数据，无法评估时段安排
- 从课程分类看，力量训练、有氧燃脂等课程相对热门

### 课程类型优化建议
- **增加晚间课程**：根据用户增长时间（04-07、04-09、04-12），考虑增加晚间课程时段
- **增加周末课程**：针对工作日用户增长，考虑增加周末课程
- **增加私教定制课程**：针对高价值会员提供定制化训练课程
- **增加健康功能性课程**：如核心训练、平衡训练等

### 提升课程预约率的策略
- **免费体验课程**：为新会员提供免费体验课程，建立预约转化机制
- **限时优惠**：设置课程预约限时优惠，增加紧迫感
- **会员推荐奖励**：会员成功推荐新会员预约课程可获得奖励
- **社交媒体营销**：利用会员社交平台进行课程宣传和推广

## 3. 营收分析

### 营收趋势分析
暂无数据，但根据当前状况：
- 会员活跃度为0导致营收为0
- 课程预约为0导致无课程营收

### 营收增长点识别
- **会员卡销售**：现有会员卡销售数据（月卡62张、季卡53张、年卡14张），年卡均价最高
- **私教服务**：会员对个性化训练需求强烈，私教服务有巨大增长潜力
- **增值服务**：体测、营养咨询、健康讲座等增值服务

### 营收优化建议
- **会员卡套餐优化**：设计更灵活的会员卡套餐，如按月/按季/按年不同优惠组合
- **私教服务定价策略**：制定不同价位的私教服务套餐，满足不同会员需求
- **增值服务打包销售**：将体测、营养咨询等增值服务打包销售，提高客单价
- **会员推荐分成计划**：为推荐新会员的现有会员提供一定比例的分成

## 4. 器材管理分析

### 器材使用状况评估
- 器材完好率100%，设备状况良好
- 正常器材26台，使用情况未知
- 缺乏器材使用率数据，无法评估使用状况

### 器材维护建议
- **定期维护检查**：建立每月一次的器材全面检查制度
- **使用记录管理**：建立器材使用登记制度，了解器材使用情况
- **延长维护周期**：根据器材完好率和使用记录，合理设置维护周期

### 器材采购建议
- **根据使用记录调整采购**：对使用率高的器材适当增加数量
- **引入新型器材**：根据会员需求和课程设置，引入功能性训练器材
- **考虑共享器材模式**：对于使用频率不高的器材，考虑采用共享模式

### 器材管理优化策略
- **建立器材使用可视化系统**：通过APP或系统实时显示器材使用情况
- **优化器材布局**：根据会员流线和使用频率优化器材布局
- **开展器材使用培训**：定期为会员提供器材使用培训，提高使用效率

## 5. 运营综合建议

### 短期改进措施（1-2周内可实施）
- **会员激活计划**：立即为新会员提供7天免费体验，包含体测、私教指导等
- **建立会员在线社区**：创建会员互动平台，增加会员粘性
- **开展会员推荐计划**：设置会员推荐新会员的奖励机制
- **优化课程宣传**：通过短信、邮件、社交媒体等多渠道宣传免费体验课程

### 中期优化计划（1-3个月）
- **完善会员服务体系**：建立会员成长体系，定期跟踪会员训练进度
- **增加课程类型和时段**：根据用户增长趋势和需求，增加晚间、周末课程
- **建立会员反馈机制**：定期收集会员意见和建议，优化服务
- **开展会员活动**：策划体能挑战赛、健康讲座等活动，增加会员参与度

### 长期发展战略（3个月以上）
- **打造特色品牌**：结合健身房特色，打造独特的会员体验
- **拓展增值服务**：建立完整的健康管理体系，包括体测、营养、康复等
- **会员数据分析系统**：建立会员数据分析系统，为运营决策提供数据支撑
- **线上线下融合**：建立线上课程平台和社区，实现线上线下一体化运营

根据以上分析，建议立即启动会员激活计划和课程体验计划，逐步改善当前的低活跃度状况，同时建立完善的会员服务体系，为长期发展奠定基础。', '1. **建立会员在线社区**：创建会员互动平台，增加会员粘性

2. **优化课程宣传**：通过短信、邮件、社交媒体等多渠道宣传免费体验课程

3. **完善会员服务体系**：建立会员成长体系，定期跟踪会员训练进度

4. **增加课程类型和时段**：根据用户增长趋势和需求，增加晚间、周末课程

5. **建立会员反馈机制**：定期收集会员意见和建议，优化服务

6. **开展会员活动**：策划体能挑战赛、健康讲座等活动，增加会员参与度

7. **打造特色品牌**：结合健身房特色，打造独特的会员体验

8. **拓展增值服务**：建立完整的健康管理体系，包括体测、营养、康复等

9. **会员数据分析系统**：建立会员数据分析系统，为运营决策提供数据支撑

10. **线上线下融合**：建立线上课程平台和社区，实现线上线下一体化运营

', '2026-04-13 18:33:14', '2026-04-13 18:33:25.929366', '2026-04-13 18:33:25.932393', 1, false);
INSERT INTO public.analysis_report (id, report_title, analysis_type, report_content, suggestions, generate_time, create_time, update_time, create_by, is_deleted) VALUES (5, '综合分析报告', 'OVERALL', '**健身房综合运营分析报告**

**致管理层：**
本报告基于当前经营数据生成。当前门店处于**极度危险的停滞状态**，核心表现为“零营收、极低活跃度”。但门店的基础硬件（器械）与历史客源（会员卡销售）仍有盘活潜力。必须立即采取断腕式激活策略，否则门店面临直接倒闭风险。

---

### 1. 会员运营分析
**【核心风险】活跃度崩盘，门店实质处于停运边缘**
*   **数据支撑**：总会员18人，活跃仅1人，活跃率5.6%。今日订单0。
*   **矛盾点**：会员卡历史销售总计148张（月卡72+季卡59+年卡17），但当前系统总会员仅18人。这意味着大量历史会员已流失或未录入当前系统，当前18人可能仅为近期零星新增。
*   **风险提示**：5.6%的活跃率意味着门店已失去基本盘，若无紧急干预，现有18人也将快速流失。

### 2. 课程运营分析
**【核心机会】课程转化率极高，但供给结构失衡**
*   **数据支撑**：6节课程总预约5次，平均预约0.8。但拆解看：拳击格斗（2课/2预约）、有氧燃脂（1课/1预约）、瑜伽普拉提（1课/1预约）**预约率均达100%**；舞蹈操课（2课/1预约）预约率仅50%。
*   **机会提示**：在仅有1名活跃会员的极端情况下，开出的一对一私教/小团体课均被全额预约，说明**现有会员对拳击、有氧、瑜伽有强需求，且愿意上课**。
*   **风险提示**：舞蹈操课存在产能浪费，且整体课程总量（6节）严重不足，无法支撑正常门店运营。

### 3. 营收分析
**【核心风险】现金流断裂**
*   **数据支撑**：今日营收0，今日订单0，营收与增长趋势无数据。
*   **风险提示**：门店当前无任何新资金流入。历史会员卡销售（148张）带来的预付款大概率已消耗完毕（尤其月卡和季卡时效短），若无法促活老会员复购或吸引新会员，门店将无法覆盖房租与人力成本。

### 4. 器械管理分析
**【核心亮点】硬件底子极佳，无短板**
*   **数据支撑**：26台器械完好率100%，0维护/待修/停用。历史报修5件已全部闭环（4完成+1关闭）。
*   **机会提示**：器械100%可用是当前最大资产，意味着门店随时可以无障碍接待会员，无需因硬件问题退客。

### 5. 运营综合建议
**优先级原则：先止血（促活拉新），再造血（优化课程），后防风险（硬件保养）**

**🔴 优先级P0：紧急促活与拉新（48小时内必须执行）**
1.  **排查“幽灵会员”**：历史售出148张卡，当前仅18人，立刻核对系统与台账。找出未录入系统的老会员，以及卡期未到期但未活跃的“沉睡会员”，通过电话/微信定向召回，提供“免费体验1节拳击/瑜伽课”的诱饵。
2.  **启动零营收破冰行动**：今日0营收说明无新客进店。立即在地推或周边社群推出“9.9元单次体验卡”或“99元周卡”，利用100%完好的器械优势，降低首单门槛，先让人进店。

**🟡 优先级P1：课程结构调优（本周内完成）**
1.  **削减低效课程，加码高效课程**：舞蹈操课预约率仅50%，且总课量仅6节绝对值太低。建议将舞蹈操课暂时缩减，将排课资源向**拳击格斗**倾斜（当前100%预约率），每周拳击课增加至3-4节。
2.  **推行“小团课+私教”双驱**：当前仅有1名活跃会员却产生5次预约，实质是在做私教或1对1小团。应顺势推出正式的“1对3私教小团课”（定价介于大团课和纯私教之间），提升单课营收坪效。

**🟢 优先级P2：维持硬件优势与数据基建（常态化）**
1.  **保持器械巡检**：100%完好率是防线，随着促活行动带来人流，器械使用频次将上升，需坚持每日营业前5分钟快速巡检，确保0故障退客。
2.  **补齐数据盲区**：当前“到店高峰”、“营收趋势”、“增长趋势”均为空。必须在收银/门禁系统强制开启数据采集，下周起必须能看到每日到店人次分布，否则所有运营动作将再次沦为盲人摸象。', '1. **排查“幽灵会员”**：历史售出148张卡，当前仅18人，立刻核对系统与台账。找出未录入系统的老会员，以及卡期未到期但未活跃的“沉睡会员”，通过电话/微信定向召回，提供“免费体验1节拳击/瑜伽课”的诱饵。

2. **启动零营收破冰行动**：今日0营收说明无新客进店。立即在地推或周边社群推出“9.9元单次体验卡”或“99元周卡”，利用100%完好的器械优势，降低首单门槛，先让人进店。

3. **削减低效课程，加码高效课程**：舞蹈操课预约率仅50%，且总课量仅6节绝对值太低。建议将舞蹈操课暂时缩减，将排课资源向**拳击格斗**倾斜（当前100%预约率），每周拳击课增加至3-4节。

4. **推行“小团课+私教”双驱**：当前仅有1名活跃会员却产生5次预约，实质是在做私教或1对1小团。应顺势推出正式的“1对3私教小团课”（定价介于大团课和纯私教之间），提升单课营收坪效。

5. **保持器械巡检**：100%完好率是防线，随着促活行动带来人流，器械使用频次将上升，需坚持每日营业前5分钟快速巡检，确保0故障退客。

6. **补齐数据盲区**：当前“到店高峰”、“营收趋势”、“增长趋势”均为空。必须在收银/门禁系统强制开启数据采集，下周起必须能看到每日到店人次分布，否则所有运营动作将再次沦为盲人摸象。

', '2026-05-14 16:20:53', '2026-05-14 16:21:00.940642', '2026-05-14 16:21:00.945848', 1, false);
INSERT INTO public.analysis_report (id, report_title, analysis_type, report_content, suggestions, generate_time, create_time, update_time, create_by, is_deleted) VALUES (6, '综合分析报告', 'OVERALL', '**健身房综合运营分析报告**

**致管理层：**
当前健身房处于极度危险的“休眠”状态，核心表征为**“有基建、无流量、零转化”**。今日0营收与仅10.5%的活跃率表明门店已陷入经营停滞。以下为基于现有数据的客观分析及优先级排序的行动建议。

---

### 1. 会员运营分析
**数据呈现：**
- 总会员数：19，活跃会员数：2，活跃率：10.5%
- 本周新增：1人（05-15）

**核心风险：**
1. **存量濒临枯竭：** 仅19人的总会员基数，完全无法支撑一家配备26台器械的健身房的基础运营成本。
2. **活跃度崩盘：** 10.5%的活跃率远低于行业健康标准（通常需>40%），89.5%的会员已实质性流失或处于沉睡状态。
3. **拉新能力微弱：** 单周仅1人新增，且无到店高峰数据，说明门店外部引流渠道已失效，自然到店流量为零。

**机会与行动：**
- **优先级：P0（最高）**
- **建议1：启动“沉睡唤醒”计划。** 对17名非活跃会员进行100%一对一电话回访，排查流失原因（距离/时间/效果/服务），并赠送“1次免费私教体验课”或“7天复健卡”作为召回诱饵。
- **建议2：紧急排查流量入口。** 检查门店周边地推、线上美团/大众点评、小红书等渠道是否处于停摆状态，必须立即恢复基础曝光。

---

### 2. 课程运营分析
**数据呈现：**
- 总课程6，总预约12，平均预约2.0/课
- 拳击格斗（2课/4预约）、舞蹈操课（2课/4预约）、有氧燃脂（1课/2预约）、瑜伽普拉提（1课/2预约）

**核心风险：**
1. **排课与容量严重错配：** 平均2人/课的预约量，说明课程开设过多（6节），导致流量极度分散，单课产出极低，教练时薪成本大概率倒挂。
2. **团课缺乏爆款引流项：** 各品类预约数绝对平均（均为2人），没有形成能够吸引大量到店的“明星课程”。

**机会与行动：**
- **优先级：P1**
- **建议1：大幅缩减排课频次。** 在当前日均不足2人预约的情况下，将每日团课压缩至1-2节，将同品类课程合并（如将2节拳击合并为1节），确保单课上课人数达到5人以上再开课，降低教练空耗成本。
- **建议2：打造单点爆款。** 鉴于拳击格斗与舞蹈操课各占1/3预约量，建议集中资源在这两个方向打造1节“零基础体验课”，作为外部拉新的核心抓手。

---

### 3. 萣收分析
**数据呈现：**
- 今日订单数：0，今日营收：0
- 会员卡销售历史：月卡54张，季卡55张，年卡17张
- 营收趋势：暂无数据

**核心风险：**
1. **现金流断裂预警：** 今日0营收是极其危险的信号，意味着门店当期无任何现金流入。
2. **历史销售结构畸形：** 历史销售中，月卡（54张）与季卡（55张）占比极高，而年卡仅17张（占比仅13.1%）。长卡占比过低，导致会员生命周期短，续费压力极大，且历史沉淀的126张卡与当前仅19人的总会员数存在巨大矛盾（推测大量短卡会员已过期流失）。

**机会与行动：**
- **优先级：P0（最高）**
- **建议1：紧急设计“拉新转化卡”。** 针对0营收，立即上线“9.9元3天体验卡”或“99元两周新手卡”，配合美团等渠道强行撕开营收缺口。
- **建议2：调整长卡销售策略及提成。** 针对年卡仅17张的短板，重新制定销售提成比例，大幅提高年卡/半年卡的销售提成，引导销售卖长卡锁定长期现金流；对老会员推出“季卡升年卡补差价”活动。

---

### 4. 器械管理分析
**数据呈现：**
- 总器械26，正常24，完好率92.3%
- 维护中2，待维修2，停用0
- 报修统计：处理中1，待处理1，已关闭1，已完成4

**核心风险：**
1. **完好率尚可，但存在隐患：** 92.3%的完好率表面达标，但仍有4台器械处于非正常状态（2维护+2待修），占总量的15.3%。
2. **工单积压：** “待处理1件+处理中1件”意味着当前有2台器械处于带病或停用状态，若包含核心器械（如跑步机/史密斯机），在极低客流下将进一步恶化用户体验。

**机会与行动：**
- **优先级：P2**
- **建议1：48小时清零待处理工单。** 立即跟进“1件待处理+1件处理中”的报修，要求48小时内修复或明确修复时间表，将完好率拉升至95%以上。
- **建议2：建立巡检防损机制。** 当前仅19名会员却有6次报修记录，报修率偏高。需安排教练或保洁每日早班前进行5分钟快速巡检，避免器械“小病拖成大病”，降低维修成本。

---

### 5. 运营综合建议（按优先级排序）

当前门店的核心问题是**“流量真空与零转化”**，器械与课程问题均为次要矛盾。必须立即采取以下三步突围行动：

**【P0级 - 本周必须执行】止血与引流**
1. **破除0营收：** 立即上线低价体验卡（如9.9元单次/99元周卡），全员启动朋友圈、社群及周边社区地推，目标：本周至少产生10笔新订单。
2. **盘点流量资产：** 那126名历史售卡会员去哪了？必须调取月卡/季卡过期名单，本周内完成电话触达，用“老会员回归专属优惠”进行召回，这是成本最低的流量池。

**【P1级 - 两周内执行】降本与提效**
1. **课程瘦身：** 停排低预约课程，每日集中只开1-2节团课，保证上课氛围，降低教练无产出成本。
2. **聚焦爆款：** 将拳击/舞蹈作为引流主力，在美团/抖音上以这两类课作为主打卖点进行投放测试。

**【P2级 - 持续优化】体验保障**
1. **修复待修器械：** 扫除硬件死角，确保仅存的2位活跃会员和未来新到店会员获得100%流畅的器械体验。
2. **重塑长卡结构：** 在新流量进入后，严格管控销售动作，将年卡占比作为核心KPI考核，避免再次陷入“卖短卡-快流失-死循环”的泥潭。', '1. **破除0营收：** 立即上线低价体验卡（如9.9元单次/99元周卡），全员启动朋友圈、社群及周边社区地推，目标：本周至少产生10笔新订单。

2. **盘点流量资产：** 那126名历史售卡会员去哪了？必须调取月卡/季卡过期名单，本周内完成电话触达，用“老会员回归专属优惠”进行召回，这是成本最低的流量池。

3. **课程瘦身：** 停排低预约课程，每日集中只开1-2节团课，保证上课氛围，降低教练无产出成本。

4. **聚焦爆款：** 将拳击/舞蹈作为引流主力，在美团/抖音上以这两类课作为主打卖点进行投放测试。

5. **修复待修器械：** 扫除硬件死角，确保仅存的2位活跃会员和未来新到店会员获得100%流畅的器械体验。

6. **重塑长卡结构：** 在新流量进入后，严格管控销售动作，将年卡占比作为核心KPI考核，避免再次陷入“卖短卡-快流失-死循环”的泥潭。

', '2026-05-15 21:22:31', '2026-05-15 21:23:07.691592', '2026-05-15 21:23:07.691592', 1, false);
INSERT INTO public.analysis_report (id, report_title, analysis_type, report_content, suggestions, generate_time, create_time, update_time, create_by, is_deleted) VALUES (7, '综合分析报告', 'OVERALL', '**健身房综合运营分析报告**

**致管理层：**
当前健身房处于极度危险的“休眠”状态，核心表征为**“有基建、无流量、零转化”**。今日0营收与仅10.5%的活跃率表明门店已陷入经营停滞。以下为基于现有数据的客观分析及优先级排序的行动建议。

---

### 1. 会员运营分析
**数据呈现：**
- 总会员数：19，活跃会员数：2，活跃率：10.5%
- 本周新增：1人（05-15）

**核心风险：**
1. **存量濒临枯竭：** 仅19人的总会员基数，完全无法支撑一家配备26台器械的健身房的基础运营成本。
2. **活跃度崩盘：** 10.5%的活跃率远低于行业健康标准（通常需>40%），89.5%的会员已实质性流失或处于沉睡状态。
3. **拉新能力微弱：** 单周仅1人新增，且无到店高峰数据，说明门店外部引流渠道已失效，自然到店流量为零。

**机会与行动：**
- **优先级：P0（最高）**
- **建议1：启动“沉睡唤醒”计划。** 对17名非活跃会员进行100%一对一电话回访，排查流失原因（距离/时间/效果/服务），并赠送“1次免费私教体验课”或“7天复健卡”作为召回诱饵。
- **建议2：紧急排查流量入口。** 检查门店周边地推、线上美团/大众点评、小红书等渠道是否处于停摆状态，必须立即恢复基础曝光。

---

### 2. 课程运营分析
**数据呈现：**
- 总课程6，总预约12，平均预约2.0/课
- 拳击格斗（2课/4预约）、舞蹈操课（2课/4预约）、有氧燃脂（1课/2预约）、瑜伽普拉提（1课/2预约）

**核心风险：**
1. **排课与容量严重错配：** 平均2人/课的预约量，说明课程开设过多（6节），导致流量极度分散，单课产出极低，教练时薪成本大概率倒挂。
2. **团课缺乏爆款引流项：** 各品类预约数绝对平均（均为2人），没有形成能够吸引大量到店的“明星课程”。

**机会与行动：**
- **优先级：P1**
- **建议1：大幅缩减排课频次。** 在当前日均不足2人预约的情况下，将每日团课压缩至1-2节，将同品类课程合并（如将2节拳击合并为1节），确保单课上课人数达到5人以上再开课，降低教练空耗成本。
- **建议2：打造单点爆款。** 鉴于拳击格斗与舞蹈操课各占1/3预约量，建议集中资源在这两个方向打造1节“零基础体验课”，作为外部拉新的核心抓手。

---

### 3. 萣收分析
**数据呈现：**
- 今日订单数：0，今日营收：0
- 会员卡销售历史：月卡54张，季卡55张，年卡17张
- 营收趋势：暂无数据

**核心风险：**
1. **现金流断裂预警：** 今日0营收是极其危险的信号，意味着门店当期无任何现金流入。
2. **历史销售结构畸形：** 历史销售中，月卡（54张）与季卡（55张）占比极高，而年卡仅17张（占比仅13.1%）。长卡占比过低，导致会员生命周期短，续费压力极大，且历史沉淀的126张卡与当前仅19人的总会员数存在巨大矛盾（推测大量短卡会员已过期流失）。

**机会与行动：**
- **优先级：P0（最高）**
- **建议1：紧急设计“拉新转化卡”。** 针对0营收，立即上线“9.9元3天体验卡”或“99元两周新手卡”，配合美团等渠道强行撕开营收缺口。
- **建议2：调整长卡销售策略及提成。** 针对年卡仅17张的短板，重新制定销售提成比例，大幅提高年卡/半年卡的销售提成，引导销售卖长卡锁定长期现金流；对老会员推出“季卡升年卡补差价”活动。

---

### 4. 器械管理分析
**数据呈现：**
- 总器械26，正常24，完好率92.3%
- 维护中2，待维修2，停用0
- 报修统计：处理中1，待处理1，已关闭1，已完成4

**核心风险：**
1. **完好率尚可，但存在隐患：** 92.3%的完好率表面达标，但仍有4台器械处于非正常状态（2维护+2待修），占总量的15.3%。
2. **工单积压：** “待处理1件+处理中1件”意味着当前有2台器械处于带病或停用状态，若包含核心器械（如跑步机/史密斯机），在极低客流下将进一步恶化用户体验。

**机会与行动：**
- **优先级：P2**
- **建议1：48小时清零待处理工单。** 立即跟进“1件待处理+1件处理中”的报修，要求48小时内修复或明确修复时间表，将完好率拉升至95%以上。
- **建议2：建立巡检防损机制。** 当前仅19名会员却有6次报修记录，报修率偏高。需安排教练或保洁每日早班前进行5分钟快速巡检，避免器械“小病拖成大病”，降低维修成本。

---

### 5. 运营综合建议（按优先级排序）

当前门店的核心问题是**“流量真空与零转化”**，器械与课程问题均为次要矛盾。必须立即采取以下三步突围行动：

**【P0级 - 本周必须执行】止血与引流**
1. **破除0营收：** 立即上线低价体验卡（如9.9元单次/99元周卡），全员启动朋友圈、社群及周边社区地推，目标：本周至少产生10笔新订单。
2. **盘点流量资产：** 那126名历史售卡会员去哪了？必须调取月卡/季卡过期名单，本周内完成电话触达，用“老会员回归专属优惠”进行召回，这是成本最低的流量池。

**【P1级 - 两周内执行】降本与提效**
1. **课程瘦身：** 停排低预约课程，每日集中只开1-2节团课，保证上课氛围，降低教练无产出成本。
2. **聚焦爆款：** 将拳击/舞蹈作为引流主力，在美团/抖音上以这两类课作为主打卖点进行投放测试。

**【P2级 - 持续优化】体验保障**
1. **修复待修器械：** 扫除硬件死角，确保仅存的2位活跃会员和未来新到店会员获得100%流畅的器械体验。
2. **重塑长卡结构：** 在新流量进入后，严格管控销售动作，将年卡占比作为核心KPI考核，避免再次陷入“卖短卡-快流失-死循环”的泥潭。', '1. **破除0营收：** 立即上线低价体验卡（如9.9元单次/99元周卡），全员启动朋友圈、社群及周边社区地推，目标：本周至少产生10笔新订单。

2. **盘点流量资产：** 那126名历史售卡会员去哪了？必须调取月卡/季卡过期名单，本周内完成电话触达，用“老会员回归专属优惠”进行召回，这是成本最低的流量池。

3. **课程瘦身：** 停排低预约课程，每日集中只开1-2节团课，保证上课氛围，降低教练无产出成本。

4. **聚焦爆款：** 将拳击/舞蹈作为引流主力，在美团/抖音上以这两类课作为主打卖点进行投放测试。

5. **修复待修器械：** 扫除硬件死角，确保仅存的2位活跃会员和未来新到店会员获得100%流畅的器械体验。

6. **重塑长卡结构：** 在新流量进入后，严格管控销售动作，将年卡占比作为核心KPI考核，避免再次陷入“卖短卡-快流失-死循环”的泥潭。

', '2026-05-15 21:22:31', '2026-05-15 21:23:10.025073', '2026-05-15 21:23:10.025073', 1, false);
INSERT INTO public.analysis_report (id, report_title, analysis_type, report_content, suggestions, generate_time, create_time, update_time, create_by, is_deleted) VALUES (8, '综合分析报告', 'OVERALL', '**健身房综合运营分析报告**

**致管理层：**
当前健身房处于极度危险的“休眠”状态，核心表征为**“有基建、无流量、零转化”**。今日0营收与仅10.5%的活跃率表明门店已陷入经营停滞。以下为基于现有数据的客观分析及优先级排序的行动建议。

---

### 1. 会员运营分析
**数据呈现：**
- 总会员数：19，活跃会员数：2，活跃率：10.5%
- 本周新增：1人（05-15）

**核心风险：**
1. **存量濒临枯竭：** 仅19人的总会员基数，完全无法支撑一家配备26台器械的健身房的基础运营成本。
2. **活跃度崩盘：** 10.5%的活跃率远低于行业健康标准（通常需>40%），89.5%的会员已实质性流失或处于沉睡状态。
3. **拉新能力微弱：** 单周仅1人新增，且无到店高峰数据，说明门店外部引流渠道已失效，自然到店流量为零。

**机会与行动：**
- **优先级：P0（最高）**
- **建议1：启动“沉睡唤醒”计划。** 对17名非活跃会员进行100%一对一电话回访，排查流失原因（距离/时间/效果/服务），并赠送“1次免费私教体验课”或“7天复健卡”作为召回诱饵。
- **建议2：紧急排查流量入口。** 检查门店周边地推、线上美团/大众点评、小红书等渠道是否处于停摆状态，必须立即恢复基础曝光。

---

### 2. 课程运营分析
**数据呈现：**
- 总课程6，总预约12，平均预约2.0/课
- 拳击格斗（2课/4预约）、舞蹈操课（2课/4预约）、有氧燃脂（1课/2预约）、瑜伽普拉提（1课/2预约）

**核心风险：**
1. **排课与容量严重错配：** 平均2人/课的预约量，说明课程开设过多（6节），导致流量极度分散，单课产出极低，教练时薪成本大概率倒挂。
2. **团课缺乏爆款引流项：** 各品类预约数绝对平均（均为2人），没有形成能够吸引大量到店的“明星课程”。

**机会与行动：**
- **优先级：P1**
- **建议1：大幅缩减排课频次。** 在当前日均不足2人预约的情况下，将每日团课压缩至1-2节，将同品类课程合并（如将2节拳击合并为1节），确保单课上课人数达到5人以上再开课，降低教练空耗成本。
- **建议2：打造单点爆款。** 鉴于拳击格斗与舞蹈操课各占1/3预约量，建议集中资源在这两个方向打造1节“零基础体验课”，作为外部拉新的核心抓手。

---

### 3. 萣收分析
**数据呈现：**
- 今日订单数：0，今日营收：0
- 会员卡销售历史：月卡54张，季卡55张，年卡17张
- 营收趋势：暂无数据

**核心风险：**
1. **现金流断裂预警：** 今日0营收是极其危险的信号，意味着门店当期无任何现金流入。
2. **历史销售结构畸形：** 历史销售中，月卡（54张）与季卡（55张）占比极高，而年卡仅17张（占比仅13.1%）。长卡占比过低，导致会员生命周期短，续费压力极大，且历史沉淀的126张卡与当前仅19人的总会员数存在巨大矛盾（推测大量短卡会员已过期流失）。

**机会与行动：**
- **优先级：P0（最高）**
- **建议1：紧急设计“拉新转化卡”。** 针对0营收，立即上线“9.9元3天体验卡”或“99元两周新手卡”，配合美团等渠道强行撕开营收缺口。
- **建议2：调整长卡销售策略及提成。** 针对年卡仅17张的短板，重新制定销售提成比例，大幅提高年卡/半年卡的销售提成，引导销售卖长卡锁定长期现金流；对老会员推出“季卡升年卡补差价”活动。

---

### 4. 器械管理分析
**数据呈现：**
- 总器械26，正常24，完好率92.3%
- 维护中2，待维修2，停用0
- 报修统计：处理中1，待处理1，已关闭1，已完成4

**核心风险：**
1. **完好率尚可，但存在隐患：** 92.3%的完好率表面达标，但仍有4台器械处于非正常状态（2维护+2待修），占总量的15.3%。
2. **工单积压：** “待处理1件+处理中1件”意味着当前有2台器械处于带病或停用状态，若包含核心器械（如跑步机/史密斯机），在极低客流下将进一步恶化用户体验。

**机会与行动：**
- **优先级：P2**
- **建议1：48小时清零待处理工单。** 立即跟进“1件待处理+1件处理中”的报修，要求48小时内修复或明确修复时间表，将完好率拉升至95%以上。
- **建议2：建立巡检防损机制。** 当前仅19名会员却有6次报修记录，报修率偏高。需安排教练或保洁每日早班前进行5分钟快速巡检，避免器械“小病拖成大病”，降低维修成本。

---

### 5. 运营综合建议（按优先级排序）

当前门店的核心问题是**“流量真空与零转化”**，器械与课程问题均为次要矛盾。必须立即采取以下三步突围行动：

**【P0级 - 本周必须执行】止血与引流**
1. **破除0营收：** 立即上线低价体验卡（如9.9元单次/99元周卡），全员启动朋友圈、社群及周边社区地推，目标：本周至少产生10笔新订单。
2. **盘点流量资产：** 那126名历史售卡会员去哪了？必须调取月卡/季卡过期名单，本周内完成电话触达，用“老会员回归专属优惠”进行召回，这是成本最低的流量池。

**【P1级 - 两周内执行】降本与提效**
1. **课程瘦身：** 停排低预约课程，每日集中只开1-2节团课，保证上课氛围，降低教练无产出成本。
2. **聚焦爆款：** 将拳击/舞蹈作为引流主力，在美团/抖音上以这两类课作为主打卖点进行投放测试。

**【P2级 - 持续优化】体验保障**
1. **修复待修器械：** 扫除硬件死角，确保仅存的2位活跃会员和未来新到店会员获得100%流畅的器械体验。
2. **重塑长卡结构：** 在新流量进入后，严格管控销售动作，将年卡占比作为核心KPI考核，避免再次陷入“卖短卡-快流失-死循环”的泥潭。', '1. **破除0营收：** 立即上线低价体验卡（如9.9元单次/99元周卡），全员启动朋友圈、社群及周边社区地推，目标：本周至少产生10笔新订单。

2. **盘点流量资产：** 那126名历史售卡会员去哪了？必须调取月卡/季卡过期名单，本周内完成电话触达，用“老会员回归专属优惠”进行召回，这是成本最低的流量池。

3. **课程瘦身：** 停排低预约课程，每日集中只开1-2节团课，保证上课氛围，降低教练无产出成本。

4. **聚焦爆款：** 将拳击/舞蹈作为引流主力，在美团/抖音上以这两类课作为主打卖点进行投放测试。

5. **修复待修器械：** 扫除硬件死角，确保仅存的2位活跃会员和未来新到店会员获得100%流畅的器械体验。

6. **重塑长卡结构：** 在新流量进入后，严格管控销售动作，将年卡占比作为核心KPI考核，避免再次陷入“卖短卡-快流失-死循环”的泥潭。

', '2026-05-15 21:22:31', '2026-05-15 21:23:10.67465', '2026-05-15 21:23:10.67465', 1, false);
INSERT INTO public.analysis_report (id, report_title, analysis_type, report_content, suggestions, generate_time, create_time, update_time, create_by, is_deleted) VALUES (9, '综合分析报告', 'OVERALL', '**健身房综合运营分析报告**

**致管理层：**
当前健身房处于极度危险的“休眠”状态，核心表征为**“有基建、无流量、零转化”**。今日0营收与仅10.5%的活跃率表明门店已陷入经营停滞。以下为基于现有数据的客观分析及优先级排序的行动建议。

---

### 1. 会员运营分析
**数据呈现：**
- 总会员数：19，活跃会员数：2，活跃率：10.5%
- 本周新增：1人（05-15）

**核心风险：**
1. **存量濒临枯竭：** 仅19人的总会员基数，完全无法支撑一家配备26台器械的健身房的基础运营成本。
2. **活跃度崩盘：** 10.5%的活跃率远低于行业健康标准（通常需>40%），89.5%的会员已实质性流失或处于沉睡状态。
3. **拉新能力微弱：** 单周仅1人新增，且无到店高峰数据，说明门店外部引流渠道已失效，自然到店流量为零。

**机会与行动：**
- **优先级：P0（最高）**
- **建议1：启动“沉睡唤醒”计划。** 对17名非活跃会员进行100%一对一电话回访，排查流失原因（距离/时间/效果/服务），并赠送“1次免费私教体验课”或“7天复健卡”作为召回诱饵。
- **建议2：紧急排查流量入口。** 检查门店周边地推、线上美团/大众点评、小红书等渠道是否处于停摆状态，必须立即恢复基础曝光。

---

### 2. 课程运营分析
**数据呈现：**
- 总课程6，总预约12，平均预约2.0/课
- 拳击格斗（2课/4预约）、舞蹈操课（2课/4预约）、有氧燃脂（1课/2预约）、瑜伽普拉提（1课/2预约）

**核心风险：**
1. **排课与容量严重错配：** 平均2人/课的预约量，说明课程开设过多（6节），导致流量极度分散，单课产出极低，教练时薪成本大概率倒挂。
2. **团课缺乏爆款引流项：** 各品类预约数绝对平均（均为2人），没有形成能够吸引大量到店的“明星课程”。

**机会与行动：**
- **优先级：P1**
- **建议1：大幅缩减排课频次。** 在当前日均不足2人预约的情况下，将每日团课压缩至1-2节，将同品类课程合并（如将2节拳击合并为1节），确保单课上课人数达到5人以上再开课，降低教练空耗成本。
- **建议2：打造单点爆款。** 鉴于拳击格斗与舞蹈操课各占1/3预约量，建议集中资源在这两个方向打造1节“零基础体验课”，作为外部拉新的核心抓手。

---

### 3. 萣收分析
**数据呈现：**
- 今日订单数：0，今日营收：0
- 会员卡销售历史：月卡54张，季卡55张，年卡17张
- 营收趋势：暂无数据

**核心风险：**
1. **现金流断裂预警：** 今日0营收是极其危险的信号，意味着门店当期无任何现金流入。
2. **历史销售结构畸形：** 历史销售中，月卡（54张）与季卡（55张）占比极高，而年卡仅17张（占比仅13.1%）。长卡占比过低，导致会员生命周期短，续费压力极大，且历史沉淀的126张卡与当前仅19人的总会员数存在巨大矛盾（推测大量短卡会员已过期流失）。

**机会与行动：**
- **优先级：P0（最高）**
- **建议1：紧急设计“拉新转化卡”。** 针对0营收，立即上线“9.9元3天体验卡”或“99元两周新手卡”，配合美团等渠道强行撕开营收缺口。
- **建议2：调整长卡销售策略及提成。** 针对年卡仅17张的短板，重新制定销售提成比例，大幅提高年卡/半年卡的销售提成，引导销售卖长卡锁定长期现金流；对老会员推出“季卡升年卡补差价”活动。

---

### 4. 器械管理分析
**数据呈现：**
- 总器械26，正常24，完好率92.3%
- 维护中2，待维修2，停用0
- 报修统计：处理中1，待处理1，已关闭1，已完成4

**核心风险：**
1. **完好率尚可，但存在隐患：** 92.3%的完好率表面达标，但仍有4台器械处于非正常状态（2维护+2待修），占总量的15.3%。
2. **工单积压：** “待处理1件+处理中1件”意味着当前有2台器械处于带病或停用状态，若包含核心器械（如跑步机/史密斯机），在极低客流下将进一步恶化用户体验。

**机会与行动：**
- **优先级：P2**
- **建议1：48小时清零待处理工单。** 立即跟进“1件待处理+1件处理中”的报修，要求48小时内修复或明确修复时间表，将完好率拉升至95%以上。
- **建议2：建立巡检防损机制。** 当前仅19名会员却有6次报修记录，报修率偏高。需安排教练或保洁每日早班前进行5分钟快速巡检，避免器械“小病拖成大病”，降低维修成本。

---

### 5. 运营综合建议（按优先级排序）

当前门店的核心问题是**“流量真空与零转化”**，器械与课程问题均为次要矛盾。必须立即采取以下三步突围行动：

**【P0级 - 本周必须执行】止血与引流**
1. **破除0营收：** 立即上线低价体验卡（如9.9元单次/99元周卡），全员启动朋友圈、社群及周边社区地推，目标：本周至少产生10笔新订单。
2. **盘点流量资产：** 那126名历史售卡会员去哪了？必须调取月卡/季卡过期名单，本周内完成电话触达，用“老会员回归专属优惠”进行召回，这是成本最低的流量池。

**【P1级 - 两周内执行】降本与提效**
1. **课程瘦身：** 停排低预约课程，每日集中只开1-2节团课，保证上课氛围，降低教练无产出成本。
2. **聚焦爆款：** 将拳击/舞蹈作为引流主力，在美团/抖音上以这两类课作为主打卖点进行投放测试。

**【P2级 - 持续优化】体验保障**
1. **修复待修器械：** 扫除硬件死角，确保仅存的2位活跃会员和未来新到店会员获得100%流畅的器械体验。
2. **重塑长卡结构：** 在新流量进入后，严格管控销售动作，将年卡占比作为核心KPI考核，避免再次陷入“卖短卡-快流失-死循环”的泥潭。', '1. **破除0营收：** 立即上线低价体验卡（如9.9元单次/99元周卡），全员启动朋友圈、社群及周边社区地推，目标：本周至少产生10笔新订单。

2. **盘点流量资产：** 那126名历史售卡会员去哪了？必须调取月卡/季卡过期名单，本周内完成电话触达，用“老会员回归专属优惠”进行召回，这是成本最低的流量池。

3. **课程瘦身：** 停排低预约课程，每日集中只开1-2节团课，保证上课氛围，降低教练无产出成本。

4. **聚焦爆款：** 将拳击/舞蹈作为引流主力，在美团/抖音上以这两类课作为主打卖点进行投放测试。

5. **修复待修器械：** 扫除硬件死角，确保仅存的2位活跃会员和未来新到店会员获得100%流畅的器械体验。

6. **重塑长卡结构：** 在新流量进入后，严格管控销售动作，将年卡占比作为核心KPI考核，避免再次陷入“卖短卡-快流失-死循环”的泥潭。

', '2026-05-15 21:22:31', '2026-05-15 21:23:13.825323', '2026-05-15 21:23:13.825323', 1, false);
INSERT INTO public.analysis_report (id, report_title, analysis_type, report_content, suggestions, generate_time, create_time, update_time, create_by, is_deleted) VALUES (12, '综合分析报告', 'OVERALL', '**健身房综合运营分析报告**

**致管理层：**
当前健身房处于极度危险的“休眠”状态，核心表征为**“有基建、无流量、零转化”**。今日0营收与仅10.5%的活跃率表明门店已陷入经营停滞。以下为基于现有数据的客观分析及优先级排序的行动建议。

---

### 1. 会员运营分析
**数据呈现：**
- 总会员数：19，活跃会员数：2，活跃率：10.5%
- 本周新增：1人（05-15）

**核心风险：**
1. **存量濒临枯竭：** 仅19人的总会员基数，完全无法支撑一家配备26台器械的健身房的基础运营成本。
2. **活跃度崩盘：** 10.5%的活跃率远低于行业健康标准（通常需>40%），89.5%的会员已实质性流失或处于沉睡状态。
3. **拉新能力微弱：** 单周仅1人新增，且无到店高峰数据，说明门店外部引流渠道已失效，自然到店流量为零。

**机会与行动：**
- **优先级：P0（最高）**
- **建议1：启动“沉睡唤醒”计划。** 对17名非活跃会员进行100%一对一电话回访，排查流失原因（距离/时间/效果/服务），并赠送“1次免费私教体验课”或“7天复健卡”作为召回诱饵。
- **建议2：紧急排查流量入口。** 检查门店周边地推、线上美团/大众点评、小红书等渠道是否处于停摆状态，必须立即恢复基础曝光。

---

### 2. 课程运营分析
**数据呈现：**
- 总课程6，总预约12，平均预约2.0/课
- 拳击格斗（2课/4预约）、舞蹈操课（2课/4预约）、有氧燃脂（1课/2预约）、瑜伽普拉提（1课/2预约）

**核心风险：**
1. **排课与容量严重错配：** 平均2人/课的预约量，说明课程开设过多（6节），导致流量极度分散，单课产出极低，教练时薪成本大概率倒挂。
2. **团课缺乏爆款引流项：** 各品类预约数绝对平均（均为2人），没有形成能够吸引大量到店的“明星课程”。

**机会与行动：**
- **优先级：P1**
- **建议1：大幅缩减排课频次。** 在当前日均不足2人预约的情况下，将每日团课压缩至1-2节，将同品类课程合并（如将2节拳击合并为1节），确保单课上课人数达到5人以上再开课，降低教练空耗成本。
- **建议2：打造单点爆款。** 鉴于拳击格斗与舞蹈操课各占1/3预约量，建议集中资源在这两个方向打造1节“零基础体验课”，作为外部拉新的核心抓手。

---

### 3. 萣收分析
**数据呈现：**
- 今日订单数：0，今日营收：0
- 会员卡销售历史：月卡54张，季卡55张，年卡17张
- 营收趋势：暂无数据

**核心风险：**
1. **现金流断裂预警：** 今日0营收是极其危险的信号，意味着门店当期无任何现金流入。
2. **历史销售结构畸形：** 历史销售中，月卡（54张）与季卡（55张）占比极高，而年卡仅17张（占比仅13.1%）。长卡占比过低，导致会员生命周期短，续费压力极大，且历史沉淀的126张卡与当前仅19人的总会员数存在巨大矛盾（推测大量短卡会员已过期流失）。

**机会与行动：**
- **优先级：P0（最高）**
- **建议1：紧急设计“拉新转化卡”。** 针对0营收，立即上线“9.9元3天体验卡”或“99元两周新手卡”，配合美团等渠道强行撕开营收缺口。
- **建议2：调整长卡销售策略及提成。** 针对年卡仅17张的短板，重新制定销售提成比例，大幅提高年卡/半年卡的销售提成，引导销售卖长卡锁定长期现金流；对老会员推出“季卡升年卡补差价”活动。

---

### 4. 器械管理分析
**数据呈现：**
- 总器械26，正常24，完好率92.3%
- 维护中2，待维修2，停用0
- 报修统计：处理中1，待处理1，已关闭1，已完成4

**核心风险：**
1. **完好率尚可，但存在隐患：** 92.3%的完好率表面达标，但仍有4台器械处于非正常状态（2维护+2待修），占总量的15.3%。
2. **工单积压：** “待处理1件+处理中1件”意味着当前有2台器械处于带病或停用状态，若包含核心器械（如跑步机/史密斯机），在极低客流下将进一步恶化用户体验。

**机会与行动：**
- **优先级：P2**
- **建议1：48小时清零待处理工单。** 立即跟进“1件待处理+1件处理中”的报修，要求48小时内修复或明确修复时间表，将完好率拉升至95%以上。
- **建议2：建立巡检防损机制。** 当前仅19名会员却有6次报修记录，报修率偏高。需安排教练或保洁每日早班前进行5分钟快速巡检，避免器械“小病拖成大病”，降低维修成本。

---

### 5. 运营综合建议（按优先级排序）

当前门店的核心问题是**“流量真空与零转化”**，器械与课程问题均为次要矛盾。必须立即采取以下三步突围行动：

**【P0级 - 本周必须执行】止血与引流**
1. **破除0营收：** 立即上线低价体验卡（如9.9元单次/99元周卡），全员启动朋友圈、社群及周边社区地推，目标：本周至少产生10笔新订单。
2. **盘点流量资产：** 那126名历史售卡会员去哪了？必须调取月卡/季卡过期名单，本周内完成电话触达，用“老会员回归专属优惠”进行召回，这是成本最低的流量池。

**【P1级 - 两周内执行】降本与提效**
1. **课程瘦身：** 停排低预约课程，每日集中只开1-2节团课，保证上课氛围，降低教练无产出成本。
2. **聚焦爆款：** 将拳击/舞蹈作为引流主力，在美团/抖音上以这两类课作为主打卖点进行投放测试。

**【P2级 - 持续优化】体验保障**
1. **修复待修器械：** 扫除硬件死角，确保仅存的2位活跃会员和未来新到店会员获得100%流畅的器械体验。
2. **重塑长卡结构：** 在新流量进入后，严格管控销售动作，将年卡占比作为核心KPI考核，避免再次陷入“卖短卡-快流失-死循环”的泥潭。', '1. **破除0营收：** 立即上线低价体验卡（如9.9元单次/99元周卡），全员启动朋友圈、社群及周边社区地推，目标：本周至少产生10笔新订单。

2. **盘点流量资产：** 那126名历史售卡会员去哪了？必须调取月卡/季卡过期名单，本周内完成电话触达，用“老会员回归专属优惠”进行召回，这是成本最低的流量池。

3. **课程瘦身：** 停排低预约课程，每日集中只开1-2节团课，保证上课氛围，降低教练无产出成本。

4. **聚焦爆款：** 将拳击/舞蹈作为引流主力，在美团/抖音上以这两类课作为主打卖点进行投放测试。

5. **修复待修器械：** 扫除硬件死角，确保仅存的2位活跃会员和未来新到店会员获得100%流畅的器械体验。

6. **重塑长卡结构：** 在新流量进入后，严格管控销售动作，将年卡占比作为核心KPI考核，避免再次陷入“卖短卡-快流失-死循环”的泥潭。

', '2026-05-15 21:22:31', '2026-05-15 21:23:15.726573', '2026-05-15 21:23:15.726573', 1, false);
INSERT INTO public.analysis_report (id, report_title, analysis_type, report_content, suggestions, generate_time, create_time, update_time, create_by, is_deleted) VALUES (13, '综合分析报告', 'OVERALL', '**健身房综合运营分析报告**

**致管理层：**
当前健身房处于极度危险的“休眠”状态，核心表征为**“有基建、无流量、零转化”**。今日0营收与仅10.5%的活跃率表明门店已陷入经营停滞。以下为基于现有数据的客观分析及优先级排序的行动建议。

---

### 1. 会员运营分析
**数据呈现：**
- 总会员数：19，活跃会员数：2，活跃率：10.5%
- 本周新增：1人（05-15）

**核心风险：**
1. **存量濒临枯竭：** 仅19人的总会员基数，完全无法支撑一家配备26台器械的健身房的基础运营成本。
2. **活跃度崩盘：** 10.5%的活跃率远低于行业健康标准（通常需>40%），89.5%的会员已实质性流失或处于沉睡状态。
3. **拉新能力微弱：** 单周仅1人新增，且无到店高峰数据，说明门店外部引流渠道已失效，自然到店流量为零。

**机会与行动：**
- **优先级：P0（最高）**
- **建议1：启动“沉睡唤醒”计划。** 对17名非活跃会员进行100%一对一电话回访，排查流失原因（距离/时间/效果/服务），并赠送“1次免费私教体验课”或“7天复健卡”作为召回诱饵。
- **建议2：紧急排查流量入口。** 检查门店周边地推、线上美团/大众点评、小红书等渠道是否处于停摆状态，必须立即恢复基础曝光。

---

### 2. 课程运营分析
**数据呈现：**
- 总课程6，总预约12，平均预约2.0/课
- 拳击格斗（2课/4预约）、舞蹈操课（2课/4预约）、有氧燃脂（1课/2预约）、瑜伽普拉提（1课/2预约）

**核心风险：**
1. **排课与容量严重错配：** 平均2人/课的预约量，说明课程开设过多（6节），导致流量极度分散，单课产出极低，教练时薪成本大概率倒挂。
2. **团课缺乏爆款引流项：** 各品类预约数绝对平均（均为2人），没有形成能够吸引大量到店的“明星课程”。

**机会与行动：**
- **优先级：P1**
- **建议1：大幅缩减排课频次。** 在当前日均不足2人预约的情况下，将每日团课压缩至1-2节，将同品类课程合并（如将2节拳击合并为1节），确保单课上课人数达到5人以上再开课，降低教练空耗成本。
- **建议2：打造单点爆款。** 鉴于拳击格斗与舞蹈操课各占1/3预约量，建议集中资源在这两个方向打造1节“零基础体验课”，作为外部拉新的核心抓手。

---

### 3. 萣收分析
**数据呈现：**
- 今日订单数：0，今日营收：0
- 会员卡销售历史：月卡54张，季卡55张，年卡17张
- 营收趋势：暂无数据

**核心风险：**
1. **现金流断裂预警：** 今日0营收是极其危险的信号，意味着门店当期无任何现金流入。
2. **历史销售结构畸形：** 历史销售中，月卡（54张）与季卡（55张）占比极高，而年卡仅17张（占比仅13.1%）。长卡占比过低，导致会员生命周期短，续费压力极大，且历史沉淀的126张卡与当前仅19人的总会员数存在巨大矛盾（推测大量短卡会员已过期流失）。

**机会与行动：**
- **优先级：P0（最高）**
- **建议1：紧急设计“拉新转化卡”。** 针对0营收，立即上线“9.9元3天体验卡”或“99元两周新手卡”，配合美团等渠道强行撕开营收缺口。
- **建议2：调整长卡销售策略及提成。** 针对年卡仅17张的短板，重新制定销售提成比例，大幅提高年卡/半年卡的销售提成，引导销售卖长卡锁定长期现金流；对老会员推出“季卡升年卡补差价”活动。

---

### 4. 器械管理分析
**数据呈现：**
- 总器械26，正常24，完好率92.3%
- 维护中2，待维修2，停用0
- 报修统计：处理中1，待处理1，已关闭1，已完成4

**核心风险：**
1. **完好率尚可，但存在隐患：** 92.3%的完好率表面达标，但仍有4台器械处于非正常状态（2维护+2待修），占总量的15.3%。
2. **工单积压：** “待处理1件+处理中1件”意味着当前有2台器械处于带病或停用状态，若包含核心器械（如跑步机/史密斯机），在极低客流下将进一步恶化用户体验。

**机会与行动：**
- **优先级：P2**
- **建议1：48小时清零待处理工单。** 立即跟进“1件待处理+1件处理中”的报修，要求48小时内修复或明确修复时间表，将完好率拉升至95%以上。
- **建议2：建立巡检防损机制。** 当前仅19名会员却有6次报修记录，报修率偏高。需安排教练或保洁每日早班前进行5分钟快速巡检，避免器械“小病拖成大病”，降低维修成本。

---

### 5. 运营综合建议（按优先级排序）

当前门店的核心问题是**“流量真空与零转化”**，器械与课程问题均为次要矛盾。必须立即采取以下三步突围行动：

**【P0级 - 本周必须执行】止血与引流**
1. **破除0营收：** 立即上线低价体验卡（如9.9元单次/99元周卡），全员启动朋友圈、社群及周边社区地推，目标：本周至少产生10笔新订单。
2. **盘点流量资产：** 那126名历史售卡会员去哪了？必须调取月卡/季卡过期名单，本周内完成电话触达，用“老会员回归专属优惠”进行召回，这是成本最低的流量池。

**【P1级 - 两周内执行】降本与提效**
1. **课程瘦身：** 停排低预约课程，每日集中只开1-2节团课，保证上课氛围，降低教练无产出成本。
2. **聚焦爆款：** 将拳击/舞蹈作为引流主力，在美团/抖音上以这两类课作为主打卖点进行投放测试。

**【P2级 - 持续优化】体验保障**
1. **修复待修器械：** 扫除硬件死角，确保仅存的2位活跃会员和未来新到店会员获得100%流畅的器械体验。
2. **重塑长卡结构：** 在新流量进入后，严格管控销售动作，将年卡占比作为核心KPI考核，避免再次陷入“卖短卡-快流失-死循环”的泥潭。', '1. **破除0营收：** 立即上线低价体验卡（如9.9元单次/99元周卡），全员启动朋友圈、社群及周边社区地推，目标：本周至少产生10笔新订单。

2. **盘点流量资产：** 那126名历史售卡会员去哪了？必须调取月卡/季卡过期名单，本周内完成电话触达，用“老会员回归专属优惠”进行召回，这是成本最低的流量池。

3. **课程瘦身：** 停排低预约课程，每日集中只开1-2节团课，保证上课氛围，降低教练无产出成本。

4. **聚焦爆款：** 将拳击/舞蹈作为引流主力，在美团/抖音上以这两类课作为主打卖点进行投放测试。

5. **修复待修器械：** 扫除硬件死角，确保仅存的2位活跃会员和未来新到店会员获得100%流畅的器械体验。

6. **重塑长卡结构：** 在新流量进入后，严格管控销售动作，将年卡占比作为核心KPI考核，避免再次陷入“卖短卡-快流失-死循环”的泥潭。

', '2026-05-15 21:22:31', '2026-05-15 21:23:16.201391', '2026-05-15 21:23:16.201391', 1, false);
INSERT INTO public.analysis_report (id, report_title, analysis_type, report_content, suggestions, generate_time, create_time, update_time, create_by, is_deleted) VALUES (11, '综合分析报告', 'OVERALL', '**健身房综合运营分析报告**

**致管理层：**
当前健身房处于极度危险的“休眠”状态，核心表征为**“有基建、无流量、零转化”**。今日0营收与仅10.5%的活跃率表明门店已陷入经营停滞。以下为基于现有数据的客观分析及优先级排序的行动建议。

---

### 1. 会员运营分析
**数据呈现：**
- 总会员数：19，活跃会员数：2，活跃率：10.5%
- 本周新增：1人（05-15）

**核心风险：**
1. **存量濒临枯竭：** 仅19人的总会员基数，完全无法支撑一家配备26台器械的健身房的基础运营成本。
2. **活跃度崩盘：** 10.5%的活跃率远低于行业健康标准（通常需>40%），89.5%的会员已实质性流失或处于沉睡状态。
3. **拉新能力微弱：** 单周仅1人新增，且无到店高峰数据，说明门店外部引流渠道已失效，自然到店流量为零。

**机会与行动：**
- **优先级：P0（最高）**
- **建议1：启动“沉睡唤醒”计划。** 对17名非活跃会员进行100%一对一电话回访，排查流失原因（距离/时间/效果/服务），并赠送“1次免费私教体验课”或“7天复健卡”作为召回诱饵。
- **建议2：紧急排查流量入口。** 检查门店周边地推、线上美团/大众点评、小红书等渠道是否处于停摆状态，必须立即恢复基础曝光。

---

### 2. 课程运营分析
**数据呈现：**
- 总课程6，总预约12，平均预约2.0/课
- 拳击格斗（2课/4预约）、舞蹈操课（2课/4预约）、有氧燃脂（1课/2预约）、瑜伽普拉提（1课/2预约）

**核心风险：**
1. **排课与容量严重错配：** 平均2人/课的预约量，说明课程开设过多（6节），导致流量极度分散，单课产出极低，教练时薪成本大概率倒挂。
2. **团课缺乏爆款引流项：** 各品类预约数绝对平均（均为2人），没有形成能够吸引大量到店的“明星课程”。

**机会与行动：**
- **优先级：P1**
- **建议1：大幅缩减排课频次。** 在当前日均不足2人预约的情况下，将每日团课压缩至1-2节，将同品类课程合并（如将2节拳击合并为1节），确保单课上课人数达到5人以上再开课，降低教练空耗成本。
- **建议2：打造单点爆款。** 鉴于拳击格斗与舞蹈操课各占1/3预约量，建议集中资源在这两个方向打造1节“零基础体验课”，作为外部拉新的核心抓手。

---

### 3. 萣收分析
**数据呈现：**
- 今日订单数：0，今日营收：0
- 会员卡销售历史：月卡54张，季卡55张，年卡17张
- 营收趋势：暂无数据

**核心风险：**
1. **现金流断裂预警：** 今日0营收是极其危险的信号，意味着门店当期无任何现金流入。
2. **历史销售结构畸形：** 历史销售中，月卡（54张）与季卡（55张）占比极高，而年卡仅17张（占比仅13.1%）。长卡占比过低，导致会员生命周期短，续费压力极大，且历史沉淀的126张卡与当前仅19人的总会员数存在巨大矛盾（推测大量短卡会员已过期流失）。

**机会与行动：**
- **优先级：P0（最高）**
- **建议1：紧急设计“拉新转化卡”。** 针对0营收，立即上线“9.9元3天体验卡”或“99元两周新手卡”，配合美团等渠道强行撕开营收缺口。
- **建议2：调整长卡销售策略及提成。** 针对年卡仅17张的短板，重新制定销售提成比例，大幅提高年卡/半年卡的销售提成，引导销售卖长卡锁定长期现金流；对老会员推出“季卡升年卡补差价”活动。

---

### 4. 器械管理分析
**数据呈现：**
- 总器械26，正常24，完好率92.3%
- 维护中2，待维修2，停用0
- 报修统计：处理中1，待处理1，已关闭1，已完成4

**核心风险：**
1. **完好率尚可，但存在隐患：** 92.3%的完好率表面达标，但仍有4台器械处于非正常状态（2维护+2待修），占总量的15.3%。
2. **工单积压：** “待处理1件+处理中1件”意味着当前有2台器械处于带病或停用状态，若包含核心器械（如跑步机/史密斯机），在极低客流下将进一步恶化用户体验。

**机会与行动：**
- **优先级：P2**
- **建议1：48小时清零待处理工单。** 立即跟进“1件待处理+1件处理中”的报修，要求48小时内修复或明确修复时间表，将完好率拉升至95%以上。
- **建议2：建立巡检防损机制。** 当前仅19名会员却有6次报修记录，报修率偏高。需安排教练或保洁每日早班前进行5分钟快速巡检，避免器械“小病拖成大病”，降低维修成本。

---

### 5. 运营综合建议（按优先级排序）

当前门店的核心问题是**“流量真空与零转化”**，器械与课程问题均为次要矛盾。必须立即采取以下三步突围行动：

**【P0级 - 本周必须执行】止血与引流**
1. **破除0营收：** 立即上线低价体验卡（如9.9元单次/99元周卡），全员启动朋友圈、社群及周边社区地推，目标：本周至少产生10笔新订单。
2. **盘点流量资产：** 那126名历史售卡会员去哪了？必须调取月卡/季卡过期名单，本周内完成电话触达，用“老会员回归专属优惠”进行召回，这是成本最低的流量池。

**【P1级 - 两周内执行】降本与提效**
1. **课程瘦身：** 停排低预约课程，每日集中只开1-2节团课，保证上课氛围，降低教练无产出成本。
2. **聚焦爆款：** 将拳击/舞蹈作为引流主力，在美团/抖音上以这两类课作为主打卖点进行投放测试。

**【P2级 - 持续优化】体验保障**
1. **修复待修器械：** 扫除硬件死角，确保仅存的2位活跃会员和未来新到店会员获得100%流畅的器械体验。
2. **重塑长卡结构：** 在新流量进入后，严格管控销售动作，将年卡占比作为核心KPI考核，避免再次陷入“卖短卡-快流失-死循环”的泥潭。', '1. **破除0营收：** 立即上线低价体验卡（如9.9元单次/99元周卡），全员启动朋友圈、社群及周边社区地推，目标：本周至少产生10笔新订单。

2. **盘点流量资产：** 那126名历史售卡会员去哪了？必须调取月卡/季卡过期名单，本周内完成电话触达，用“老会员回归专属优惠”进行召回，这是成本最低的流量池。

3. **课程瘦身：** 停排低预约课程，每日集中只开1-2节团课，保证上课氛围，降低教练无产出成本。

4. **聚焦爆款：** 将拳击/舞蹈作为引流主力，在美团/抖音上以这两类课作为主打卖点进行投放测试。

5. **修复待修器械：** 扫除硬件死角，确保仅存的2位活跃会员和未来新到店会员获得100%流畅的器械体验。

6. **重塑长卡结构：** 在新流量进入后，严格管控销售动作，将年卡占比作为核心KPI考核，避免再次陷入“卖短卡-快流失-死循环”的泥潭。

', '2026-05-15 21:22:31', '2026-05-15 21:23:15.531483', '2026-05-17 14:39:46.070903', 1, true);
INSERT INTO public.analysis_report (id, report_title, analysis_type, report_content, suggestions, generate_time, create_time, update_time, create_by, is_deleted) VALUES (14, '综合分析报告', 'OVERALL', '**健身房综合运营分析报告**

**致管理层：**
当前健身房处于极度危险的“休眠”状态，核心表征为**“有基建、无流量、零转化”**。今日0营收与仅10.5%的活跃率表明门店已陷入经营停滞。以下为基于现有数据的客观分析及优先级排序的行动建议。

---

### 1. 会员运营分析
**数据呈现：**
- 总会员数：19，活跃会员数：2，活跃率：10.5%
- 本周新增：1人（05-15）

**核心风险：**
1. **存量濒临枯竭：** 仅19人的总会员基数，完全无法支撑一家配备26台器械的健身房的基础运营成本。
2. **活跃度崩盘：** 10.5%的活跃率远低于行业健康标准（通常需>40%），89.5%的会员已实质性流失或处于沉睡状态。
3. **拉新能力微弱：** 单周仅1人新增，且无到店高峰数据，说明门店外部引流渠道已失效，自然到店流量为零。

**机会与行动：**
- **优先级：P0（最高）**
- **建议1：启动“沉睡唤醒”计划。** 对17名非活跃会员进行100%一对一电话回访，排查流失原因（距离/时间/效果/服务），并赠送“1次免费私教体验课”或“7天复健卡”作为召回诱饵。
- **建议2：紧急排查流量入口。** 检查门店周边地推、线上美团/大众点评、小红书等渠道是否处于停摆状态，必须立即恢复基础曝光。

---

### 2. 课程运营分析
**数据呈现：**
- 总课程6，总预约12，平均预约2.0/课
- 拳击格斗（2课/4预约）、舞蹈操课（2课/4预约）、有氧燃脂（1课/2预约）、瑜伽普拉提（1课/2预约）

**核心风险：**
1. **排课与容量严重错配：** 平均2人/课的预约量，说明课程开设过多（6节），导致流量极度分散，单课产出极低，教练时薪成本大概率倒挂。
2. **团课缺乏爆款引流项：** 各品类预约数绝对平均（均为2人），没有形成能够吸引大量到店的“明星课程”。

**机会与行动：**
- **优先级：P1**
- **建议1：大幅缩减排课频次。** 在当前日均不足2人预约的情况下，将每日团课压缩至1-2节，将同品类课程合并（如将2节拳击合并为1节），确保单课上课人数达到5人以上再开课，降低教练空耗成本。
- **建议2：打造单点爆款。** 鉴于拳击格斗与舞蹈操课各占1/3预约量，建议集中资源在这两个方向打造1节“零基础体验课”，作为外部拉新的核心抓手。

---

### 3. 萣收分析
**数据呈现：**
- 今日订单数：0，今日营收：0
- 会员卡销售历史：月卡54张，季卡55张，年卡17张
- 营收趋势：暂无数据

**核心风险：**
1. **现金流断裂预警：** 今日0营收是极其危险的信号，意味着门店当期无任何现金流入。
2. **历史销售结构畸形：** 历史销售中，月卡（54张）与季卡（55张）占比极高，而年卡仅17张（占比仅13.1%）。长卡占比过低，导致会员生命周期短，续费压力极大，且历史沉淀的126张卡与当前仅19人的总会员数存在巨大矛盾（推测大量短卡会员已过期流失）。

**机会与行动：**
- **优先级：P0（最高）**
- **建议1：紧急设计“拉新转化卡”。** 针对0营收，立即上线“9.9元3天体验卡”或“99元两周新手卡”，配合美团等渠道强行撕开营收缺口。
- **建议2：调整长卡销售策略及提成。** 针对年卡仅17张的短板，重新制定销售提成比例，大幅提高年卡/半年卡的销售提成，引导销售卖长卡锁定长期现金流；对老会员推出“季卡升年卡补差价”活动。

---

### 4. 器械管理分析
**数据呈现：**
- 总器械26，正常24，完好率92.3%
- 维护中2，待维修2，停用0
- 报修统计：处理中1，待处理1，已关闭1，已完成4

**核心风险：**
1. **完好率尚可，但存在隐患：** 92.3%的完好率表面达标，但仍有4台器械处于非正常状态（2维护+2待修），占总量的15.3%。
2. **工单积压：** “待处理1件+处理中1件”意味着当前有2台器械处于带病或停用状态，若包含核心器械（如跑步机/史密斯机），在极低客流下将进一步恶化用户体验。

**机会与行动：**
- **优先级：P2**
- **建议1：48小时清零待处理工单。** 立即跟进“1件待处理+1件处理中”的报修，要求48小时内修复或明确修复时间表，将完好率拉升至95%以上。
- **建议2：建立巡检防损机制。** 当前仅19名会员却有6次报修记录，报修率偏高。需安排教练或保洁每日早班前进行5分钟快速巡检，避免器械“小病拖成大病”，降低维修成本。

---

### 5. 运营综合建议（按优先级排序）

当前门店的核心问题是**“流量真空与零转化”**，器械与课程问题均为次要矛盾。必须立即采取以下三步突围行动：

**【P0级 - 本周必须执行】止血与引流**
1. **破除0营收：** 立即上线低价体验卡（如9.9元单次/99元周卡），全员启动朋友圈、社群及周边社区地推，目标：本周至少产生10笔新订单。
2. **盘点流量资产：** 那126名历史售卡会员去哪了？必须调取月卡/季卡过期名单，本周内完成电话触达，用“老会员回归专属优惠”进行召回，这是成本最低的流量池。

**【P1级 - 两周内执行】降本与提效**
1. **课程瘦身：** 停排低预约课程，每日集中只开1-2节团课，保证上课氛围，降低教练无产出成本。
2. **聚焦爆款：** 将拳击/舞蹈作为引流主力，在美团/抖音上以这两类课作为主打卖点进行投放测试。

**【P2级 - 持续优化】体验保障**
1. **修复待修器械：** 扫除硬件死角，确保仅存的2位活跃会员和未来新到店会员获得100%流畅的器械体验。
2. **重塑长卡结构：** 在新流量进入后，严格管控销售动作，将年卡占比作为核心KPI考核，避免再次陷入“卖短卡-快流失-死循环”的泥潭。', '1. **破除0营收：** 立即上线低价体验卡（如9.9元单次/99元周卡），全员启动朋友圈、社群及周边社区地推，目标：本周至少产生10笔新订单。

2. **盘点流量资产：** 那126名历史售卡会员去哪了？必须调取月卡/季卡过期名单，本周内完成电话触达，用“老会员回归专属优惠”进行召回，这是成本最低的流量池。

3. **课程瘦身：** 停排低预约课程，每日集中只开1-2节团课，保证上课氛围，降低教练无产出成本。

4. **聚焦爆款：** 将拳击/舞蹈作为引流主力，在美团/抖音上以这两类课作为主打卖点进行投放测试。

5. **修复待修器械：** 扫除硬件死角，确保仅存的2位活跃会员和未来新到店会员获得100%流畅的器械体验。

6. **重塑长卡结构：** 在新流量进入后，严格管控销售动作，将年卡占比作为核心KPI考核，避免再次陷入“卖短卡-快流失-死循环”的泥潭。

', '2026-05-15 21:22:31', '2026-05-15 21:23:16.418225', '2026-05-15 21:23:16.418225', 1, false);
INSERT INTO public.analysis_report (id, report_title, analysis_type, report_content, suggestions, generate_time, create_time, update_time, create_by, is_deleted) VALUES (15, '综合分析报告', 'OVERALL', '**健身房综合运营分析报告**

**致管理层：**
当前健身房处于极度危险的“休眠”状态，核心表征为**“有基建、无流量、零转化”**。今日0营收与仅10.5%的活跃率表明门店已陷入经营停滞。以下为基于现有数据的客观分析及优先级排序的行动建议。

---

### 1. 会员运营分析
**数据呈现：**
- 总会员数：19，活跃会员数：2，活跃率：10.5%
- 本周新增：1人（05-15）

**核心风险：**
1. **存量濒临枯竭：** 仅19人的总会员基数，完全无法支撑一家配备26台器械的健身房的基础运营成本。
2. **活跃度崩盘：** 10.5%的活跃率远低于行业健康标准（通常需>40%），89.5%的会员已实质性流失或处于沉睡状态。
3. **拉新能力微弱：** 单周仅1人新增，且无到店高峰数据，说明门店外部引流渠道已失效，自然到店流量为零。

**机会与行动：**
- **优先级：P0（最高）**
- **建议1：启动“沉睡唤醒”计划。** 对17名非活跃会员进行100%一对一电话回访，排查流失原因（距离/时间/效果/服务），并赠送“1次免费私教体验课”或“7天复健卡”作为召回诱饵。
- **建议2：紧急排查流量入口。** 检查门店周边地推、线上美团/大众点评、小红书等渠道是否处于停摆状态，必须立即恢复基础曝光。

---

### 2. 课程运营分析
**数据呈现：**
- 总课程6，总预约12，平均预约2.0/课
- 拳击格斗（2课/4预约）、舞蹈操课（2课/4预约）、有氧燃脂（1课/2预约）、瑜伽普拉提（1课/2预约）

**核心风险：**
1. **排课与容量严重错配：** 平均2人/课的预约量，说明课程开设过多（6节），导致流量极度分散，单课产出极低，教练时薪成本大概率倒挂。
2. **团课缺乏爆款引流项：** 各品类预约数绝对平均（均为2人），没有形成能够吸引大量到店的“明星课程”。

**机会与行动：**
- **优先级：P1**
- **建议1：大幅缩减排课频次。** 在当前日均不足2人预约的情况下，将每日团课压缩至1-2节，将同品类课程合并（如将2节拳击合并为1节），确保单课上课人数达到5人以上再开课，降低教练空耗成本。
- **建议2：打造单点爆款。** 鉴于拳击格斗与舞蹈操课各占1/3预约量，建议集中资源在这两个方向打造1节“零基础体验课”，作为外部拉新的核心抓手。

---

### 3. 萣收分析
**数据呈现：**
- 今日订单数：0，今日营收：0
- 会员卡销售历史：月卡54张，季卡55张，年卡17张
- 营收趋势：暂无数据

**核心风险：**
1. **现金流断裂预警：** 今日0营收是极其危险的信号，意味着门店当期无任何现金流入。
2. **历史销售结构畸形：** 历史销售中，月卡（54张）与季卡（55张）占比极高，而年卡仅17张（占比仅13.1%）。长卡占比过低，导致会员生命周期短，续费压力极大，且历史沉淀的126张卡与当前仅19人的总会员数存在巨大矛盾（推测大量短卡会员已过期流失）。

**机会与行动：**
- **优先级：P0（最高）**
- **建议1：紧急设计“拉新转化卡”。** 针对0营收，立即上线“9.9元3天体验卡”或“99元两周新手卡”，配合美团等渠道强行撕开营收缺口。
- **建议2：调整长卡销售策略及提成。** 针对年卡仅17张的短板，重新制定销售提成比例，大幅提高年卡/半年卡的销售提成，引导销售卖长卡锁定长期现金流；对老会员推出“季卡升年卡补差价”活动。

---

### 4. 器械管理分析
**数据呈现：**
- 总器械26，正常24，完好率92.3%
- 维护中2，待维修2，停用0
- 报修统计：处理中1，待处理1，已关闭1，已完成4

**核心风险：**
1. **完好率尚可，但存在隐患：** 92.3%的完好率表面达标，但仍有4台器械处于非正常状态（2维护+2待修），占总量的15.3%。
2. **工单积压：** “待处理1件+处理中1件”意味着当前有2台器械处于带病或停用状态，若包含核心器械（如跑步机/史密斯机），在极低客流下将进一步恶化用户体验。

**机会与行动：**
- **优先级：P2**
- **建议1：48小时清零待处理工单。** 立即跟进“1件待处理+1件处理中”的报修，要求48小时内修复或明确修复时间表，将完好率拉升至95%以上。
- **建议2：建立巡检防损机制。** 当前仅19名会员却有6次报修记录，报修率偏高。需安排教练或保洁每日早班前进行5分钟快速巡检，避免器械“小病拖成大病”，降低维修成本。

---

### 5. 运营综合建议（按优先级排序）

当前门店的核心问题是**“流量真空与零转化”**，器械与课程问题均为次要矛盾。必须立即采取以下三步突围行动：

**【P0级 - 本周必须执行】止血与引流**
1. **破除0营收：** 立即上线低价体验卡（如9.9元单次/99元周卡），全员启动朋友圈、社群及周边社区地推，目标：本周至少产生10笔新订单。
2. **盘点流量资产：** 那126名历史售卡会员去哪了？必须调取月卡/季卡过期名单，本周内完成电话触达，用“老会员回归专属优惠”进行召回，这是成本最低的流量池。

**【P1级 - 两周内执行】降本与提效**
1. **课程瘦身：** 停排低预约课程，每日集中只开1-2节团课，保证上课氛围，降低教练无产出成本。
2. **聚焦爆款：** 将拳击/舞蹈作为引流主力，在美团/抖音上以这两类课作为主打卖点进行投放测试。

**【P2级 - 持续优化】体验保障**
1. **修复待修器械：** 扫除硬件死角，确保仅存的2位活跃会员和未来新到店会员获得100%流畅的器械体验。
2. **重塑长卡结构：** 在新流量进入后，严格管控销售动作，将年卡占比作为核心KPI考核，避免再次陷入“卖短卡-快流失-死循环”的泥潭。', '1. **破除0营收：** 立即上线低价体验卡（如9.9元单次/99元周卡），全员启动朋友圈、社群及周边社区地推，目标：本周至少产生10笔新订单。

2. **盘点流量资产：** 那126名历史售卡会员去哪了？必须调取月卡/季卡过期名单，本周内完成电话触达，用“老会员回归专属优惠”进行召回，这是成本最低的流量池。

3. **课程瘦身：** 停排低预约课程，每日集中只开1-2节团课，保证上课氛围，降低教练无产出成本。

4. **聚焦爆款：** 将拳击/舞蹈作为引流主力，在美团/抖音上以这两类课作为主打卖点进行投放测试。

5. **修复待修器械：** 扫除硬件死角，确保仅存的2位活跃会员和未来新到店会员获得100%流畅的器械体验。

6. **重塑长卡结构：** 在新流量进入后，严格管控销售动作，将年卡占比作为核心KPI考核，避免再次陷入“卖短卡-快流失-死循环”的泥潭。

', '2026-05-15 21:22:31', '2026-05-15 21:23:16.609308', '2026-05-15 21:23:16.609308', 1, false);
INSERT INTO public.analysis_report (id, report_title, analysis_type, report_content, suggestions, generate_time, create_time, update_time, create_by, is_deleted) VALUES (16, '综合分析报告', 'OVERALL', '**健身房综合运营分析报告**

**致管理层：**
当前健身房处于极度危险的“休眠”状态，核心表征为**“有基建、无流量、零转化”**。今日0营收与仅10.5%的活跃率表明门店已陷入经营停滞。以下为基于现有数据的客观分析及优先级排序的行动建议。

---

### 1. 会员运营分析
**数据呈现：**
- 总会员数：19，活跃会员数：2，活跃率：10.5%
- 本周新增：1人（05-15）

**核心风险：**
1. **存量濒临枯竭：** 仅19人的总会员基数，完全无法支撑一家配备26台器械的健身房的基础运营成本。
2. **活跃度崩盘：** 10.5%的活跃率远低于行业健康标准（通常需>40%），89.5%的会员已实质性流失或处于沉睡状态。
3. **拉新能力微弱：** 单周仅1人新增，且无到店高峰数据，说明门店外部引流渠道已失效，自然到店流量为零。

**机会与行动：**
- **优先级：P0（最高）**
- **建议1：启动“沉睡唤醒”计划。** 对17名非活跃会员进行100%一对一电话回访，排查流失原因（距离/时间/效果/服务），并赠送“1次免费私教体验课”或“7天复健卡”作为召回诱饵。
- **建议2：紧急排查流量入口。** 检查门店周边地推、线上美团/大众点评、小红书等渠道是否处于停摆状态，必须立即恢复基础曝光。

---

### 2. 课程运营分析
**数据呈现：**
- 总课程6，总预约12，平均预约2.0/课
- 拳击格斗（2课/4预约）、舞蹈操课（2课/4预约）、有氧燃脂（1课/2预约）、瑜伽普拉提（1课/2预约）

**核心风险：**
1. **排课与容量严重错配：** 平均2人/课的预约量，说明课程开设过多（6节），导致流量极度分散，单课产出极低，教练时薪成本大概率倒挂。
2. **团课缺乏爆款引流项：** 各品类预约数绝对平均（均为2人），没有形成能够吸引大量到店的“明星课程”。

**机会与行动：**
- **优先级：P1**
- **建议1：大幅缩减排课频次。** 在当前日均不足2人预约的情况下，将每日团课压缩至1-2节，将同品类课程合并（如将2节拳击合并为1节），确保单课上课人数达到5人以上再开课，降低教练空耗成本。
- **建议2：打造单点爆款。** 鉴于拳击格斗与舞蹈操课各占1/3预约量，建议集中资源在这两个方向打造1节“零基础体验课”，作为外部拉新的核心抓手。

---

### 3. 萣收分析
**数据呈现：**
- 今日订单数：0，今日营收：0
- 会员卡销售历史：月卡54张，季卡55张，年卡17张
- 营收趋势：暂无数据

**核心风险：**
1. **现金流断裂预警：** 今日0营收是极其危险的信号，意味着门店当期无任何现金流入。
2. **历史销售结构畸形：** 历史销售中，月卡（54张）与季卡（55张）占比极高，而年卡仅17张（占比仅13.1%）。长卡占比过低，导致会员生命周期短，续费压力极大，且历史沉淀的126张卡与当前仅19人的总会员数存在巨大矛盾（推测大量短卡会员已过期流失）。

**机会与行动：**
- **优先级：P0（最高）**
- **建议1：紧急设计“拉新转化卡”。** 针对0营收，立即上线“9.9元3天体验卡”或“99元两周新手卡”，配合美团等渠道强行撕开营收缺口。
- **建议2：调整长卡销售策略及提成。** 针对年卡仅17张的短板，重新制定销售提成比例，大幅提高年卡/半年卡的销售提成，引导销售卖长卡锁定长期现金流；对老会员推出“季卡升年卡补差价”活动。

---

### 4. 器械管理分析
**数据呈现：**
- 总器械26，正常24，完好率92.3%
- 维护中2，待维修2，停用0
- 报修统计：处理中1，待处理1，已关闭1，已完成4

**核心风险：**
1. **完好率尚可，但存在隐患：** 92.3%的完好率表面达标，但仍有4台器械处于非正常状态（2维护+2待修），占总量的15.3%。
2. **工单积压：** “待处理1件+处理中1件”意味着当前有2台器械处于带病或停用状态，若包含核心器械（如跑步机/史密斯机），在极低客流下将进一步恶化用户体验。

**机会与行动：**
- **优先级：P2**
- **建议1：48小时清零待处理工单。** 立即跟进“1件待处理+1件处理中”的报修，要求48小时内修复或明确修复时间表，将完好率拉升至95%以上。
- **建议2：建立巡检防损机制。** 当前仅19名会员却有6次报修记录，报修率偏高。需安排教练或保洁每日早班前进行5分钟快速巡检，避免器械“小病拖成大病”，降低维修成本。

---

### 5. 运营综合建议（按优先级排序）

当前门店的核心问题是**“流量真空与零转化”**，器械与课程问题均为次要矛盾。必须立即采取以下三步突围行动：

**【P0级 - 本周必须执行】止血与引流**
1. **破除0营收：** 立即上线低价体验卡（如9.9元单次/99元周卡），全员启动朋友圈、社群及周边社区地推，目标：本周至少产生10笔新订单。
2. **盘点流量资产：** 那126名历史售卡会员去哪了？必须调取月卡/季卡过期名单，本周内完成电话触达，用“老会员回归专属优惠”进行召回，这是成本最低的流量池。

**【P1级 - 两周内执行】降本与提效**
1. **课程瘦身：** 停排低预约课程，每日集中只开1-2节团课，保证上课氛围，降低教练无产出成本。
2. **聚焦爆款：** 将拳击/舞蹈作为引流主力，在美团/抖音上以这两类课作为主打卖点进行投放测试。

**【P2级 - 持续优化】体验保障**
1. **修复待修器械：** 扫除硬件死角，确保仅存的2位活跃会员和未来新到店会员获得100%流畅的器械体验。
2. **重塑长卡结构：** 在新流量进入后，严格管控销售动作，将年卡占比作为核心KPI考核，避免再次陷入“卖短卡-快流失-死循环”的泥潭。', '1. **破除0营收：** 立即上线低价体验卡（如9.9元单次/99元周卡），全员启动朋友圈、社群及周边社区地推，目标：本周至少产生10笔新订单。

2. **盘点流量资产：** 那126名历史售卡会员去哪了？必须调取月卡/季卡过期名单，本周内完成电话触达，用“老会员回归专属优惠”进行召回，这是成本最低的流量池。

3. **课程瘦身：** 停排低预约课程，每日集中只开1-2节团课，保证上课氛围，降低教练无产出成本。

4. **聚焦爆款：** 将拳击/舞蹈作为引流主力，在美团/抖音上以这两类课作为主打卖点进行投放测试。

5. **修复待修器械：** 扫除硬件死角，确保仅存的2位活跃会员和未来新到店会员获得100%流畅的器械体验。

6. **重塑长卡结构：** 在新流量进入后，严格管控销售动作，将年卡占比作为核心KPI考核，避免再次陷入“卖短卡-快流失-死循环”的泥潭。

', '2026-05-15 21:22:31', '2026-05-15 21:23:24.657998', '2026-05-15 21:23:24.657998', 1, false);
INSERT INTO public.analysis_report (id, report_title, analysis_type, report_content, suggestions, generate_time, create_time, update_time, create_by, is_deleted) VALUES (17, '综合分析报告', 'OVERALL', '**健身房综合运营分析报告**

**致管理层：**
当前健身房处于极度危险的“休眠”状态，核心表征为**“有基建、无流量、零转化”**。今日0营收与仅10.5%的活跃率表明门店已陷入经营停滞。以下为基于现有数据的客观分析及优先级排序的行动建议。

---

### 1. 会员运营分析
**数据呈现：**
- 总会员数：19，活跃会员数：2，活跃率：10.5%
- 本周新增：1人（05-15）

**核心风险：**
1. **存量濒临枯竭：** 仅19人的总会员基数，完全无法支撑一家配备26台器械的健身房的基础运营成本。
2. **活跃度崩盘：** 10.5%的活跃率远低于行业健康标准（通常需>40%），89.5%的会员已实质性流失或处于沉睡状态。
3. **拉新能力微弱：** 单周仅1人新增，且无到店高峰数据，说明门店外部引流渠道已失效，自然到店流量为零。

**机会与行动：**
- **优先级：P0（最高）**
- **建议1：启动“沉睡唤醒”计划。** 对17名非活跃会员进行100%一对一电话回访，排查流失原因（距离/时间/效果/服务），并赠送“1次免费私教体验课”或“7天复健卡”作为召回诱饵。
- **建议2：紧急排查流量入口。** 检查门店周边地推、线上美团/大众点评、小红书等渠道是否处于停摆状态，必须立即恢复基础曝光。

---

### 2. 课程运营分析
**数据呈现：**
- 总课程6，总预约12，平均预约2.0/课
- 拳击格斗（2课/4预约）、舞蹈操课（2课/4预约）、有氧燃脂（1课/2预约）、瑜伽普拉提（1课/2预约）

**核心风险：**
1. **排课与容量严重错配：** 平均2人/课的预约量，说明课程开设过多（6节），导致流量极度分散，单课产出极低，教练时薪成本大概率倒挂。
2. **团课缺乏爆款引流项：** 各品类预约数绝对平均（均为2人），没有形成能够吸引大量到店的“明星课程”。

**机会与行动：**
- **优先级：P1**
- **建议1：大幅缩减排课频次。** 在当前日均不足2人预约的情况下，将每日团课压缩至1-2节，将同品类课程合并（如将2节拳击合并为1节），确保单课上课人数达到5人以上再开课，降低教练空耗成本。
- **建议2：打造单点爆款。** 鉴于拳击格斗与舞蹈操课各占1/3预约量，建议集中资源在这两个方向打造1节“零基础体验课”，作为外部拉新的核心抓手。

---

### 3. 萣收分析
**数据呈现：**
- 今日订单数：0，今日营收：0
- 会员卡销售历史：月卡54张，季卡55张，年卡17张
- 营收趋势：暂无数据

**核心风险：**
1. **现金流断裂预警：** 今日0营收是极其危险的信号，意味着门店当期无任何现金流入。
2. **历史销售结构畸形：** 历史销售中，月卡（54张）与季卡（55张）占比极高，而年卡仅17张（占比仅13.1%）。长卡占比过低，导致会员生命周期短，续费压力极大，且历史沉淀的126张卡与当前仅19人的总会员数存在巨大矛盾（推测大量短卡会员已过期流失）。

**机会与行动：**
- **优先级：P0（最高）**
- **建议1：紧急设计“拉新转化卡”。** 针对0营收，立即上线“9.9元3天体验卡”或“99元两周新手卡”，配合美团等渠道强行撕开营收缺口。
- **建议2：调整长卡销售策略及提成。** 针对年卡仅17张的短板，重新制定销售提成比例，大幅提高年卡/半年卡的销售提成，引导销售卖长卡锁定长期现金流；对老会员推出“季卡升年卡补差价”活动。

---

### 4. 器械管理分析
**数据呈现：**
- 总器械26，正常24，完好率92.3%
- 维护中2，待维修2，停用0
- 报修统计：处理中1，待处理1，已关闭1，已完成4

**核心风险：**
1. **完好率尚可，但存在隐患：** 92.3%的完好率表面达标，但仍有4台器械处于非正常状态（2维护+2待修），占总量的15.3%。
2. **工单积压：** “待处理1件+处理中1件”意味着当前有2台器械处于带病或停用状态，若包含核心器械（如跑步机/史密斯机），在极低客流下将进一步恶化用户体验。

**机会与行动：**
- **优先级：P2**
- **建议1：48小时清零待处理工单。** 立即跟进“1件待处理+1件处理中”的报修，要求48小时内修复或明确修复时间表，将完好率拉升至95%以上。
- **建议2：建立巡检防损机制。** 当前仅19名会员却有6次报修记录，报修率偏高。需安排教练或保洁每日早班前进行5分钟快速巡检，避免器械“小病拖成大病”，降低维修成本。

---

### 5. 运营综合建议（按优先级排序）

当前门店的核心问题是**“流量真空与零转化”**，器械与课程问题均为次要矛盾。必须立即采取以下三步突围行动：

**【P0级 - 本周必须执行】止血与引流**
1. **破除0营收：** 立即上线低价体验卡（如9.9元单次/99元周卡），全员启动朋友圈、社群及周边社区地推，目标：本周至少产生10笔新订单。
2. **盘点流量资产：** 那126名历史售卡会员去哪了？必须调取月卡/季卡过期名单，本周内完成电话触达，用“老会员回归专属优惠”进行召回，这是成本最低的流量池。

**【P1级 - 两周内执行】降本与提效**
1. **课程瘦身：** 停排低预约课程，每日集中只开1-2节团课，保证上课氛围，降低教练无产出成本。
2. **聚焦爆款：** 将拳击/舞蹈作为引流主力，在美团/抖音上以这两类课作为主打卖点进行投放测试。

**【P2级 - 持续优化】体验保障**
1. **修复待修器械：** 扫除硬件死角，确保仅存的2位活跃会员和未来新到店会员获得100%流畅的器械体验。
2. **重塑长卡结构：** 在新流量进入后，严格管控销售动作，将年卡占比作为核心KPI考核，避免再次陷入“卖短卡-快流失-死循环”的泥潭。', '1. **破除0营收：** 立即上线低价体验卡（如9.9元单次/99元周卡），全员启动朋友圈、社群及周边社区地推，目标：本周至少产生10笔新订单。

2. **盘点流量资产：** 那126名历史售卡会员去哪了？必须调取月卡/季卡过期名单，本周内完成电话触达，用“老会员回归专属优惠”进行召回，这是成本最低的流量池。

3. **课程瘦身：** 停排低预约课程，每日集中只开1-2节团课，保证上课氛围，降低教练无产出成本。

4. **聚焦爆款：** 将拳击/舞蹈作为引流主力，在美团/抖音上以这两类课作为主打卖点进行投放测试。

5. **修复待修器械：** 扫除硬件死角，确保仅存的2位活跃会员和未来新到店会员获得100%流畅的器械体验。

6. **重塑长卡结构：** 在新流量进入后，严格管控销售动作，将年卡占比作为核心KPI考核，避免再次陷入“卖短卡-快流失-死循环”的泥潭。

', '2026-05-15 21:22:31', '2026-05-15 21:23:37.412766', '2026-05-15 21:23:37.412766', 1, false);
INSERT INTO public.analysis_report (id, report_title, analysis_type, report_content, suggestions, generate_time, create_time, update_time, create_by, is_deleted) VALUES (18, '综合分析报告', 'OVERALL', '**健身房综合运营分析报告**

**致管理层：**
当前健身房处于极度危险的“休眠”状态，核心表征为**“有基建、无流量、零转化”**。今日0营收与仅10.5%的活跃率表明门店已陷入经营停滞。以下为基于现有数据的客观分析及优先级排序的行动建议。

---

### 1. 会员运营分析
**数据呈现：**
- 总会员数：19，活跃会员数：2，活跃率：10.5%
- 本周新增：1人（05-15）

**核心风险：**
1. **存量濒临枯竭：** 仅19人的总会员基数，完全无法支撑一家配备26台器械的健身房的基础运营成本。
2. **活跃度崩盘：** 10.5%的活跃率远低于行业健康标准（通常需>40%），89.5%的会员已实质性流失或处于沉睡状态。
3. **拉新能力微弱：** 单周仅1人新增，且无到店高峰数据，说明门店外部引流渠道已失效，自然到店流量为零。

**机会与行动：**
- **优先级：P0（最高）**
- **建议1：启动“沉睡唤醒”计划。** 对17名非活跃会员进行100%一对一电话回访，排查流失原因（距离/时间/效果/服务），并赠送“1次免费私教体验课”或“7天复健卡”作为召回诱饵。
- **建议2：紧急排查流量入口。** 检查门店周边地推、线上美团/大众点评、小红书等渠道是否处于停摆状态，必须立即恢复基础曝光。

---

### 2. 课程运营分析
**数据呈现：**
- 总课程6，总预约12，平均预约2.0/课
- 拳击格斗（2课/4预约）、舞蹈操课（2课/4预约）、有氧燃脂（1课/2预约）、瑜伽普拉提（1课/2预约）

**核心风险：**
1. **排课与容量严重错配：** 平均2人/课的预约量，说明课程开设过多（6节），导致流量极度分散，单课产出极低，教练时薪成本大概率倒挂。
2. **团课缺乏爆款引流项：** 各品类预约数绝对平均（均为2人），没有形成能够吸引大量到店的“明星课程”。

**机会与行动：**
- **优先级：P1**
- **建议1：大幅缩减排课频次。** 在当前日均不足2人预约的情况下，将每日团课压缩至1-2节，将同品类课程合并（如将2节拳击合并为1节），确保单课上课人数达到5人以上再开课，降低教练空耗成本。
- **建议2：打造单点爆款。** 鉴于拳击格斗与舞蹈操课各占1/3预约量，建议集中资源在这两个方向打造1节“零基础体验课”，作为外部拉新的核心抓手。

---

### 3. 萣收分析
**数据呈现：**
- 今日订单数：0，今日营收：0
- 会员卡销售历史：月卡54张，季卡55张，年卡17张
- 营收趋势：暂无数据

**核心风险：**
1. **现金流断裂预警：** 今日0营收是极其危险的信号，意味着门店当期无任何现金流入。
2. **历史销售结构畸形：** 历史销售中，月卡（54张）与季卡（55张）占比极高，而年卡仅17张（占比仅13.1%）。长卡占比过低，导致会员生命周期短，续费压力极大，且历史沉淀的126张卡与当前仅19人的总会员数存在巨大矛盾（推测大量短卡会员已过期流失）。

**机会与行动：**
- **优先级：P0（最高）**
- **建议1：紧急设计“拉新转化卡”。** 针对0营收，立即上线“9.9元3天体验卡”或“99元两周新手卡”，配合美团等渠道强行撕开营收缺口。
- **建议2：调整长卡销售策略及提成。** 针对年卡仅17张的短板，重新制定销售提成比例，大幅提高年卡/半年卡的销售提成，引导销售卖长卡锁定长期现金流；对老会员推出“季卡升年卡补差价”活动。

---

### 4. 器械管理分析
**数据呈现：**
- 总器械26，正常24，完好率92.3%
- 维护中2，待维修2，停用0
- 报修统计：处理中1，待处理1，已关闭1，已完成4

**核心风险：**
1. **完好率尚可，但存在隐患：** 92.3%的完好率表面达标，但仍有4台器械处于非正常状态（2维护+2待修），占总量的15.3%。
2. **工单积压：** “待处理1件+处理中1件”意味着当前有2台器械处于带病或停用状态，若包含核心器械（如跑步机/史密斯机），在极低客流下将进一步恶化用户体验。

**机会与行动：**
- **优先级：P2**
- **建议1：48小时清零待处理工单。** 立即跟进“1件待处理+1件处理中”的报修，要求48小时内修复或明确修复时间表，将完好率拉升至95%以上。
- **建议2：建立巡检防损机制。** 当前仅19名会员却有6次报修记录，报修率偏高。需安排教练或保洁每日早班前进行5分钟快速巡检，避免器械“小病拖成大病”，降低维修成本。

---

### 5. 运营综合建议（按优先级排序）

当前门店的核心问题是**“流量真空与零转化”**，器械与课程问题均为次要矛盾。必须立即采取以下三步突围行动：

**【P0级 - 本周必须执行】止血与引流**
1. **破除0营收：** 立即上线低价体验卡（如9.9元单次/99元周卡），全员启动朋友圈、社群及周边社区地推，目标：本周至少产生10笔新订单。
2. **盘点流量资产：** 那126名历史售卡会员去哪了？必须调取月卡/季卡过期名单，本周内完成电话触达，用“老会员回归专属优惠”进行召回，这是成本最低的流量池。

**【P1级 - 两周内执行】降本与提效**
1. **课程瘦身：** 停排低预约课程，每日集中只开1-2节团课，保证上课氛围，降低教练无产出成本。
2. **聚焦爆款：** 将拳击/舞蹈作为引流主力，在美团/抖音上以这两类课作为主打卖点进行投放测试。

**【P2级 - 持续优化】体验保障**
1. **修复待修器械：** 扫除硬件死角，确保仅存的2位活跃会员和未来新到店会员获得100%流畅的器械体验。
2. **重塑长卡结构：** 在新流量进入后，严格管控销售动作，将年卡占比作为核心KPI考核，避免再次陷入“卖短卡-快流失-死循环”的泥潭。', '1. **破除0营收：** 立即上线低价体验卡（如9.9元单次/99元周卡），全员启动朋友圈、社群及周边社区地推，目标：本周至少产生10笔新订单。

2. **盘点流量资产：** 那126名历史售卡会员去哪了？必须调取月卡/季卡过期名单，本周内完成电话触达，用“老会员回归专属优惠”进行召回，这是成本最低的流量池。

3. **课程瘦身：** 停排低预约课程，每日集中只开1-2节团课，保证上课氛围，降低教练无产出成本。

4. **聚焦爆款：** 将拳击/舞蹈作为引流主力，在美团/抖音上以这两类课作为主打卖点进行投放测试。

5. **修复待修器械：** 扫除硬件死角，确保仅存的2位活跃会员和未来新到店会员获得100%流畅的器械体验。

6. **重塑长卡结构：** 在新流量进入后，严格管控销售动作，将年卡占比作为核心KPI考核，避免再次陷入“卖短卡-快流失-死循环”的泥潭。

', '2026-05-15 21:22:31', '2026-05-15 21:31:09.901669', '2026-05-15 21:31:09.901669', 1, false);
INSERT INTO public.analysis_report (id, report_title, analysis_type, report_content, suggestions, generate_time, create_time, update_time, create_by, is_deleted) VALUES (21, '综合分析报告', 'OVERALL', '**健身房综合运营分析报告**

**致管理层：**
当前健身房处于极度危险的“休眠”状态，核心表征为**“有基建、无流量、零转化”**。今日0营收与仅10.5%的活跃率表明门店已陷入经营停滞。以下为基于现有数据的客观分析及优先级排序的行动建议。

---

### 1. 会员运营分析
**数据呈现：**
- 总会员数：19，活跃会员数：2，活跃率：10.5%
- 本周新增：1人（05-15）

**核心风险：**
1. **存量濒临枯竭：** 仅19人的总会员基数，完全无法支撑一家配备26台器械的健身房的基础运营成本。
2. **活跃度崩盘：** 10.5%的活跃率远低于行业健康标准（通常需>40%），89.5%的会员已实质性流失或处于沉睡状态。
3. **拉新能力微弱：** 单周仅1人新增，且无到店高峰数据，说明门店外部引流渠道已失效，自然到店流量为零。

**机会与行动：**
- **优先级：P0（最高）**
- **建议1：启动“沉睡唤醒”计划。** 对17名非活跃会员进行100%一对一电话回访，排查流失原因（距离/时间/效果/服务），并赠送“1次免费私教体验课”或“7天复健卡”作为召回诱饵。
- **建议2：紧急排查流量入口。** 检查门店周边地推、线上美团/大众点评、小红书等渠道是否处于停摆状态，必须立即恢复基础曝光。

---

### 2. 课程运营分析
**数据呈现：**
- 总课程6，总预约12，平均预约2.0/课
- 拳击格斗（2课/4预约）、舞蹈操课（2课/4预约）、有氧燃脂（1课/2预约）、瑜伽普拉提（1课/2预约）

**核心风险：**
1. **排课与容量严重错配：** 平均2人/课的预约量，说明课程开设过多（6节），导致流量极度分散，单课产出极低，教练时薪成本大概率倒挂。
2. **团课缺乏爆款引流项：** 各品类预约数绝对平均（均为2人），没有形成能够吸引大量到店的“明星课程”。

**机会与行动：**
- **优先级：P1**
- **建议1：大幅缩减排课频次。** 在当前日均不足2人预约的情况下，将每日团课压缩至1-2节，将同品类课程合并（如将2节拳击合并为1节），确保单课上课人数达到5人以上再开课，降低教练空耗成本。
- **建议2：打造单点爆款。** 鉴于拳击格斗与舞蹈操课各占1/3预约量，建议集中资源在这两个方向打造1节“零基础体验课”，作为外部拉新的核心抓手。

---

### 3. 萣收分析
**数据呈现：**
- 今日订单数：0，今日营收：0
- 会员卡销售历史：月卡54张，季卡55张，年卡17张
- 营收趋势：暂无数据

**核心风险：**
1. **现金流断裂预警：** 今日0营收是极其危险的信号，意味着门店当期无任何现金流入。
2. **历史销售结构畸形：** 历史销售中，月卡（54张）与季卡（55张）占比极高，而年卡仅17张（占比仅13.1%）。长卡占比过低，导致会员生命周期短，续费压力极大，且历史沉淀的126张卡与当前仅19人的总会员数存在巨大矛盾（推测大量短卡会员已过期流失）。

**机会与行动：**
- **优先级：P0（最高）**
- **建议1：紧急设计“拉新转化卡”。** 针对0营收，立即上线“9.9元3天体验卡”或“99元两周新手卡”，配合美团等渠道强行撕开营收缺口。
- **建议2：调整长卡销售策略及提成。** 针对年卡仅17张的短板，重新制定销售提成比例，大幅提高年卡/半年卡的销售提成，引导销售卖长卡锁定长期现金流；对老会员推出“季卡升年卡补差价”活动。

---

### 4. 器械管理分析
**数据呈现：**
- 总器械26，正常24，完好率92.3%
- 维护中2，待维修2，停用0
- 报修统计：处理中1，待处理1，已关闭1，已完成4

**核心风险：**
1. **完好率尚可，但存在隐患：** 92.3%的完好率表面达标，但仍有4台器械处于非正常状态（2维护+2待修），占总量的15.3%。
2. **工单积压：** “待处理1件+处理中1件”意味着当前有2台器械处于带病或停用状态，若包含核心器械（如跑步机/史密斯机），在极低客流下将进一步恶化用户体验。

**机会与行动：**
- **优先级：P2**
- **建议1：48小时清零待处理工单。** 立即跟进“1件待处理+1件处理中”的报修，要求48小时内修复或明确修复时间表，将完好率拉升至95%以上。
- **建议2：建立巡检防损机制。** 当前仅19名会员却有6次报修记录，报修率偏高。需安排教练或保洁每日早班前进行5分钟快速巡检，避免器械“小病拖成大病”，降低维修成本。

---

### 5. 运营综合建议（按优先级排序）

当前门店的核心问题是**“流量真空与零转化”**，器械与课程问题均为次要矛盾。必须立即采取以下三步突围行动：

**【P0级 - 本周必须执行】止血与引流**
1. **破除0营收：** 立即上线低价体验卡（如9.9元单次/99元周卡），全员启动朋友圈、社群及周边社区地推，目标：本周至少产生10笔新订单。
2. **盘点流量资产：** 那126名历史售卡会员去哪了？必须调取月卡/季卡过期名单，本周内完成电话触达，用“老会员回归专属优惠”进行召回，这是成本最低的流量池。

**【P1级 - 两周内执行】降本与提效**
1. **课程瘦身：** 停排低预约课程，每日集中只开1-2节团课，保证上课氛围，降低教练无产出成本。
2. **聚焦爆款：** 将拳击/舞蹈作为引流主力，在美团/抖音上以这两类课作为主打卖点进行投放测试。

**【P2级 - 持续优化】体验保障**
1. **修复待修器械：** 扫除硬件死角，确保仅存的2位活跃会员和未来新到店会员获得100%流畅的器械体验。
2. **重塑长卡结构：** 在新流量进入后，严格管控销售动作，将年卡占比作为核心KPI考核，避免再次陷入“卖短卡-快流失-死循环”的泥潭。', '1. **破除0营收：** 立即上线低价体验卡（如9.9元单次/99元周卡），全员启动朋友圈、社群及周边社区地推，目标：本周至少产生10笔新订单。

2. **盘点流量资产：** 那126名历史售卡会员去哪了？必须调取月卡/季卡过期名单，本周内完成电话触达，用“老会员回归专属优惠”进行召回，这是成本最低的流量池。

3. **课程瘦身：** 停排低预约课程，每日集中只开1-2节团课，保证上课氛围，降低教练无产出成本。

4. **聚焦爆款：** 将拳击/舞蹈作为引流主力，在美团/抖音上以这两类课作为主打卖点进行投放测试。

5. **修复待修器械：** 扫除硬件死角，确保仅存的2位活跃会员和未来新到店会员获得100%流畅的器械体验。

6. **重塑长卡结构：** 在新流量进入后，严格管控销售动作，将年卡占比作为核心KPI考核，避免再次陷入“卖短卡-快流失-死循环”的泥潭。

', '2026-05-15 21:22:31', '2026-05-15 21:31:12.11686', '2026-05-15 21:31:12.11686', 1, false);
INSERT INTO public.analysis_report (id, report_title, analysis_type, report_content, suggestions, generate_time, create_time, update_time, create_by, is_deleted) VALUES (22, '综合分析报告', 'OVERALL', '# 健身房综合运营分析报告

**致管理层：**
当前健身房处于极度危险的“休克状态”，今日零营收、极低的会员活跃率是生存红线。本报告直击核心痛点，所有建议均以“止血求生、激活存量”为最高优先级，不谈长远空话，只给当下解法。

---

## 1. 会员运营分析

**数据表现：**
- 总会员数19人，活跃会员仅2人，活跃率10.5%（行业健康标准为30%以上）。
- 本周仅05-15新增1人，增长近乎停滞。

**核心风险：**
- **高流失/低活跃风险**：89.5%的会员处于沉睡状态，若不干预，这19人将彻底流失，前期获客成本全部沉没。
- **零新增风险**：缺乏新客流入，池子干涸。

**机会与优先级：**
- **优先级：P0（最高）**。没有活跃度就没有一切，当前首要任务是“唤醒死人”而非“盲目拉新”。

**可执行建议：**
1. **立即启动1对1唤醒行动**：店长与教练今天必须对17名非活跃会员进行电话/微信回访，询问未到店原因（距离？时间？效果？器械故障？），并记录归档。
2. **发放“无门槛回归福利”**：向沉睡会员推送一张“7天免费重启卡”或“1节免费私教体验课”，降低他们再次到店的决策门槛。
3. **建立到店激励**：对仅有的2名活跃会员给予关怀（如赠送运动饮料/毛巾），鼓励他们带朋友来体验（以老带新，低成本获客）。

---

## 2. 课程运营分析

**数据表现：**
- 总课程6节，总预约12次，平均每课2人。
- 拳击格斗与舞蹈操课各2节/4预约（单课2人）；有氧与瑜伽各1节/2预约（单课2人）。

**核心风险：**
- **团课濒临亏损线**：单课2人的预约量，教练课时费与场地成本极大概率倒挂，开课即亏钱。

**机会与优先级：**
- **优先级：P1**。虽然人数少，但拳击和舞蹈有4次预约，说明这8个人有明确的上课偏好，是破局切入点。

**可执行建议：**
1. **合并同类项，缩减排课**：将单课预约低于3人的课程进行合并开课（如将两节拳击课合为一节），或改为小班私教课，降低教练成本支出。
2. **集中火力推爆款课**：暂停转化率低的新课研发，将营销资源全部倾斜在“拳击格斗”和“舞蹈操课”上，用这两类课作为拉新引流课。
3. **实行预约满3人开课制**：立即执行成本控制规则，预约未达3人的团课提前2小时通知取消，引导会员转练器械或改期，止损。

---

## 3. 营收分析

**数据表现：**
- 今日订单数0，今日营收0。
- 会员卡历史销售：月卡88张、季卡31张、年卡20张。
- 营收趋势与到店高峰：暂无数据。

**核心风险：**
- **现金流断裂风险**：今日零营收是致命警报，门店日常水电房租正在纯消耗。
- **数据缺失风险**：无营收趋势和高峰时段数据，等于蒙眼狂奔，无法做任何精准营销排期。
- **卡种结构隐患**：历史销售中月卡占比极高（88/139），说明长期留存极差，会员大多只体验1个月就走。

**机会与优先级：**
- **优先级：P0**。零营收必须立刻终结。

**可执行建议：**
1. **今日必须破零**：即使卖出一瓶水、一张单次体验卡，也要产生交易，恢复门店的交易气场。可推出“9.9元单次体验日”活动在周边社群秒杀。
2. **排查系统与收银**：确认今日0订单是否为系统故障或收银遗漏，确保交易通道顺畅。
3. **强推季卡/年卡转化**：针对目前仅有的2名活跃会员，以及回访中有意向的沉睡会员，推出“月卡升季卡补差价”活动，锁定长期现金流。
4. **强制记录高峰数据**：从明天起，前台必须手动记录每半小时的到店人数，连续记录7天，找出真实客流高峰，用于后续排课和营销。

---

## 4. 器械管理分析

**数据表现：**
- 总器械26台，完好率92.3%（正常24台）。
- 维护中2台，待维修2台，停用0台。
- 报修统计：待处理1件，处理中1件，已完成4件，已关闭1件。

**核心风险：**
- **体验下降风险**：4台器械无法使用（占比15.3%），在总会员少、器械本就充足的情况下，若故障器械恰好是热门器械（如史密斯机、跑步机），会直接成为会员不到店的借口。
- **工单积压风险**：有1件报修“待处理”，响应速度不够。

**机会与优先级：**
- **优先级：P2**。器械完好率尚可，但需快速修复以防微杜渐。

**可执行建议：**
1. **48小时清零“待处理”与“处理中”**：要求维修方或内部技师在48小时内解决这2台待修/维护中的器械，恢复100%完好率。
2. **排查故障器械类型**：立刻确认这4台故障器械是否为核心有氧（跑步机/椭圆机）或核心力量器械。如果是，必须加急维修；如果是冷门器械，可暂缓但需贴上醒目的“升级维护中”告示，避免会员体验落差。
3. **设立前台巡检机制**：每天早班前10分钟，前台或教练快速巡视所有器械，发现问题当场提单，避免会员使用时才发现坏了。

---

## 5. 运营综合建议（行动路线图）

当前门店处于**“极低流量-零营收-成本空转”**的恶性循环，不能按常规套路运营，必须采取休克疗法。

**【本周紧急行动清单】**

- **Day 1（今天）：止血与破零**
  - 推出9.9元周边社区单次体验卡，务必产生至少1笔今日营收。
  - 前台与教练开始拨打17名沉睡会员电话，送7天重启卡。
  - 处理积压的1件待维修器械工单。

- **Day 2-3：降本与聚焦**
  - 实行“满3人开课”规则，低预约团课果断合并或取消，节省教练课时费。
  - 记录到店人数，找出哪几个小时有人来。

- **Day 4-7：转化与拉新**
  - 针对被唤醒到店的会员，以及9.9元体验客，用“拳击/舞蹈”这两类已有偏好的课作为体验项目。
  - 体验后立刻推销季卡（月卡升季卡特惠），锁住现金流。

**核心结论**：门店现在的首要问题不是“如何做大”，而是“如何活下去”。用**极低成本（电话回访/9.9体验卡）**唤醒老客、吸引新客到店，用**爆款课（拳击/舞蹈）**留住他们，用**季卡升级**收割现金流，这是当前唯一的自救路径。', '1. **Day 1（今天）：止血与破零**

2. 推出9.9元周边社区单次体验卡，务必产生至少1笔今日营收。

3. 前台与教练开始拨打17名沉睡会员电话，送7天重启卡。

4. 处理积压的1件待维修器械工单。

5. **Day 2-3：降本与聚焦**

6. 实行“满3人开课”规则，低预约团课果断合并或取消，节省教练课时费。

7. 记录到店人数，找出哪几个小时有人来。

8. **Day 4-7：转化与拉新**

9. 针对被唤醒到店的会员，以及9.9元体验客，用“拳击/舞蹈”这两类已有偏好的课作为体验项目。

10. 体验后立刻推销季卡（月卡升季卡特惠），锁住现金流。

', '2026-05-15 21:32:04', '2026-05-15 21:34:06.818632', '2026-05-15 21:34:06.818632', 1, false);
INSERT INTO public.analysis_report (id, report_title, analysis_type, report_content, suggestions, generate_time, create_time, update_time, create_by, is_deleted) VALUES (23, '综合分析报告', 'OVERALL', '# 健身房综合运营分析报告

**致管理层：**
当前健身房处于极度危险的“休克状态”，今日零营收、极低的会员活跃率是生存红线。本报告直击核心痛点，所有建议均以“止血求生、激活存量”为最高优先级，不谈长远空话，只给当下解法。

---

## 1. 会员运营分析

**数据表现：**
- 总会员数19人，活跃会员仅2人，活跃率10.5%（行业健康标准为30%以上）。
- 本周仅05-15新增1人，增长近乎停滞。

**核心风险：**
- **高流失/低活跃风险**：89.5%的会员处于沉睡状态，若不干预，这19人将彻底流失，前期获客成本全部沉没。
- **零新增风险**：缺乏新客流入，池子干涸。

**机会与优先级：**
- **优先级：P0（最高）**。没有活跃度就没有一切，当前首要任务是“唤醒死人”而非“盲目拉新”。

**可执行建议：**
1. **立即启动1对1唤醒行动**：店长与教练今天必须对17名非活跃会员进行电话/微信回访，询问未到店原因（距离？时间？效果？器械故障？），并记录归档。
2. **发放“无门槛回归福利”**：向沉睡会员推送一张“7天免费重启卡”或“1节免费私教体验课”，降低他们再次到店的决策门槛。
3. **建立到店激励**：对仅有的2名活跃会员给予关怀（如赠送运动饮料/毛巾），鼓励他们带朋友来体验（以老带新，低成本获客）。

---

## 2. 课程运营分析

**数据表现：**
- 总课程6节，总预约12次，平均每课2人。
- 拳击格斗与舞蹈操课各2节/4预约（单课2人）；有氧与瑜伽各1节/2预约（单课2人）。

**核心风险：**
- **团课濒临亏损线**：单课2人的预约量，教练课时费与场地成本极大概率倒挂，开课即亏钱。

**机会与优先级：**
- **优先级：P1**。虽然人数少，但拳击和舞蹈有4次预约，说明这8个人有明确的上课偏好，是破局切入点。

**可执行建议：**
1. **合并同类项，缩减排课**：将单课预约低于3人的课程进行合并开课（如将两节拳击课合为一节），或改为小班私教课，降低教练成本支出。
2. **集中火力推爆款课**：暂停转化率低的新课研发，将营销资源全部倾斜在“拳击格斗”和“舞蹈操课”上，用这两类课作为拉新引流课。
3. **实行预约满3人开课制**：立即执行成本控制规则，预约未达3人的团课提前2小时通知取消，引导会员转练器械或改期，止损。

---

## 3. 营收分析

**数据表现：**
- 今日订单数0，今日营收0。
- 会员卡历史销售：月卡88张、季卡31张、年卡20张。
- 营收趋势与到店高峰：暂无数据。

**核心风险：**
- **现金流断裂风险**：今日零营收是致命警报，门店日常水电房租正在纯消耗。
- **数据缺失风险**：无营收趋势和高峰时段数据，等于蒙眼狂奔，无法做任何精准营销排期。
- **卡种结构隐患**：历史销售中月卡占比极高（88/139），说明长期留存极差，会员大多只体验1个月就走。

**机会与优先级：**
- **优先级：P0**。零营收必须立刻终结。

**可执行建议：**
1. **今日必须破零**：即使卖出一瓶水、一张单次体验卡，也要产生交易，恢复门店的交易气场。可推出“9.9元单次体验日”活动在周边社群秒杀。
2. **排查系统与收银**：确认今日0订单是否为系统故障或收银遗漏，确保交易通道顺畅。
3. **强推季卡/年卡转化**：针对目前仅有的2名活跃会员，以及回访中有意向的沉睡会员，推出“月卡升季卡补差价”活动，锁定长期现金流。
4. **强制记录高峰数据**：从明天起，前台必须手动记录每半小时的到店人数，连续记录7天，找出真实客流高峰，用于后续排课和营销。

---

## 4. 器械管理分析

**数据表现：**
- 总器械26台，完好率92.3%（正常24台）。
- 维护中2台，待维修2台，停用0台。
- 报修统计：待处理1件，处理中1件，已完成4件，已关闭1件。

**核心风险：**
- **体验下降风险**：4台器械无法使用（占比15.3%），在总会员少、器械本就充足的情况下，若故障器械恰好是热门器械（如史密斯机、跑步机），会直接成为会员不到店的借口。
- **工单积压风险**：有1件报修“待处理”，响应速度不够。

**机会与优先级：**
- **优先级：P2**。器械完好率尚可，但需快速修复以防微杜渐。

**可执行建议：**
1. **48小时清零“待处理”与“处理中”**：要求维修方或内部技师在48小时内解决这2台待修/维护中的器械，恢复100%完好率。
2. **排查故障器械类型**：立刻确认这4台故障器械是否为核心有氧（跑步机/椭圆机）或核心力量器械。如果是，必须加急维修；如果是冷门器械，可暂缓但需贴上醒目的“升级维护中”告示，避免会员体验落差。
3. **设立前台巡检机制**：每天早班前10分钟，前台或教练快速巡视所有器械，发现问题当场提单，避免会员使用时才发现坏了。

---

## 5. 运营综合建议（行动路线图）

当前门店处于**“极低流量-零营收-成本空转”**的恶性循环，不能按常规套路运营，必须采取休克疗法。

**【本周紧急行动清单】**

- **Day 1（今天）：止血与破零**
  - 推出9.9元周边社区单次体验卡，务必产生至少1笔今日营收。
  - 前台与教练开始拨打17名沉睡会员电话，送7天重启卡。
  - 处理积压的1件待维修器械工单。

- **Day 2-3：降本与聚焦**
  - 实行“满3人开课”规则，低预约团课果断合并或取消，节省教练课时费。
  - 记录到店人数，找出哪几个小时有人来。

- **Day 4-7：转化与拉新**
  - 针对被唤醒到店的会员，以及9.9元体验客，用“拳击/舞蹈”这两类已有偏好的课作为体验项目。
  - 体验后立刻推销季卡（月卡升季卡特惠），锁住现金流。

**核心结论**：门店现在的首要问题不是“如何做大”，而是“如何活下去”。用**极低成本（电话回访/9.9体验卡）**唤醒老客、吸引新客到店，用**爆款课（拳击/舞蹈）**留住他们，用**季卡升级**收割现金流，这是当前唯一的自救路径。', '1. **Day 1（今天）：止血与破零**

2. 推出9.9元周边社区单次体验卡，务必产生至少1笔今日营收。

3. 前台与教练开始拨打17名沉睡会员电话，送7天重启卡。

4. 处理积压的1件待维修器械工单。

5. **Day 2-3：降本与聚焦**

6. 实行“满3人开课”规则，低预约团课果断合并或取消，节省教练课时费。

7. 记录到店人数，找出哪几个小时有人来。

8. **Day 4-7：转化与拉新**

9. 针对被唤醒到店的会员，以及9.9元体验客，用“拳击/舞蹈”这两类已有偏好的课作为体验项目。

10. 体验后立刻推销季卡（月卡升季卡特惠），锁住现金流。

', '2026-05-15 21:32:04', '2026-05-15 21:34:07.865735', '2026-05-15 21:34:07.865735', 1, false);
INSERT INTO public.analysis_report (id, report_title, analysis_type, report_content, suggestions, generate_time, create_time, update_time, create_by, is_deleted) VALUES (19, '综合分析报告', 'OVERALL', '**健身房综合运营分析报告**

**致管理层：**
当前健身房处于极度危险的“休眠”状态，核心表征为**“有基建、无流量、零转化”**。今日0营收与仅10.5%的活跃率表明门店已陷入经营停滞。以下为基于现有数据的客观分析及优先级排序的行动建议。

---

### 1. 会员运营分析
**数据呈现：**
- 总会员数：19，活跃会员数：2，活跃率：10.5%
- 本周新增：1人（05-15）

**核心风险：**
1. **存量濒临枯竭：** 仅19人的总会员基数，完全无法支撑一家配备26台器械的健身房的基础运营成本。
2. **活跃度崩盘：** 10.5%的活跃率远低于行业健康标准（通常需>40%），89.5%的会员已实质性流失或处于沉睡状态。
3. **拉新能力微弱：** 单周仅1人新增，且无到店高峰数据，说明门店外部引流渠道已失效，自然到店流量为零。

**机会与行动：**
- **优先级：P0（最高）**
- **建议1：启动“沉睡唤醒”计划。** 对17名非活跃会员进行100%一对一电话回访，排查流失原因（距离/时间/效果/服务），并赠送“1次免费私教体验课”或“7天复健卡”作为召回诱饵。
- **建议2：紧急排查流量入口。** 检查门店周边地推、线上美团/大众点评、小红书等渠道是否处于停摆状态，必须立即恢复基础曝光。

---

### 2. 课程运营分析
**数据呈现：**
- 总课程6，总预约12，平均预约2.0/课
- 拳击格斗（2课/4预约）、舞蹈操课（2课/4预约）、有氧燃脂（1课/2预约）、瑜伽普拉提（1课/2预约）

**核心风险：**
1. **排课与容量严重错配：** 平均2人/课的预约量，说明课程开设过多（6节），导致流量极度分散，单课产出极低，教练时薪成本大概率倒挂。
2. **团课缺乏爆款引流项：** 各品类预约数绝对平均（均为2人），没有形成能够吸引大量到店的“明星课程”。

**机会与行动：**
- **优先级：P1**
- **建议1：大幅缩减排课频次。** 在当前日均不足2人预约的情况下，将每日团课压缩至1-2节，将同品类课程合并（如将2节拳击合并为1节），确保单课上课人数达到5人以上再开课，降低教练空耗成本。
- **建议2：打造单点爆款。** 鉴于拳击格斗与舞蹈操课各占1/3预约量，建议集中资源在这两个方向打造1节“零基础体验课”，作为外部拉新的核心抓手。

---

### 3. 萣收分析
**数据呈现：**
- 今日订单数：0，今日营收：0
- 会员卡销售历史：月卡54张，季卡55张，年卡17张
- 营收趋势：暂无数据

**核心风险：**
1. **现金流断裂预警：** 今日0营收是极其危险的信号，意味着门店当期无任何现金流入。
2. **历史销售结构畸形：** 历史销售中，月卡（54张）与季卡（55张）占比极高，而年卡仅17张（占比仅13.1%）。长卡占比过低，导致会员生命周期短，续费压力极大，且历史沉淀的126张卡与当前仅19人的总会员数存在巨大矛盾（推测大量短卡会员已过期流失）。

**机会与行动：**
- **优先级：P0（最高）**
- **建议1：紧急设计“拉新转化卡”。** 针对0营收，立即上线“9.9元3天体验卡”或“99元两周新手卡”，配合美团等渠道强行撕开营收缺口。
- **建议2：调整长卡销售策略及提成。** 针对年卡仅17张的短板，重新制定销售提成比例，大幅提高年卡/半年卡的销售提成，引导销售卖长卡锁定长期现金流；对老会员推出“季卡升年卡补差价”活动。

---

### 4. 器械管理分析
**数据呈现：**
- 总器械26，正常24，完好率92.3%
- 维护中2，待维修2，停用0
- 报修统计：处理中1，待处理1，已关闭1，已完成4

**核心风险：**
1. **完好率尚可，但存在隐患：** 92.3%的完好率表面达标，但仍有4台器械处于非正常状态（2维护+2待修），占总量的15.3%。
2. **工单积压：** “待处理1件+处理中1件”意味着当前有2台器械处于带病或停用状态，若包含核心器械（如跑步机/史密斯机），在极低客流下将进一步恶化用户体验。

**机会与行动：**
- **优先级：P2**
- **建议1：48小时清零待处理工单。** 立即跟进“1件待处理+1件处理中”的报修，要求48小时内修复或明确修复时间表，将完好率拉升至95%以上。
- **建议2：建立巡检防损机制。** 当前仅19名会员却有6次报修记录，报修率偏高。需安排教练或保洁每日早班前进行5分钟快速巡检，避免器械“小病拖成大病”，降低维修成本。

---

### 5. 运营综合建议（按优先级排序）

当前门店的核心问题是**“流量真空与零转化”**，器械与课程问题均为次要矛盾。必须立即采取以下三步突围行动：

**【P0级 - 本周必须执行】止血与引流**
1. **破除0营收：** 立即上线低价体验卡（如9.9元单次/99元周卡），全员启动朋友圈、社群及周边社区地推，目标：本周至少产生10笔新订单。
2. **盘点流量资产：** 那126名历史售卡会员去哪了？必须调取月卡/季卡过期名单，本周内完成电话触达，用“老会员回归专属优惠”进行召回，这是成本最低的流量池。

**【P1级 - 两周内执行】降本与提效**
1. **课程瘦身：** 停排低预约课程，每日集中只开1-2节团课，保证上课氛围，降低教练无产出成本。
2. **聚焦爆款：** 将拳击/舞蹈作为引流主力，在美团/抖音上以这两类课作为主打卖点进行投放测试。

**【P2级 - 持续优化】体验保障**
1. **修复待修器械：** 扫除硬件死角，确保仅存的2位活跃会员和未来新到店会员获得100%流畅的器械体验。
2. **重塑长卡结构：** 在新流量进入后，严格管控销售动作，将年卡占比作为核心KPI考核，避免再次陷入“卖短卡-快流失-死循环”的泥潭。', '1. **破除0营收：** 立即上线低价体验卡（如9.9元单次/99元周卡），全员启动朋友圈、社群及周边社区地推，目标：本周至少产生10笔新订单。

2. **盘点流量资产：** 那126名历史售卡会员去哪了？必须调取月卡/季卡过期名单，本周内完成电话触达，用“老会员回归专属优惠”进行召回，这是成本最低的流量池。

3. **课程瘦身：** 停排低预约课程，每日集中只开1-2节团课，保证上课氛围，降低教练无产出成本。

4. **聚焦爆款：** 将拳击/舞蹈作为引流主力，在美团/抖音上以这两类课作为主打卖点进行投放测试。

5. **修复待修器械：** 扫除硬件死角，确保仅存的2位活跃会员和未来新到店会员获得100%流畅的器械体验。

6. **重塑长卡结构：** 在新流量进入后，严格管控销售动作，将年卡占比作为核心KPI考核，避免再次陷入“卖短卡-快流失-死循环”的泥潭。

', '2026-05-15 21:22:31', '2026-05-15 21:31:11.383434', '2026-05-15 21:31:11.383434', 1, false);
INSERT INTO public.analysis_report (id, report_title, analysis_type, report_content, suggestions, generate_time, create_time, update_time, create_by, is_deleted) VALUES (20, '综合分析报告', 'OVERALL', '**健身房综合运营分析报告**

**致管理层：**
当前健身房处于极度危险的“休眠”状态，核心表征为**“有基建、无流量、零转化”**。今日0营收与仅10.5%的活跃率表明门店已陷入经营停滞。以下为基于现有数据的客观分析及优先级排序的行动建议。

---

### 1. 会员运营分析
**数据呈现：**
- 总会员数：19，活跃会员数：2，活跃率：10.5%
- 本周新增：1人（05-15）

**核心风险：**
1. **存量濒临枯竭：** 仅19人的总会员基数，完全无法支撑一家配备26台器械的健身房的基础运营成本。
2. **活跃度崩盘：** 10.5%的活跃率远低于行业健康标准（通常需>40%），89.5%的会员已实质性流失或处于沉睡状态。
3. **拉新能力微弱：** 单周仅1人新增，且无到店高峰数据，说明门店外部引流渠道已失效，自然到店流量为零。

**机会与行动：**
- **优先级：P0（最高）**
- **建议1：启动“沉睡唤醒”计划。** 对17名非活跃会员进行100%一对一电话回访，排查流失原因（距离/时间/效果/服务），并赠送“1次免费私教体验课”或“7天复健卡”作为召回诱饵。
- **建议2：紧急排查流量入口。** 检查门店周边地推、线上美团/大众点评、小红书等渠道是否处于停摆状态，必须立即恢复基础曝光。

---

### 2. 课程运营分析
**数据呈现：**
- 总课程6，总预约12，平均预约2.0/课
- 拳击格斗（2课/4预约）、舞蹈操课（2课/4预约）、有氧燃脂（1课/2预约）、瑜伽普拉提（1课/2预约）

**核心风险：**
1. **排课与容量严重错配：** 平均2人/课的预约量，说明课程开设过多（6节），导致流量极度分散，单课产出极低，教练时薪成本大概率倒挂。
2. **团课缺乏爆款引流项：** 各品类预约数绝对平均（均为2人），没有形成能够吸引大量到店的“明星课程”。

**机会与行动：**
- **优先级：P1**
- **建议1：大幅缩减排课频次。** 在当前日均不足2人预约的情况下，将每日团课压缩至1-2节，将同品类课程合并（如将2节拳击合并为1节），确保单课上课人数达到5人以上再开课，降低教练空耗成本。
- **建议2：打造单点爆款。** 鉴于拳击格斗与舞蹈操课各占1/3预约量，建议集中资源在这两个方向打造1节“零基础体验课”，作为外部拉新的核心抓手。

---

### 3. 萣收分析
**数据呈现：**
- 今日订单数：0，今日营收：0
- 会员卡销售历史：月卡54张，季卡55张，年卡17张
- 营收趋势：暂无数据

**核心风险：**
1. **现金流断裂预警：** 今日0营收是极其危险的信号，意味着门店当期无任何现金流入。
2. **历史销售结构畸形：** 历史销售中，月卡（54张）与季卡（55张）占比极高，而年卡仅17张（占比仅13.1%）。长卡占比过低，导致会员生命周期短，续费压力极大，且历史沉淀的126张卡与当前仅19人的总会员数存在巨大矛盾（推测大量短卡会员已过期流失）。

**机会与行动：**
- **优先级：P0（最高）**
- **建议1：紧急设计“拉新转化卡”。** 针对0营收，立即上线“9.9元3天体验卡”或“99元两周新手卡”，配合美团等渠道强行撕开营收缺口。
- **建议2：调整长卡销售策略及提成。** 针对年卡仅17张的短板，重新制定销售提成比例，大幅提高年卡/半年卡的销售提成，引导销售卖长卡锁定长期现金流；对老会员推出“季卡升年卡补差价”活动。

---

### 4. 器械管理分析
**数据呈现：**
- 总器械26，正常24，完好率92.3%
- 维护中2，待维修2，停用0
- 报修统计：处理中1，待处理1，已关闭1，已完成4

**核心风险：**
1. **完好率尚可，但存在隐患：** 92.3%的完好率表面达标，但仍有4台器械处于非正常状态（2维护+2待修），占总量的15.3%。
2. **工单积压：** “待处理1件+处理中1件”意味着当前有2台器械处于带病或停用状态，若包含核心器械（如跑步机/史密斯机），在极低客流下将进一步恶化用户体验。

**机会与行动：**
- **优先级：P2**
- **建议1：48小时清零待处理工单。** 立即跟进“1件待处理+1件处理中”的报修，要求48小时内修复或明确修复时间表，将完好率拉升至95%以上。
- **建议2：建立巡检防损机制。** 当前仅19名会员却有6次报修记录，报修率偏高。需安排教练或保洁每日早班前进行5分钟快速巡检，避免器械“小病拖成大病”，降低维修成本。

---

### 5. 运营综合建议（按优先级排序）

当前门店的核心问题是**“流量真空与零转化”**，器械与课程问题均为次要矛盾。必须立即采取以下三步突围行动：

**【P0级 - 本周必须执行】止血与引流**
1. **破除0营收：** 立即上线低价体验卡（如9.9元单次/99元周卡），全员启动朋友圈、社群及周边社区地推，目标：本周至少产生10笔新订单。
2. **盘点流量资产：** 那126名历史售卡会员去哪了？必须调取月卡/季卡过期名单，本周内完成电话触达，用“老会员回归专属优惠”进行召回，这是成本最低的流量池。

**【P1级 - 两周内执行】降本与提效**
1. **课程瘦身：** 停排低预约课程，每日集中只开1-2节团课，保证上课氛围，降低教练无产出成本。
2. **聚焦爆款：** 将拳击/舞蹈作为引流主力，在美团/抖音上以这两类课作为主打卖点进行投放测试。

**【P2级 - 持续优化】体验保障**
1. **修复待修器械：** 扫除硬件死角，确保仅存的2位活跃会员和未来新到店会员获得100%流畅的器械体验。
2. **重塑长卡结构：** 在新流量进入后，严格管控销售动作，将年卡占比作为核心KPI考核，避免再次陷入“卖短卡-快流失-死循环”的泥潭。', '1. **破除0营收：** 立即上线低价体验卡（如9.9元单次/99元周卡），全员启动朋友圈、社群及周边社区地推，目标：本周至少产生10笔新订单。

2. **盘点流量资产：** 那126名历史售卡会员去哪了？必须调取月卡/季卡过期名单，本周内完成电话触达，用“老会员回归专属优惠”进行召回，这是成本最低的流量池。

3. **课程瘦身：** 停排低预约课程，每日集中只开1-2节团课，保证上课氛围，降低教练无产出成本。

4. **聚焦爆款：** 将拳击/舞蹈作为引流主力，在美团/抖音上以这两类课作为主打卖点进行投放测试。

5. **修复待修器械：** 扫除硬件死角，确保仅存的2位活跃会员和未来新到店会员获得100%流畅的器械体验。

6. **重塑长卡结构：** 在新流量进入后，严格管控销售动作，将年卡占比作为核心KPI考核，避免再次陷入“卖短卡-快流失-死循环”的泥潭。

', '2026-05-15 21:22:31', '2026-05-15 21:31:11.9113', '2026-05-15 21:31:11.9113', 1, false);
INSERT INTO public.analysis_report (id, report_title, analysis_type, report_content, suggestions, generate_time, create_time, update_time, create_by, is_deleted) VALUES (10, '综合分析报告', 'OVERALL', '**健身房综合运营分析报告**

**致管理层：**
当前健身房处于极度危险的“休眠”状态，核心表征为**“有基建、无流量、零转化”**。今日0营收与仅10.5%的活跃率表明门店已陷入经营停滞。以下为基于现有数据的客观分析及优先级排序的行动建议。

---

### 1. 会员运营分析
**数据呈现：**
- 总会员数：19，活跃会员数：2，活跃率：10.5%
- 本周新增：1人（05-15）

**核心风险：**
1. **存量濒临枯竭：** 仅19人的总会员基数，完全无法支撑一家配备26台器械的健身房的基础运营成本。
2. **活跃度崩盘：** 10.5%的活跃率远低于行业健康标准（通常需>40%），89.5%的会员已实质性流失或处于沉睡状态。
3. **拉新能力微弱：** 单周仅1人新增，且无到店高峰数据，说明门店外部引流渠道已失效，自然到店流量为零。

**机会与行动：**
- **优先级：P0（最高）**
- **建议1：启动“沉睡唤醒”计划。** 对17名非活跃会员进行100%一对一电话回访，排查流失原因（距离/时间/效果/服务），并赠送“1次免费私教体验课”或“7天复健卡”作为召回诱饵。
- **建议2：紧急排查流量入口。** 检查门店周边地推、线上美团/大众点评、小红书等渠道是否处于停摆状态，必须立即恢复基础曝光。

---

### 2. 课程运营分析
**数据呈现：**
- 总课程6，总预约12，平均预约2.0/课
- 拳击格斗（2课/4预约）、舞蹈操课（2课/4预约）、有氧燃脂（1课/2预约）、瑜伽普拉提（1课/2预约）

**核心风险：**
1. **排课与容量严重错配：** 平均2人/课的预约量，说明课程开设过多（6节），导致流量极度分散，单课产出极低，教练时薪成本大概率倒挂。
2. **团课缺乏爆款引流项：** 各品类预约数绝对平均（均为2人），没有形成能够吸引大量到店的“明星课程”。

**机会与行动：**
- **优先级：P1**
- **建议1：大幅缩减排课频次。** 在当前日均不足2人预约的情况下，将每日团课压缩至1-2节，将同品类课程合并（如将2节拳击合并为1节），确保单课上课人数达到5人以上再开课，降低教练空耗成本。
- **建议2：打造单点爆款。** 鉴于拳击格斗与舞蹈操课各占1/3预约量，建议集中资源在这两个方向打造1节“零基础体验课”，作为外部拉新的核心抓手。

---

### 3. 萣收分析
**数据呈现：**
- 今日订单数：0，今日营收：0
- 会员卡销售历史：月卡54张，季卡55张，年卡17张
- 营收趋势：暂无数据

**核心风险：**
1. **现金流断裂预警：** 今日0营收是极其危险的信号，意味着门店当期无任何现金流入。
2. **历史销售结构畸形：** 历史销售中，月卡（54张）与季卡（55张）占比极高，而年卡仅17张（占比仅13.1%）。长卡占比过低，导致会员生命周期短，续费压力极大，且历史沉淀的126张卡与当前仅19人的总会员数存在巨大矛盾（推测大量短卡会员已过期流失）。

**机会与行动：**
- **优先级：P0（最高）**
- **建议1：紧急设计“拉新转化卡”。** 针对0营收，立即上线“9.9元3天体验卡”或“99元两周新手卡”，配合美团等渠道强行撕开营收缺口。
- **建议2：调整长卡销售策略及提成。** 针对年卡仅17张的短板，重新制定销售提成比例，大幅提高年卡/半年卡的销售提成，引导销售卖长卡锁定长期现金流；对老会员推出“季卡升年卡补差价”活动。

---

### 4. 器械管理分析
**数据呈现：**
- 总器械26，正常24，完好率92.3%
- 维护中2，待维修2，停用0
- 报修统计：处理中1，待处理1，已关闭1，已完成4

**核心风险：**
1. **完好率尚可，但存在隐患：** 92.3%的完好率表面达标，但仍有4台器械处于非正常状态（2维护+2待修），占总量的15.3%。
2. **工单积压：** “待处理1件+处理中1件”意味着当前有2台器械处于带病或停用状态，若包含核心器械（如跑步机/史密斯机），在极低客流下将进一步恶化用户体验。

**机会与行动：**
- **优先级：P2**
- **建议1：48小时清零待处理工单。** 立即跟进“1件待处理+1件处理中”的报修，要求48小时内修复或明确修复时间表，将完好率拉升至95%以上。
- **建议2：建立巡检防损机制。** 当前仅19名会员却有6次报修记录，报修率偏高。需安排教练或保洁每日早班前进行5分钟快速巡检，避免器械“小病拖成大病”，降低维修成本。

---

### 5. 运营综合建议（按优先级排序）

当前门店的核心问题是**“流量真空与零转化”**，器械与课程问题均为次要矛盾。必须立即采取以下三步突围行动：

**【P0级 - 本周必须执行】止血与引流**
1. **破除0营收：** 立即上线低价体验卡（如9.9元单次/99元周卡），全员启动朋友圈、社群及周边社区地推，目标：本周至少产生10笔新订单。
2. **盘点流量资产：** 那126名历史售卡会员去哪了？必须调取月卡/季卡过期名单，本周内完成电话触达，用“老会员回归专属优惠”进行召回，这是成本最低的流量池。

**【P1级 - 两周内执行】降本与提效**
1. **课程瘦身：** 停排低预约课程，每日集中只开1-2节团课，保证上课氛围，降低教练无产出成本。
2. **聚焦爆款：** 将拳击/舞蹈作为引流主力，在美团/抖音上以这两类课作为主打卖点进行投放测试。

**【P2级 - 持续优化】体验保障**
1. **修复待修器械：** 扫除硬件死角，确保仅存的2位活跃会员和未来新到店会员获得100%流畅的器械体验。
2. **重塑长卡结构：** 在新流量进入后，严格管控销售动作，将年卡占比作为核心KPI考核，避免再次陷入“卖短卡-快流失-死循环”的泥潭。', '1. **破除0营收：** 立即上线低价体验卡（如9.9元单次/99元周卡），全员启动朋友圈、社群及周边社区地推，目标：本周至少产生10笔新订单。

2. **盘点流量资产：** 那126名历史售卡会员去哪了？必须调取月卡/季卡过期名单，本周内完成电话触达，用“老会员回归专属优惠”进行召回，这是成本最低的流量池。

3. **课程瘦身：** 停排低预约课程，每日集中只开1-2节团课，保证上课氛围，降低教练无产出成本。

4. **聚焦爆款：** 将拳击/舞蹈作为引流主力，在美团/抖音上以这两类课作为主打卖点进行投放测试。

5. **修复待修器械：** 扫除硬件死角，确保仅存的2位活跃会员和未来新到店会员获得100%流畅的器械体验。

6. **重塑长卡结构：** 在新流量进入后，严格管控销售动作，将年卡占比作为核心KPI考核，避免再次陷入“卖短卡-快流失-死循环”的泥潭。

', '2026-05-15 21:22:31', '2026-05-15 21:23:15.06099', '2026-05-17 01:07:49.381175', 1, true);
INSERT INTO public.analysis_report (id, report_title, analysis_type, report_content, suggestions, generate_time, create_time, update_time, create_by, is_deleted) VALUES (24, '综合分析报告', 'OVERALL', '好的，作为您的健身房经营分析师，我已基于您提供的数据完成分析。以下是综合运营分析报告，供您决策参考。

---

### **健身房综合运营分析报告**

**报告日期：** [当前日期]
**数据来源：** 当日经营数据快照

#### **1. 会员运营分析**

*   **核心数据：**
    *   总会员数：17人
    *   活跃会员数：2人
    *   会员活跃率：11.8%

*   **风险与问题：**
    *   **严重风险：会员活跃率极低（11.8%）。** 这意味着超过88%的会员处于“沉睡”或“流失”状态。对于一个仅有17名会员的小型健身房而言，这是致命的。核心问题不是拉新，而是如何激活现有会员。
    *   **数据矛盾：** 会员卡销售统计显示“月卡94张、季卡34张、年卡11张”，这与总会员数17人严重不符。**这是一个关键数据错误**，可能是系统统计口径问题（如统计了历史所有售卡，而非当前有效会员），也可能是数据录入错误。**请立即核查会员管理系统，明确当前有效会员的真实数量。** 如果真实会员数远大于17人，则活跃率问题可能更严峻；如果17人是真实数据，则销售数据存在严重虚高。

*   **机会与建议：**
    *   **立即启动会员激活计划（优先级：最高）：**
        *   **目标：** 将活跃率提升至30%以上。
        *   **行动：**
            1.  **一对一沟通：** 对15名非活跃会员进行电话或微信回访，了解其不来锻炼的原因（时间、效果、兴趣、价格等）。
            2.  **提供“回归激励”：** 针对不同原因，提供免费私教体验课1次、7天免费训练营、或赠送额外会籍天数等激励。
            3.  **社群运营：** 建立微信群，每日发布训练打卡、饮食建议、会员成果分享，营造社群氛围，增加粘性。

#### **2. 课程运营分析**

*   **核心数据：**
    *   总课程数：6节
    *   总预约数：17人次
    *   平均每课预约：2.8人

*   **风险与问题：**
    *   **课程吸引力不足：** 平均每节课仅2.8人预约，远低于盈利平衡点（通常需5-10人）。拳击格斗（8人次）是唯一表现较好的课程，但整体课程利用率低。
    *   **课程结构失衡：** 拳击格斗（2门课，8人次）和舞蹈操课（2门课，5人次）占据了大部分预约，而有氧燃脂和瑜伽普拉提课程（各1门课，各2人次）表现极差。可能存在课程同质化或与会员需求不匹配的问题。

*   **机会与建议：**
    *   **优化课程结构（优先级：高）：**
        *   **保留并强化优势课程：** 拳击格斗课程是当前核心引流产品，应增加排课频次，并考虑推出“拳击+体能”等组合课程。
        *   **淘汰或改造低效课程：** 暂停有氧燃脂和瑜伽普拉提课程，或将其改造为“小班私教课”、“主题工作坊”（如“7天快速燃脂营”），提高单价和参与度。
        *   **增加新课程试水：** 基于会员回访结果，引入1-2门呼声高、成本低的课程（如HIIT、尊巴），进行小范围测试。

#### **3. 营收分析**

*   **核心数据：**
    *   今日订单数：0
    *   今日营收：0
    *   营收趋势：暂无数据
    *   会员卡销售统计：月卡94张，季卡34张，年卡11张（数据存疑，见上文）

*   **风险与问题：**
    *   **当日零营收：** 这是一个危险信号，表明当日没有任何新增付费（续费、新办卡、私教课、零售等）。这可能是常态，也可能是极端情况，但必须警惕。
    *   **收入结构单一：** 数据仅显示会员卡销售，缺乏私教课、营养品、运动装备等二次消费收入数据。这表明收入来源过于依赖会籍费，抗风险能力弱。
    *   **数据矛盾导致无法分析营收趋势：** 由于会员卡销售数据与会员数严重不符，无法判断真实的现金流和收入情况。

*   **机会与建议：**
    *   **立即核查财务数据（优先级：最高）：** 必须理清当前真实的有效会员数、会员卡收入、以及历史营收趋势。没有真实数据，任何分析都是空谈。
    *   **开发多元化收入（优先级：高）：**
        *   **推广私教课：** 针对2名活跃会员，推荐私教课，提升客单价。
        *   **引入零售：** 在店内销售运动饮料、蛋白粉、毛巾、手套等高频消耗品。
        *   **举办付费活动：** 每月举办一次主题训练营或挑战赛，收取少量报名费，增加收入并提升活跃度。

#### **4. 器械管理分析**

*   **核心数据：**
    *   总器械数：26
    *   器械完好率：88.5%
    *   待维修/处理中器械：2件
    *   停用器械：2件

*   **风险与问题：**
    *   **器械维护存在隐患：** 有2件器械（待维修+处理中）和2件停用器械，合计4件无法正常使用，占总器械的15.4%。对于只有26件器械的小型健身房，这个比例偏高，会影响会员的训练体验。
    *   **报修处理流程不畅：** 存在1件“待处理”报修，说明维修响应不及时。

*   **机会与建议：**
    *   **建立器械巡检与快速维修机制（优先级：中）：**
        *   **每日巡检：** 安排员工每天营业前对所有器械进行快速检查，发现问题立即报修。
        *   **明确维修时限：** 与维修方约定，普通故障24小时内解决，重大故障72小时内给出方案。将“待处理”时间压缩到最短。
        *   **评估停用器械：** 检查2件停用器械，评估是否有维修价值。如果维修成本过高或已无使用价值，应果断报废处理，腾出空间。

#### **5. 运营综合建议**

**当前核心矛盾：** 会员活跃率极低，导致课程利用率低、营收停滞，形成恶性循环。

**优先级排序与执行建议：**

1.  **【最高优先级】数据核查与会员激活：**
    *   **行动1（今日内）：** 核查会员管理系统，确认真实有效的会员数量、会籍状态和到期时间。纠正数据错误。
    *   **行动2（本周内）：** 启动对15名非活跃会员的“一对一唤醒计划”，了解原因，提供回归激励。
    *   **行动3（两周内）：** 建立会员微信群，每日发布内容，组织线上打卡活动。

2.  **【高优先级】课程与营收优化：**
    *   **行动1（本周内）：** 暂停表现最差的1-2门课程，将资源集中到拳击格斗和舞蹈操课上。
    *   **行动2（两周内）：** 基于会员回访结果，引入1-2门新课程进行试水。
    *   **行动3（本月内）：** 推出私教体验课包或小班训练营，作为新的收入增长点。

3.  **【中优先级】器械管理：**
    *   **行动1（本周内）：** 处理完所有“待处理”和“处理中”的报修单。
    *   **行动2（本月内）：** 建立每日器械巡检制度，并明确维修响应时限。

**总结：** 您的健身房目前处于“生存危机”阶段。**当务之急不是拉新，而是盘活存量会员**。请立即从数据核查和会员激活入手，否则即使有再好的课程和器械，也无法挽回会员流失的趋势。', '1. **一对一沟通：** 对15名非活跃会员进行电话或微信回访，了解其不来锻炼的原因（时间、效果、兴趣、价格等）。

2. **提供“回归激励”：** 针对不同原因，提供免费私教体验课1次、7天免费训练营、或赠送额外会籍天数等激励。

3. **社群运营：** 建立微信群，每日发布训练打卡、饮食建议、会员成果分享，营造社群氛围，增加粘性。

4. **【最高优先级】数据核查与会员激活：**

5. **【高优先级】课程与营收优化：**

6. **【中优先级】器械管理：**

', '2026-05-26 14:04:07', '2026-05-26 14:04:48.58115', '2026-05-26 14:04:48.58115', 1, false);
INSERT INTO public.analysis_report (id, report_title, analysis_type, report_content, suggestions, generate_time, create_time, update_time, create_by, is_deleted) VALUES (25, '综合分析报告', 'OVERALL', '好的，作为您的健身房经营分析师，我已基于您提供的数据完成分析。以下是综合运营分析报告，供您决策参考。

---

### **健身房综合运营分析报告**

**报告日期：** [当前日期]
**数据来源：** 当日经营数据快照

#### **1. 会员运营分析**

*   **核心数据：**
    *   总会员数：17人
    *   活跃会员数：2人
    *   会员活跃率：11.8%

*   **风险与问题：**
    *   **严重风险：会员活跃率极低（11.8%）。** 这意味着超过88%的会员处于“沉睡”或“流失”状态。对于一个仅有17名会员的小型健身房而言，这是致命的。核心问题不是拉新，而是如何激活现有会员。
    *   **数据矛盾：** 会员卡销售统计显示“月卡94张、季卡34张、年卡11张”，这与总会员数17人严重不符。**这是一个关键数据错误**，可能是系统统计口径问题（如统计了历史所有售卡，而非当前有效会员），也可能是数据录入错误。**请立即核查会员管理系统，明确当前有效会员的真实数量。** 如果真实会员数远大于17人，则活跃率问题可能更严峻；如果17人是真实数据，则销售数据存在严重虚高。

*   **机会与建议：**
    *   **立即启动会员激活计划（优先级：最高）：**
        *   **目标：** 将活跃率提升至30%以上。
        *   **行动：**
            1.  **一对一沟通：** 对15名非活跃会员进行电话或微信回访，了解其不来锻炼的原因（时间、效果、兴趣、价格等）。
            2.  **提供“回归激励”：** 针对不同原因，提供免费私教体验课1次、7天免费训练营、或赠送额外会籍天数等激励。
            3.  **社群运营：** 建立微信群，每日发布训练打卡、饮食建议、会员成果分享，营造社群氛围，增加粘性。

#### **2. 课程运营分析**

*   **核心数据：**
    *   总课程数：6节
    *   总预约数：17人次
    *   平均每课预约：2.8人

*   **风险与问题：**
    *   **课程吸引力不足：** 平均每节课仅2.8人预约，远低于盈利平衡点（通常需5-10人）。拳击格斗（8人次）是唯一表现较好的课程，但整体课程利用率低。
    *   **课程结构失衡：** 拳击格斗（2门课，8人次）和舞蹈操课（2门课，5人次）占据了大部分预约，而有氧燃脂和瑜伽普拉提课程（各1门课，各2人次）表现极差。可能存在课程同质化或与会员需求不匹配的问题。

*   **机会与建议：**
    *   **优化课程结构（优先级：高）：**
        *   **保留并强化优势课程：** 拳击格斗课程是当前核心引流产品，应增加排课频次，并考虑推出“拳击+体能”等组合课程。
        *   **淘汰或改造低效课程：** 暂停有氧燃脂和瑜伽普拉提课程，或将其改造为“小班私教课”、“主题工作坊”（如“7天快速燃脂营”），提高单价和参与度。
        *   **增加新课程试水：** 基于会员回访结果，引入1-2门呼声高、成本低的课程（如HIIT、尊巴），进行小范围测试。

#### **3. 营收分析**

*   **核心数据：**
    *   今日订单数：0
    *   今日营收：0
    *   营收趋势：暂无数据
    *   会员卡销售统计：月卡94张，季卡34张，年卡11张（数据存疑，见上文）

*   **风险与问题：**
    *   **当日零营收：** 这是一个危险信号，表明当日没有任何新增付费（续费、新办卡、私教课、零售等）。这可能是常态，也可能是极端情况，但必须警惕。
    *   **收入结构单一：** 数据仅显示会员卡销售，缺乏私教课、营养品、运动装备等二次消费收入数据。这表明收入来源过于依赖会籍费，抗风险能力弱。
    *   **数据矛盾导致无法分析营收趋势：** 由于会员卡销售数据与会员数严重不符，无法判断真实的现金流和收入情况。

*   **机会与建议：**
    *   **立即核查财务数据（优先级：最高）：** 必须理清当前真实的有效会员数、会员卡收入、以及历史营收趋势。没有真实数据，任何分析都是空谈。
    *   **开发多元化收入（优先级：高）：**
        *   **推广私教课：** 针对2名活跃会员，推荐私教课，提升客单价。
        *   **引入零售：** 在店内销售运动饮料、蛋白粉、毛巾、手套等高频消耗品。
        *   **举办付费活动：** 每月举办一次主题训练营或挑战赛，收取少量报名费，增加收入并提升活跃度。

#### **4. 器械管理分析**

*   **核心数据：**
    *   总器械数：26
    *   器械完好率：88.5%
    *   待维修/处理中器械：2件
    *   停用器械：2件

*   **风险与问题：**
    *   **器械维护存在隐患：** 有2件器械（待维修+处理中）和2件停用器械，合计4件无法正常使用，占总器械的15.4%。对于只有26件器械的小型健身房，这个比例偏高，会影响会员的训练体验。
    *   **报修处理流程不畅：** 存在1件“待处理”报修，说明维修响应不及时。

*   **机会与建议：**
    *   **建立器械巡检与快速维修机制（优先级：中）：**
        *   **每日巡检：** 安排员工每天营业前对所有器械进行快速检查，发现问题立即报修。
        *   **明确维修时限：** 与维修方约定，普通故障24小时内解决，重大故障72小时内给出方案。将“待处理”时间压缩到最短。
        *   **评估停用器械：** 检查2件停用器械，评估是否有维修价值。如果维修成本过高或已无使用价值，应果断报废处理，腾出空间。

#### **5. 运营综合建议**

**当前核心矛盾：** 会员活跃率极低，导致课程利用率低、营收停滞，形成恶性循环。

**优先级排序与执行建议：**

1.  **【最高优先级】数据核查与会员激活：**
    *   **行动1（今日内）：** 核查会员管理系统，确认真实有效的会员数量、会籍状态和到期时间。纠正数据错误。
    *   **行动2（本周内）：** 启动对15名非活跃会员的“一对一唤醒计划”，了解原因，提供回归激励。
    *   **行动3（两周内）：** 建立会员微信群，每日发布内容，组织线上打卡活动。

2.  **【高优先级】课程与营收优化：**
    *   **行动1（本周内）：** 暂停表现最差的1-2门课程，将资源集中到拳击格斗和舞蹈操课上。
    *   **行动2（两周内）：** 基于会员回访结果，引入1-2门新课程进行试水。
    *   **行动3（本月内）：** 推出私教体验课包或小班训练营，作为新的收入增长点。

3.  **【中优先级】器械管理：**
    *   **行动1（本周内）：** 处理完所有“待处理”和“处理中”的报修单。
    *   **行动2（本月内）：** 建立每日器械巡检制度，并明确维修响应时限。

**总结：** 您的健身房目前处于“生存危机”阶段。**当务之急不是拉新，而是盘活存量会员**。请立即从数据核查和会员激活入手，否则即使有再好的课程和器械，也无法挽回会员流失的趋势。', '1. **一对一沟通：** 对15名非活跃会员进行电话或微信回访，了解其不来锻炼的原因（时间、效果、兴趣、价格等）。

2. **提供“回归激励”：** 针对不同原因，提供免费私教体验课1次、7天免费训练营、或赠送额外会籍天数等激励。

3. **社群运营：** 建立微信群，每日发布训练打卡、饮食建议、会员成果分享，营造社群氛围，增加粘性。

4. **【最高优先级】数据核查与会员激活：**

5. **【高优先级】课程与营收优化：**

6. **【中优先级】器械管理：**

', '2026-05-26 14:04:07', '2026-05-26 14:05:08.23703', '2026-05-26 14:05:08.23703', 1, false);
INSERT INTO public.analysis_report (id, report_title, analysis_type, report_content, suggestions, generate_time, create_time, update_time, create_by, is_deleted) VALUES (26, '综合分析报告', 'OVERALL', '好的，作为您的健身房经营分析师，我已基于您提供的数据完成分析。以下是综合运营分析报告，供您决策参考。

---

### **健身房综合运营分析报告**

**报告日期：** [当前日期]
**数据来源：** 当日经营数据快照

#### **1. 会员运营分析**

*   **核心数据：**
    *   总会员数：17人
    *   活跃会员数：2人
    *   会员活跃率：11.8%

*   **风险与问题：**
    *   **严重风险：会员活跃率极低（11.8%）。** 这意味着超过88%的会员处于“沉睡”或“流失”状态。对于一个仅有17名会员的小型健身房而言，这是致命的。核心问题不是拉新，而是如何激活现有会员。
    *   **数据矛盾：** 会员卡销售统计显示“月卡94张、季卡34张、年卡11张”，这与总会员数17人严重不符。**这是一个关键数据错误**，可能是系统统计口径问题（如统计了历史所有售卡，而非当前有效会员），也可能是数据录入错误。**请立即核查会员管理系统，明确当前有效会员的真实数量。** 如果真实会员数远大于17人，则活跃率问题可能更严峻；如果17人是真实数据，则销售数据存在严重虚高。

*   **机会与建议：**
    *   **立即启动会员激活计划（优先级：最高）：**
        *   **目标：** 将活跃率提升至30%以上。
        *   **行动：**
            1.  **一对一沟通：** 对15名非活跃会员进行电话或微信回访，了解其不来锻炼的原因（时间、效果、兴趣、价格等）。
            2.  **提供“回归激励”：** 针对不同原因，提供免费私教体验课1次、7天免费训练营、或赠送额外会籍天数等激励。
            3.  **社群运营：** 建立微信群，每日发布训练打卡、饮食建议、会员成果分享，营造社群氛围，增加粘性。

#### **2. 课程运营分析**

*   **核心数据：**
    *   总课程数：6节
    *   总预约数：17人次
    *   平均每课预约：2.8人

*   **风险与问题：**
    *   **课程吸引力不足：** 平均每节课仅2.8人预约，远低于盈利平衡点（通常需5-10人）。拳击格斗（8人次）是唯一表现较好的课程，但整体课程利用率低。
    *   **课程结构失衡：** 拳击格斗（2门课，8人次）和舞蹈操课（2门课，5人次）占据了大部分预约，而有氧燃脂和瑜伽普拉提课程（各1门课，各2人次）表现极差。可能存在课程同质化或与会员需求不匹配的问题。

*   **机会与建议：**
    *   **优化课程结构（优先级：高）：**
        *   **保留并强化优势课程：** 拳击格斗课程是当前核心引流产品，应增加排课频次，并考虑推出“拳击+体能”等组合课程。
        *   **淘汰或改造低效课程：** 暂停有氧燃脂和瑜伽普拉提课程，或将其改造为“小班私教课”、“主题工作坊”（如“7天快速燃脂营”），提高单价和参与度。
        *   **增加新课程试水：** 基于会员回访结果，引入1-2门呼声高、成本低的课程（如HIIT、尊巴），进行小范围测试。

#### **3. 营收分析**

*   **核心数据：**
    *   今日订单数：0
    *   今日营收：0
    *   营收趋势：暂无数据
    *   会员卡销售统计：月卡94张，季卡34张，年卡11张（数据存疑，见上文）

*   **风险与问题：**
    *   **当日零营收：** 这是一个危险信号，表明当日没有任何新增付费（续费、新办卡、私教课、零售等）。这可能是常态，也可能是极端情况，但必须警惕。
    *   **收入结构单一：** 数据仅显示会员卡销售，缺乏私教课、营养品、运动装备等二次消费收入数据。这表明收入来源过于依赖会籍费，抗风险能力弱。
    *   **数据矛盾导致无法分析营收趋势：** 由于会员卡销售数据与会员数严重不符，无法判断真实的现金流和收入情况。

*   **机会与建议：**
    *   **立即核查财务数据（优先级：最高）：** 必须理清当前真实的有效会员数、会员卡收入、以及历史营收趋势。没有真实数据，任何分析都是空谈。
    *   **开发多元化收入（优先级：高）：**
        *   **推广私教课：** 针对2名活跃会员，推荐私教课，提升客单价。
        *   **引入零售：** 在店内销售运动饮料、蛋白粉、毛巾、手套等高频消耗品。
        *   **举办付费活动：** 每月举办一次主题训练营或挑战赛，收取少量报名费，增加收入并提升活跃度。

#### **4. 器械管理分析**

*   **核心数据：**
    *   总器械数：26
    *   器械完好率：88.5%
    *   待维修/处理中器械：2件
    *   停用器械：2件

*   **风险与问题：**
    *   **器械维护存在隐患：** 有2件器械（待维修+处理中）和2件停用器械，合计4件无法正常使用，占总器械的15.4%。对于只有26件器械的小型健身房，这个比例偏高，会影响会员的训练体验。
    *   **报修处理流程不畅：** 存在1件“待处理”报修，说明维修响应不及时。

*   **机会与建议：**
    *   **建立器械巡检与快速维修机制（优先级：中）：**
        *   **每日巡检：** 安排员工每天营业前对所有器械进行快速检查，发现问题立即报修。
        *   **明确维修时限：** 与维修方约定，普通故障24小时内解决，重大故障72小时内给出方案。将“待处理”时间压缩到最短。
        *   **评估停用器械：** 检查2件停用器械，评估是否有维修价值。如果维修成本过高或已无使用价值，应果断报废处理，腾出空间。

#### **5. 运营综合建议**

**当前核心矛盾：** 会员活跃率极低，导致课程利用率低、营收停滞，形成恶性循环。

**优先级排序与执行建议：**

1.  **【最高优先级】数据核查与会员激活：**
    *   **行动1（今日内）：** 核查会员管理系统，确认真实有效的会员数量、会籍状态和到期时间。纠正数据错误。
    *   **行动2（本周内）：** 启动对15名非活跃会员的“一对一唤醒计划”，了解原因，提供回归激励。
    *   **行动3（两周内）：** 建立会员微信群，每日发布内容，组织线上打卡活动。

2.  **【高优先级】课程与营收优化：**
    *   **行动1（本周内）：** 暂停表现最差的1-2门课程，将资源集中到拳击格斗和舞蹈操课上。
    *   **行动2（两周内）：** 基于会员回访结果，引入1-2门新课程进行试水。
    *   **行动3（本月内）：** 推出私教体验课包或小班训练营，作为新的收入增长点。

3.  **【中优先级】器械管理：**
    *   **行动1（本周内）：** 处理完所有“待处理”和“处理中”的报修单。
    *   **行动2（本月内）：** 建立每日器械巡检制度，并明确维修响应时限。

**总结：** 您的健身房目前处于“生存危机”阶段。**当务之急不是拉新，而是盘活存量会员**。请立即从数据核查和会员激活入手，否则即使有再好的课程和器械，也无法挽回会员流失的趋势。', '1. **一对一沟通：** 对15名非活跃会员进行电话或微信回访，了解其不来锻炼的原因（时间、效果、兴趣、价格等）。

2. **提供“回归激励”：** 针对不同原因，提供免费私教体验课1次、7天免费训练营、或赠送额外会籍天数等激励。

3. **社群运营：** 建立微信群，每日发布训练打卡、饮食建议、会员成果分享，营造社群氛围，增加粘性。

4. **【最高优先级】数据核查与会员激活：**

5. **【高优先级】课程与营收优化：**

6. **【中优先级】器械管理：**

', '2026-05-26 14:04:07', '2026-05-26 14:05:12.065727', '2026-05-26 14:05:12.065727', 1, false);
INSERT INTO public.analysis_report (id, report_title, analysis_type, report_content, suggestions, generate_time, create_time, update_time, create_by, is_deleted) VALUES (27, '综合分析报告', 'OVERALL', '好的，作为您的健身房经营分析师，我已基于您提供的数据完成分析。以下是综合运营分析报告，供您决策参考。

---

### **健身房综合运营分析报告**

**报告日期：** [当前日期]
**数据来源：** 当日经营数据快照

#### **1. 会员运营分析**

*   **核心数据：**
    *   总会员数：17人
    *   活跃会员数：2人
    *   会员活跃率：11.8%

*   **风险与问题：**
    *   **严重风险：会员活跃率极低（11.8%）。** 这意味着超过88%的会员处于“沉睡”或“流失”状态。对于一个仅有17名会员的小型健身房而言，这是致命的。核心问题不是拉新，而是如何激活现有会员。
    *   **数据矛盾：** 会员卡销售统计显示“月卡94张、季卡34张、年卡11张”，这与总会员数17人严重不符。**这是一个关键数据错误**，可能是系统统计口径问题（如统计了历史所有售卡，而非当前有效会员），也可能是数据录入错误。**请立即核查会员管理系统，明确当前有效会员的真实数量。** 如果真实会员数远大于17人，则活跃率问题可能更严峻；如果17人是真实数据，则销售数据存在严重虚高。

*   **机会与建议：**
    *   **立即启动会员激活计划（优先级：最高）：**
        *   **目标：** 将活跃率提升至30%以上。
        *   **行动：**
            1.  **一对一沟通：** 对15名非活跃会员进行电话或微信回访，了解其不来锻炼的原因（时间、效果、兴趣、价格等）。
            2.  **提供“回归激励”：** 针对不同原因，提供免费私教体验课1次、7天免费训练营、或赠送额外会籍天数等激励。
            3.  **社群运营：** 建立微信群，每日发布训练打卡、饮食建议、会员成果分享，营造社群氛围，增加粘性。

#### **2. 课程运营分析**

*   **核心数据：**
    *   总课程数：6节
    *   总预约数：17人次
    *   平均每课预约：2.8人

*   **风险与问题：**
    *   **课程吸引力不足：** 平均每节课仅2.8人预约，远低于盈利平衡点（通常需5-10人）。拳击格斗（8人次）是唯一表现较好的课程，但整体课程利用率低。
    *   **课程结构失衡：** 拳击格斗（2门课，8人次）和舞蹈操课（2门课，5人次）占据了大部分预约，而有氧燃脂和瑜伽普拉提课程（各1门课，各2人次）表现极差。可能存在课程同质化或与会员需求不匹配的问题。

*   **机会与建议：**
    *   **优化课程结构（优先级：高）：**
        *   **保留并强化优势课程：** 拳击格斗课程是当前核心引流产品，应增加排课频次，并考虑推出“拳击+体能”等组合课程。
        *   **淘汰或改造低效课程：** 暂停有氧燃脂和瑜伽普拉提课程，或将其改造为“小班私教课”、“主题工作坊”（如“7天快速燃脂营”），提高单价和参与度。
        *   **增加新课程试水：** 基于会员回访结果，引入1-2门呼声高、成本低的课程（如HIIT、尊巴），进行小范围测试。

#### **3. 营收分析**

*   **核心数据：**
    *   今日订单数：0
    *   今日营收：0
    *   营收趋势：暂无数据
    *   会员卡销售统计：月卡94张，季卡34张，年卡11张（数据存疑，见上文）

*   **风险与问题：**
    *   **当日零营收：** 这是一个危险信号，表明当日没有任何新增付费（续费、新办卡、私教课、零售等）。这可能是常态，也可能是极端情况，但必须警惕。
    *   **收入结构单一：** 数据仅显示会员卡销售，缺乏私教课、营养品、运动装备等二次消费收入数据。这表明收入来源过于依赖会籍费，抗风险能力弱。
    *   **数据矛盾导致无法分析营收趋势：** 由于会员卡销售数据与会员数严重不符，无法判断真实的现金流和收入情况。

*   **机会与建议：**
    *   **立即核查财务数据（优先级：最高）：** 必须理清当前真实的有效会员数、会员卡收入、以及历史营收趋势。没有真实数据，任何分析都是空谈。
    *   **开发多元化收入（优先级：高）：**
        *   **推广私教课：** 针对2名活跃会员，推荐私教课，提升客单价。
        *   **引入零售：** 在店内销售运动饮料、蛋白粉、毛巾、手套等高频消耗品。
        *   **举办付费活动：** 每月举办一次主题训练营或挑战赛，收取少量报名费，增加收入并提升活跃度。

#### **4. 器械管理分析**

*   **核心数据：**
    *   总器械数：26
    *   器械完好率：88.5%
    *   待维修/处理中器械：2件
    *   停用器械：2件

*   **风险与问题：**
    *   **器械维护存在隐患：** 有2件器械（待维修+处理中）和2件停用器械，合计4件无法正常使用，占总器械的15.4%。对于只有26件器械的小型健身房，这个比例偏高，会影响会员的训练体验。
    *   **报修处理流程不畅：** 存在1件“待处理”报修，说明维修响应不及时。

*   **机会与建议：**
    *   **建立器械巡检与快速维修机制（优先级：中）：**
        *   **每日巡检：** 安排员工每天营业前对所有器械进行快速检查，发现问题立即报修。
        *   **明确维修时限：** 与维修方约定，普通故障24小时内解决，重大故障72小时内给出方案。将“待处理”时间压缩到最短。
        *   **评估停用器械：** 检查2件停用器械，评估是否有维修价值。如果维修成本过高或已无使用价值，应果断报废处理，腾出空间。

#### **5. 运营综合建议**

**当前核心矛盾：** 会员活跃率极低，导致课程利用率低、营收停滞，形成恶性循环。

**优先级排序与执行建议：**

1.  **【最高优先级】数据核查与会员激活：**
    *   **行动1（今日内）：** 核查会员管理系统，确认真实有效的会员数量、会籍状态和到期时间。纠正数据错误。
    *   **行动2（本周内）：** 启动对15名非活跃会员的“一对一唤醒计划”，了解原因，提供回归激励。
    *   **行动3（两周内）：** 建立会员微信群，每日发布内容，组织线上打卡活动。

2.  **【高优先级】课程与营收优化：**
    *   **行动1（本周内）：** 暂停表现最差的1-2门课程，将资源集中到拳击格斗和舞蹈操课上。
    *   **行动2（两周内）：** 基于会员回访结果，引入1-2门新课程进行试水。
    *   **行动3（本月内）：** 推出私教体验课包或小班训练营，作为新的收入增长点。

3.  **【中优先级】器械管理：**
    *   **行动1（本周内）：** 处理完所有“待处理”和“处理中”的报修单。
    *   **行动2（本月内）：** 建立每日器械巡检制度，并明确维修响应时限。

**总结：** 您的健身房目前处于“生存危机”阶段。**当务之急不是拉新，而是盘活存量会员**。请立即从数据核查和会员激活入手，否则即使有再好的课程和器械，也无法挽回会员流失的趋势。', '1. **一对一沟通：** 对15名非活跃会员进行电话或微信回访，了解其不来锻炼的原因（时间、效果、兴趣、价格等）。

2. **提供“回归激励”：** 针对不同原因，提供免费私教体验课1次、7天免费训练营、或赠送额外会籍天数等激励。

3. **社群运营：** 建立微信群，每日发布训练打卡、饮食建议、会员成果分享，营造社群氛围，增加粘性。

4. **【最高优先级】数据核查与会员激活：**

5. **【高优先级】课程与营收优化：**

6. **【中优先级】器械管理：**

', '2026-05-26 14:04:07', '2026-05-26 14:05:13.016561', '2026-05-26 14:05:13.016561', 1, false);


--
-- Data for Name: chat_long_term_memory; Type: TABLE DATA; Schema: public; Owner: fitness_user
--

INSERT INTO public.chat_long_term_memory (id, user_id, memory_key, memory_type, content, metadata, create_time, update_time) VALUES (3, 40, 'fitness-goal', 'PROFILE', '用户健身目标是WEIGHT_LOSS', '{"source": "profile"}', '2026-05-08 00:59:53.345822', '2026-05-09 01:12:49.803218');
INSERT INTO public.chat_long_term_memory (id, user_id, memory_key, memory_type, content, metadata, create_time, update_time) VALUES (4, 40, 'fitness-experience', 'PROFILE', '用户健身经验等级是BEGINNER', '{"source": "profile"}', '2026-05-08 00:59:53.357805', '2026-05-09 01:12:49.853817');
INSERT INTO public.chat_long_term_memory (id, user_id, memory_key, memory_type, content, metadata, create_time, update_time) VALUES (1, 25, 'fitness-goal', 'PROFILE', '用户健身目标是HEALTH', '{"source": "profile"}', '2026-05-07 21:31:24.107214', '2026-05-24 14:50:05.546815');
INSERT INTO public.chat_long_term_memory (id, user_id, memory_key, memory_type, content, metadata, create_time, update_time) VALUES (2, 25, 'fitness-experience', 'PROFILE', '用户健身经验等级是INTERMEDIATE', '{"source": "profile"}', '2026-05-07 21:31:24.124351', '2026-05-24 14:50:05.560776');


--
-- Data for Name: chat_memory_store; Type: TABLE DATA; Schema: public; Owner: fitness_user
--



--
-- Data for Name: chat_message; Type: TABLE DATA; Schema: public; Owner: fitness_user
--

INSERT INTO public.chat_message (id, session_id, role, content, created_at) VALUES (2039712109204045826, 2039344298904473602, 'user', '你好！', '2026-04-02 22:30:37.506661');
INSERT INTO public.chat_message (id, session_id, role, content, created_at) VALUES (2039712148664057857, 2039344298904473602, 'assistant', '你好！我是**健小助**，很高兴为你服务！💪

作为你的专业智能健身助手，我可以为你提供科学的训练指导、营养饮食建议、器械使用方法、个性化训练计划制定以及运动损伤预防等方面的帮助。

请问今天有什么健身方面的问题想要咨询吗？无论是想增肌、减脂还是改善体态，随时都可以告诉我！', '2026-04-02 22:30:46.923728');
INSERT INTO public.chat_message (id, session_id, role, content, created_at) VALUES (2039751048342241281, 2039344298904473602, 'assistant', '您好！我是健小助。

关于具体的健身房位置，因为我无法获取您所在场馆的实时定位信息，建议您可以通过以下方式查询：

1.  **查看官方渠道**：请查看您办理会员时的协议、健身房的微信公众号或官方APP，通常在“联系我们”或“场馆介绍”中会有详细的地址地图。
2.  **导航软件搜索**：直接在地图导航软件中搜索健身房的具体名称，即可获得准确的定位和路线规划。
3.  **咨询前台**：如果您已经是会员，可以拨打健身房前台电话进行咨询。

如果您还有关于**健身训练、器械使用**或**课程安排**等方面的问题，欢迎随时向我提问！', '2026-04-03 01:05:21.329199');
INSERT INTO public.chat_message (id, session_id, role, content, created_at) VALUES (2039757261238915074, 2039344298904473602, 'assistant', '您好！我是力健空间健身中心的智能健身助手“健小助”。根据我们的资料，目前中心拥有以下四位专业教练：

**1. 张磊 主教练**
*   **资质**：美国 ACE 认证教练、国家健身营养师
*   **从业年限**：8 年
*   **擅长方向**：减脂塑形、增肌增重、体态调整
*   **可预约时间**：周一至周五 10:00-20:00
*   **简介**：曾帮助超过 500 位用户成功减脂，平均减脂 20 斤，擅长定制个性化饮食与训练计划。

**2. 李娜 女子训练专家**
*   **资质**：国家一级健身教练、产后康复师
*   **从业年限**：6 年
*   **擅长方向**：产后恢复、女子塑形、普拉提
*   **可预约时间**：周二至周日 9:00-18:00
*   **简介**：专注女性健身，帮助超过 300 位产后妈妈完成身材恢复，擅长温和有效的训练方式。

**3. 王强 康复教练**
*   **资质**：运动康复师、国家健身教练职业资格证
*   **从业年限**：7 年
*   **擅长方向**：运动损伤康复、肩颈腰腿痛调理、体态矫正
*   **可预约时间**：周一至周六 14:00-22:00
*   **简介**：曾为多名职业运动员提供康复服务，擅长通过康复训练改善慢性疼痛。

**4. 刘芳 团课教练**
*   **资质**：Zumba 认证教练、瑜伽导师
*   **从业年限**：5 年
*   **擅长方向**：动感单车、舞蹈、瑜伽
*   **可预约时间**：周一至周日 9:00-21:00
*   **简介**：活力满满的团课教练，课程氛围轻松有趣，深受会员喜爱。

您可以根据自己的健身需求选择合适的教练。如需预约，请在可预约时间内联系前台或教练本人。', '2026-04-03 01:30:02.598238');
INSERT INTO public.chat_message (id, session_id, role, content, created_at) VALUES (2039758403008155650, 2039344298904473602, 'user', '怎么停卡', '2026-04-03 01:34:34.826444');
INSERT INTO public.chat_message (id, session_id, role, content, created_at) VALUES (2039758468971974658, 2039344298904473602, 'assistant', '您好！我是健小助。关于停卡（冻结）的办理流程和规则，为您解答如下：

**办理方式：**
1.  **公众号办理**：进入会员中心，点击“停卡申请”，选择停卡时间提交即可。
2.  **前台办理**：需提前 1 天到前台申请。

**不同卡种的停卡规则：**
*   **年卡**：每年最多可申请停卡 2 次，每次最长 30 天，累计不超过 60 天。
*   **半年卡**：每年最多可申请停卡 1 次，最长 30 天。
*   **季卡 / 月卡**：不支持停卡。

**温馨提示：**
停卡期间，卡有效期会自动顺延。如有其他疑问，欢迎随时咨询！', '2026-04-03 01:34:50.540887');
INSERT INTO public.chat_message (id, session_id, role, content, created_at) VALUES (2039944993168896001, 2039944885920542721, 'assistant', '您好！我是力健空间健身中心的智能健身助手“健小助”。关于如何增肌，结合我们场馆的服务内容，为您提供以下建议：

**1. 专业私教定制服务**
根据知识库信息，我们场馆的专业私教可以提供**增肌增重**的一对一定制训练服务。针对瘦体重提升，制定科学的力量训练计划，帮助您高效达成目标。

**2. 私教课程收费参考**
如果您考虑通过私教课程进行系统训练，以下是我们的收费标准（具体可根据教练资质略有浮动）：
*   **12节**：单价280元，总价3360元（有效期90天）
*   **24节**：单价260元，总价6240元（有效期180天）
*   **36节**：单价240元，总价8640元（有效期270天）
*   **48节**：单价220元，总价10560元（有效期365天）

**3. 场馆器械与安全提示**
*   **器械使用**：场馆配备有自由重量器械（哑铃、杠铃）等，适合进行增肌力量训练。使用时请注意周围人员，避免碰撞。
*   **安全第一**：进行大重量训练时，请尽量有人陪同或使用保护装置，避免受伤。如果您在健身过程中受伤，请立即停止训练并联系附近的教练或前台。

**4. 一般专业建议（基于一般知识）**
除了场馆提供的服务，增肌通常还需要遵循以下原则：
*   **渐进式超负荷**：逐渐增加训练的重量或强度。
*   **营养补充**：保证充足的蛋白质摄入和总热量盈余。您可以在场馆休息区饮用蛋白粉等补剂（请勿在器械区进食）。
*   **充分休息**：肌肉是在休息时生长的，保证充足的睡眠。

如果您需要专业的指导，建议咨询前台或预约私教进行评估。祝您训练愉快！', '2026-04-03 13:56:01.387299');
INSERT INTO public.chat_message (id, session_id, role, content, created_at) VALUES (2039965604591104001, 2039944885920542721, 'assistant', '您好！我是“健小助”。很高兴为您服务！

关于具体的门店地址，因为我是一个智能助手，无法直接获取您当前所在的具体场馆信息。

建议您可以通过以下方式查看：
1.  查看您所在健身房的**会员卡背面**或**官方公众号**，通常会有详细的地址指引。
2.  如果您是在特定的健身房APP或小程序内咨询我，通常在“个人中心”或“场馆介绍”页面可以找到具体定位。

如果您能告诉我您所在的**城市**或**具体的健身房名称**，我可以尽力为您提供相关的查询指引！', '2026-04-03 15:17:55.522711');
INSERT INTO public.chat_message (id, session_id, role, content, created_at) VALUES (2039965738343264258, 2039944885920542721, 'user', '有哪些类型的会员卡', '2026-04-03 15:18:27.422107');
INSERT INTO public.chat_message (id, session_id, role, content, created_at) VALUES (2039965842995343362, 2039944885920542721, 'assistant', '您好！我是力健空间健身中心的智能健身助手“健小助”。

根据我们的知识库信息，中心提供多种会员卡类型，以满足不同用户的健身需求，具体如下：

| 卡种类型 | 价格 | 适用人群 | 备注 |
|---|---|---|---|
| **月卡** | 399 元 | 短期体验用户 | 有效期 30 天，开卡后生效 |
| **季卡** | 999 元 | 季度训练用户 | 有效期 90 天，平均每月 333 元 |
| **半年卡** | 1699 元 | 中长期训练用户 | 有效期 180 天，平均每月 283 元 |
| **年卡** | 2999 元 | 长期健身用户 | 有效期 365 天，平均每月 250 元 |
| **次卡（30 次）** | 899 元 | 不规律健身用户 | 有效期 180 天，不限本人使用 |
| **学生年卡** | 1999 元 | 在校学生 | 需出示学生证，有效期 365 天 |
| **家庭年卡** | 4999 元 | 家庭用户 | 2 大 1 小，有效期 365 天 |

此外，新会员首次开卡还可免费获得 **1 次专业体测服务** 与 **1 次私教体验课**。如果您有具体的办卡需求或想了解当前的节日优惠，欢迎随时咨询！', '2026-04-03 15:18:52.367733');
INSERT INTO public.chat_message (id, session_id, role, content, created_at) VALUES (2040429508162347009, 2040136544634544130, 'user', '地址在哪里？我怎么过去？', '2026-04-04 22:01:18.746074');
INSERT INTO public.chat_message (id, session_id, role, content, created_at) VALUES (2040802794364829697, 2040136544634544130, 'user', '如何增肌？', '2026-04-05 22:44:37.111666');
INSERT INTO public.chat_message (id, session_id, role, content, created_at) VALUES (2040851441307693058, 2040851441290915842, 'user', '请为我制定一个个性化的健身训练计划，包括每周训练安排、训练项目和注意事项。', '2026-04-06 01:57:55.46047');
INSERT INTO public.chat_message (id, session_id, role, content, created_at) VALUES (2040864637997391874, 2040851441290915842, 'user', '地址在哪', '2026-04-06 02:50:21.78296');
INSERT INTO public.chat_message (id, session_id, role, content, created_at) VALUES (2039752851158958082, 2039344298904473602, 'user', '请为我提供个性化的营养指导建议，包括每日饮食搭配、营养素摄入建议和饮食注意事项。', '2026-04-03 01:12:31.16273');
INSERT INTO public.chat_message (id, session_id, role, content, created_at) VALUES (2039752927293964290, 2039344298904473602, 'assistant', '你好！我是“健小助”。很高兴能为你提供营养指导建议。

要制定真正**个性化**的饮食方案，通常需要了解你的**性别、年龄、身高、体重、运动目标（增肌/减脂/维持）以及运动频率**。由于目前我缺少这些具体信息，我将为你提供一套**通用的科学营养框架**。

你可以根据这个框架进行调整，或者补充你的具体信息，我再为你做精确计算。

### 一、 每日饮食搭配原则（“三分法”）

一个健康的餐盘通常由三大部分组成，建议遵循**“碳水+蛋白质+蔬菜”**的结构：

1.  **碳水化合物（能量的主要来源）：占餐盘的 1/4**
    *   **推荐食物：** 燕麦、糙米、红薯、玉米、全麦面包、藜麦等粗粮（低GI值，饱腹感强，血糖波动小）。
    *   **作用：** 为训练提供燃料，保证运动表现。

2.  **优质蛋白质（肌肉修复的关键）：占餐盘的 1/4**
    *   **推荐食物：** 鸡胸肉、瘦牛肉、鱼虾类、鸡蛋、豆腐、牛奶、希腊酸奶。
    *   **作用：** 促进肌肉合成，提高代谢率。

3.  **膳食纤维与维生素（健康保障）：占餐盘的 1/2**
    *   **推荐食物：** 西兰花、菠菜、生菜、西红柿、黄瓜、菌菇类等深色蔬菜。
    *   **作用：** 增加饱腹感，促进肠道蠕动，补充微量元素。

### 二、 营养素摄入建议

根据不同的健身目标，营养素的摄入比例应有所侧重：

**1. 宏观营养素比例：**

*   **减脂人群：**
    *   **高蛋白：** 防止肌肉流失。建议摄入量：1.5-2.0克/公斤体重。
    *   **适量碳水：** 控制总量，多选粗粮。
    *   **低脂肪：** 限制饱和脂肪（如肥肉、动物油），摄入优质脂肪（如坚果、牛油果、橄榄油）。
*   **增肌人群：**
    *   **高碳水：** 保证热量盈余，为高强度训练供能。
    *   **高蛋白：** 建议摄入', '2026-04-03 01:12:49.302977');
INSERT INTO public.chat_message (id, session_id, role, content, created_at) VALUES (2039759138399670274, 2039344298904473602, 'user', '怎么办卡', '2026-04-03 01:37:30.152107');
INSERT INTO public.chat_message (id, session_id, role, content, created_at) VALUES (2039759208083836929, 2039344298904473602, 'assistant', '您好！我是力健空间健身中心的智能健身助手“健小助”。很高兴为您服务！

根据知识库信息，为您整理了办卡及开卡的相关流程与规则：

**1. 办卡渠道**
您可以直接到健身房前台办理会员卡。

**2. 开卡激活流程**
*   **激活时限**：新用户办卡后，需在 **30 天内** 完成开卡激活，逾期未激活卡种将自动生效。
*   **所需证件**：开卡时需携带 **本人身份证**，完成会员信息登记。

**3. 新会员专属福利**
首次开卡可免费获得 **1 次专业体测服务** 与 **1 次私教体验课**。

**4. 其他注意事项**
*   **推荐奖励**：新会员办卡时，若填写推荐人手机号，奖励会在新会员开卡后 7 天内自动添加到老会员账户中。
*   **企业团办**：如果您是企业用户，10 人以上团办可享 8 折优惠，20 人以上享 7.5 折优惠。

如果您还有其他疑问，欢迎随时咨询！', '2026-04-03 01:37:46.767578');
INSERT INTO public.chat_message (id, session_id, role, content, created_at) VALUES (2039948274595229697, 2039944885920542721, 'user', '你能做什么', '2026-04-03 14:09:03.724497');
INSERT INTO public.chat_message (id, session_id, role, content, created_at) VALUES (2039968293219659777, 2039944885920542721, 'user', '你好', '2026-04-03 15:28:36.542282');
INSERT INTO public.chat_message (id, session_id, role, content, created_at) VALUES (2039968334453862402, 2039944885920542721, 'assistant', '你好！我是“健小助”，很高兴为你服务。💪

作为你的专业智能健身助手，我可以为你提供**训练指导、饮食建议、器械使用、计划制定、损伤预防**以及**健身房相关信息**的咨询。

请问今天有什么健身方面的问题需要我帮忙吗？无论是想增肌、减脂，还是想了解某个动作的标准姿势，随时都可以问我！', '2026-04-03 15:28:46.375913');
INSERT INTO public.chat_message (id, session_id, role, content, created_at) VALUES (2039970111563689985, 2039944885920542721, 'user', '在哪', '2026-04-03 15:35:50.066783');
INSERT INTO public.chat_message (id, session_id, role, content, created_at) VALUES (2039970133323739137, 2039944885920542721, 'user', '地址在哪', '2026-04-03 15:35:55.267627');
INSERT INTO public.chat_message (id, session_id, role, content, created_at) VALUES (2039970178236346370, 2039944885920542721, 'assistant', '您好！我是“健小助”。

关于您询问的**地址**，因为我是一个智能健身助手，无法获取您具体的地理位置或特定健身场馆的信息。

如果您是想寻找附近的健身房，建议您使用地图软件搜索“健身房”查看具体位置。

如果您是指某个特定健身房的地址，请告诉我健身房的名称，或者您可以咨询该场馆的工作人员。如果您有其他关于**健身训练、饮食建议**或**运动计划**的问题，欢迎随时向我提问！', '2026-04-03 15:36:05.960401');
INSERT INTO public.chat_message (id, session_id, role, content, created_at) VALUES (2039970379147702273, 2039944885920542721, 'user', '场馆介绍', '2026-04-03 15:36:53.867636');
INSERT INTO public.chat_message (id, session_id, role, content, created_at) VALUES (2039970533942685698, 2039944885920542721, 'assistant', '您好！我是力健空间健身中心的智能健身助手“健小助”。很高兴为您介绍我们的场馆：

**场馆概况**
力健空间健身中心成立于 2020 年，是一家专注于科学健身的综合性健身场馆，致力于为您提供专业、舒适的健身环境。

**位置与营业时间**
*   **地址**：XX 市 XX 区建国路 88 号现代城负一层
*   **营业时间**：周一至周日 6:00 - 23:00（法定节假日正常营业）
*   **联系电话**：400-888-9999

**场馆设施（总面积 1500㎡）**
1.  **自由力量区**：配备哑铃、杠铃、卧推架等专业力量器械。
2.  **固定器械区**：涵盖全身各部位训练器械，适合新手，安全易操作。
3.  **有氧区**：配备跑步机、椭圆机、动感单车等，设有独立影音系统。
4.  **操课房**：宽敞明亮的团课教室，可容纳 30 人同时上课。
5.  **私教区**：独立私密的一对一训练区域，配备专业功能性训练工具。

如果您需要了解具体的课程安排或入场规则，欢迎随时提问！', '2026-04-03 15:37:30.770471');
INSERT INTO public.chat_message (id, session_id, role, content, created_at) VALUES (2039970874369175553, 2039944885920542721, 'user', '营业时间', '2026-04-03 15:38:51.935629');
INSERT INTO public.chat_message (id, session_id, role, content, created_at) VALUES (2039970945739452417, 2039944885920542721, 'assistant', '您好！我是力健空间健身中心的智能健身助手“健小助”。

根据场馆信息，我们的**营业时间**如下：

*   **周一至周日**：6:00 - 23:00
*   **备注**：法定节假日正常营业

如果您需要了解更多详情，欢迎随时咨询！', '2026-04-03 15:39:08.950232');
INSERT INTO public.chat_message (id, session_id, role, content, created_at) VALUES (2040141281492738049, 2040136544634544130, 'assistant', '您好！我是力健空间健身中心的智能健身助手“健小助”。

根据知识库信息，我们提供以下几种卡种及办理形式：

**1. 常规卡种：**
*   **年卡**
*   **半年卡**
*   **季卡**
*   **月卡**（挑战活动奖励中提及）
*   **学生卡**（寒暑假期间享受专属 8 折优惠）

**2. 特殊活动卡：**
*   **特价卡、活动卡**（注：此类卡不支持退卡）

**3. 企业团办卡：**
*   10 人以上团办，可享受 8 折优惠。
*   20 人以上团办，可享受 7.5 折优惠。

如果您需要了解具体的卡价或当前的节日优惠活动，欢迎随时提问！', '2026-04-04 02:56:00.164549');
INSERT INTO public.chat_message (id, session_id, role, content, created_at) VALUES (2040429557269258241, 2040136544634544130, 'assistant', '您好！我是您的智能健身助手“健小助”。

关于您询问的**具体地址**和**交通路线**，因为我是一款线上的智能助手，无法获取您当前所在的具体健身房或场馆的地理位置信息。

建议您可以通过以下方式获取准确信息：
1.  **查看官方渠道**：请查看您所关注的健身房官方公众号、小程序或APP，通常在“联系我们”或“门店详情”中会有详细地址和交通指引。
2.  **使用地图软件**：直接在地图软件（如高德地图、百度地图）中搜索健身房名称，即可获得导航路线。

如果您有关于**健身训练、饮食建议、器械使用**或**运动损伤预防**等方面的问题，欢迎随时向我提问，我会很乐意为您提供专业的帮助！', '2026-04-04 22:01:30.458532');
INSERT INTO public.chat_message (id, session_id, role, content, created_at) VALUES (2040864709552218114, 2040851441290915842, 'user', '有什么类型的卡', '2026-04-06 02:50:38.846599');
INSERT INTO public.chat_message (id, session_id, role, content, created_at) VALUES (2039750117647155202, 2039344298904473602, 'user', '健身房位置在哪里？', '2026-04-03 01:01:39.42874');
INSERT INTO public.chat_message (id, session_id, role, content, created_at) VALUES (2039753355473682434, 2039344298904473602, 'user', '健身房位置在哪里？', '2026-04-03 01:14:31.387561');
INSERT INTO public.chat_message (id, session_id, role, content, created_at) VALUES (2039753395474759681, 2039344298904473602, 'assistant', '您好！我是力健空间健身中心的智能健身助手“健小助”。

根据我们的场馆信息，力健空间健身中心位于：**XX 市 XX 区建国路 88 号现代城负一层**。

如果您需要导航或有其他疑问，欢迎随时咨询！', '2026-04-03 01:14:40.927147');
INSERT INTO public.chat_message (id, session_id, role, content, created_at) VALUES (2039753572071735298, 2039344298904473602, 'user', '你们店有什么会员卡？', '2026-04-03 01:15:23.037419');
INSERT INTO public.chat_message (id, session_id, role, content, created_at) VALUES (2039753653378318337, 2039344298904473602, 'assistant', '您好！我是力健空间健身中心的智能健身助手“健小助”。很高兴为您介绍我们的会员卡类型。

我们提供多种会员卡，以满足不同用户的健身需求，具体如下：

| 卡种类型 | 价格 | 适用人群 | 备注 |
|---|---|---|---|
| **月卡** | 399 元 | 短期体验用户 | 有效期 30 天，开卡后生效 |
| **季卡** | 999 元 | 季度训练用户 | 有效期 90 天，平均每月 333 元 |
| **半年卡** | 1699 元 | 中长期训练用户 | 有效期 180 天，平均每月 283 元 |
| **年卡** | 2999 元 | 长期健身用户 | 有效期 365 天，平均每月 250 元 |
| **次卡（30 次）** | 899 元 | 不规律健身用户 | 有效期 180 天，不限本人使用 |
| **学生年卡** | 1999 元 | 在校学生 | 需出示学生证，有效期 365 天 |
| **家庭年卡** | 4999 元 | 家庭用户 | 2 大 1 小，有效期 365 天 |

此外，新用户办卡后在开卡激活时，还可免费获得 **1 次专业体测服务**与 **1 次私教体验课**。

如果您有具体的办卡需求或想了解当前的优惠活动，欢迎随时咨询！', '2026-04-03 01:15:42.422173');
INSERT INTO public.chat_message (id, session_id, role, content, created_at) VALUES (2039753715881836546, 2039344298904473602, 'user', '如何增肌？', '2026-04-03 01:15:57.326724');
INSERT INTO public.chat_message (id, session_id, role, content, created_at) VALUES (2039753805950320642, 2039344298904473602, 'assistant', '您好！我是力健空间健身中心的智能健身助手“健小助”。关于如何增肌，结合我们场馆的服务内容，为您提供以下建议：

**1. 科学制定训练计划**
增肌需要进行针对性的力量训练。我们场馆的专业私教可提供**“增肌增重”**服务，针对瘦体重提升，为您制定科学的力量训练计划，帮助您高效达成目标。

**2. 注意营养补充**
合理的饮食摄入对增肌至关重要。
*   **场馆服务**：场馆前台有**运动补剂**出售，您可以根据需求选购。
*   **饮用规范**：您可以在**休息区**饮用蛋白粉等补剂，但请勿在器械区进食，以免弄脏器械。

**3. 确保训练安全**
*   **规范使用器械**：使用自由重量器械（哑铃、杠铃）时请注意周围人员；进行大重量训练时，请尽量有人陪同或使用保护装置，避免受伤。
*   **寻求专业指导**：如果您是健身新手或不知道如何安排训练，建议咨询我们的专业私教（收费标准及预约方式可咨询前台），获取一对一的定制化服务。

如果您需要预约私教体验或了解具体的课程收费，可以通过公众号“力健空间健身中心”或前往前台咨询。祝您训练愉快！', '2026-04-03 01:16:18.797302');
INSERT INTO public.chat_message (id, session_id, role, content, created_at) VALUES (2039755553045708802, 2039344298904473602, 'user', '有哪些教练', '2026-04-03 01:23:15.343319');
INSERT INTO public.chat_message (id, session_id, role, content, created_at) VALUES (2039756083780354049, 2039344298904473602, 'user', '有哪些教练', '2026-04-03 01:25:21.869672');
INSERT INTO public.chat_message (id, session_id, role, content, created_at) VALUES (2039943958782214146, 2039344298904473602, 'user', '蛋白粉怎么选', '2026-04-03 13:51:54.753507');
INSERT INTO public.chat_message (id, session_id, role, content, created_at) VALUES (2039944007134150658, 2039344298904473602, 'user', '你好', '2026-04-03 13:52:06.288002');
INSERT INTO public.chat_message (id, session_id, role, content, created_at) VALUES (2039960026695299074, 2039944885920542721, 'user', '热身动作推荐', '2026-04-03 14:55:45.658543');
INSERT INTO public.chat_message (id, session_id, role, content, created_at) VALUES (2039960082269827074, 2039944885920542721, 'user', '蛋白粉怎么选', '2026-04-03 14:55:58.900814');
INSERT INTO public.chat_message (id, session_id, role, content, created_at) VALUES (2039960160342601730, 2039944885920542721, 'assistant', '您好！我是力健空间健身中心的智能健身助手“健小助”。

关于“蛋白粉怎么选”，目前知识库中暂无相关产品的具体选购指南。但基于一般健身专业知识，为您提供以下参考建议：

1.  **看类型**：
    *   **乳清蛋白**：吸收快，适合训练后补充，是最常见的选择。
    *   **酪蛋白**：吸收慢，适合睡前补充。
    *   **分离乳清蛋白**：纯度更高，乳糖不耐受人群可选。

2.  **看成分**：建议选择配料表简短、蛋白质含量较高（通常建议超过70%）的产品，避免过多的糖分和添加剂。

3.  **按需求选择**：增肌人群可关注热量和碳水化合物含量；减脂人群建议选择低脂、低碳水的蛋白粉。

**温馨提示**：
*   蛋白粉属于膳食补充剂，建议在满足日常饮食蛋白质摄入的基础上合理补充。
*   如果您有特殊的健康状况或肾脏代谢问题，建议咨询专业医生或营养师。

另外，根据我们场馆规定，您可以在**休息区**饮用补剂，但请勿在器械区进食，以免弄脏器械。祝您健身愉快！', '2026-04-03 14:56:17.514361');
INSERT INTO public.chat_message (id, session_id, role, content, created_at) VALUES (2039979398738407426, 2039944885920542721, 'user', '营业时间', '2026-04-03 16:12:44.302868');
INSERT INTO public.chat_message (id, session_id, role, content, created_at) VALUES (2039979571174633473, 2039944885920542721, 'assistant', '您好！我是“健小助”。

关于具体的健身房地址，因为我无法获取您所在具体场馆的实时地理位置信息，建议您采取以下方式查询：

1.  **查看官方信息**：您可以查看健身房的官方公众号、小程序或您的会员卡背面，通常会有详细的地址指引。
2.  **使用地图软件**：在地图软件（如高德地图、百度地图）中直接搜索健身房名称，即可获得准确的导航路线。

如果您需要了解**健身房的营业时间**、**设施概况**或**训练计划制定**等其他健身相关问题，请随时告诉我，我会全力为您解答！', '2026-04-03 16:13:25.417755');
INSERT INTO public.chat_message (id, session_id, role, content, created_at) VALUES (2040062032327901186, 2039944885920542721, 'assistant', '您好！我是力健空间健身中心的智能健身助手“健小助”。根据我们的资料，目前中心拥有以下四位专业教练：

**1. 张磊（主教练）**
*   **资质**：美国 ACE 认证教练、国家健身营养师
*   **从业年限**：8 年
*   **擅长方向**：减脂塑形、增肌增重、体态调整
*   **简介**：曾帮助超过 500 位用户成功减脂，擅长定制个性化饮食与训练计划。

**2. 李娜（女子训练专家）**
*   **资质**：国家一级健身教练、产后康复师
*   **从业年限**：6 年
*   **擅长方向**：产后恢复、女子塑形、普拉提
*   **简介**：专注女性健身，帮助超过 300 位产后妈妈完成身材恢复。

**3. 王强（康复教练）**
*   **资质**：运动康复师、国家健身教练职业资格证
*   **从业年限**：7 年
*   **擅长方向**：运动损伤康复、肩颈腰腿痛调理、体态矫正
*   **简介**：曾为多名职业运动员提供康复服务，擅长通过康复训练改善慢性疼痛。

**4. 刘芳（团课教练）**
*   **资质**：Zumba 认证教练、瑜伽导师
*   **从业年限**：5 年
*   **擅长方向**：动感单车、舞蹈、瑜伽
*   **简介**：活力满满，课程氛围轻松有趣，深受会员喜爱。

如果您需要了解具体的预约时间或想预约体验，请随时告诉我！', '2026-04-03 21:41:05.690387');
INSERT INTO public.chat_message (id, session_id, role, content, created_at) VALUES (2039620265967259650, 2039344298904473602, 'user', '器械使用指南', '2026-04-02 16:25:40.386307');
INSERT INTO public.chat_message (id, session_id, role, content, created_at) VALUES (2039622653465759745, 2039344298904473602, 'user', '热身动作推荐', '2026-04-02 16:35:09.603124');
INSERT INTO public.chat_message (id, session_id, role, content, created_at) VALUES (2039622811876233218, 2039344298904473602, 'assistant', '你好！我是“健小助”。很高兴为你解答！

热身是健身环节中至关重要的一步，它能提高体温，增加关节灵活性，激活肌肉，从而有效预防运动损伤。一个科学的热身流程通常包括**全身性热身**和**动态拉伸**。

以下我为你推荐一套高效、全面的热身动作序列，适合大多数健身场景：

### 第一阶段：全身性热身（3-5分钟）
**目的：** 提高心率，升高体温，让身体进入运动状态。

1.  **原地慢跑/开合跳**
    *   **动作要领：** 保持轻松的节奏，呼吸均匀。如果体重较大或膝盖有不适，建议选择原地慢跑或原地踏步摆臂。
    *   **时长：** 1-2分钟。

2.  **跳绳（可选）**
    *   **动作要领：** 膝盖微屈，用脚尖着地，轻盈跳跃。
    *   **时长：** 1-2分钟。

### 第二阶段：动态拉伸与关节激活（5-8分钟）
**目的：** 打开关节活动度，润滑关节，激活目标肌群。**注意：运动前请做动态拉伸，尽量避免做静态保持的动作。**

1.  **肩部环绕**
    *   **动作要领：** 双臂自然下垂，双肩向前、向上、向后、向下做最大幅度的环绕。
    *   **次数：** 向前向后各10-15圈。
    *   **适用：** 适合上肢训练或伏案工作后的放松。

2.  **扩胸运动**
    *   **动作要领：** 双臂平举，掌心朝前，用力向后扩胸，然后双臂在体前交叉抱肩。
    *   **次数：** 15-20次。

3.  **躯干转体**
    *   **动作要领：** 双脚分开站立，双手抬起平举，保持下半身不动，通过腰部力量带动上半身左右转动，视线跟随手掌移动。
    *   **次数：** 左右各10-15次。
    *   **注意：** 动作要有控制，不要利用惯性猛甩。

4.  **站姿提膝**
    *   **动作要领：** 原地站立，交替抬高膝盖，尽量让膝盖触碰对侧的手肘。
    *   **次数：** 左右腿各10-15次。
    *   **作用：** 激活髋关节屈肌和核心肌群。

5.  **弓步转体**
    *   **动作要领：** 向前迈出一大步成弓步姿态，后腿膝盖不要着地，保持上半身挺直，双手举过头顶，向迈步腿的一侧转动身体。
    *   **次数：** 左右交替各5-8次。
    *   **作用：** 极好的髋关节激活动作，同时拉伸胸椎。

6.  **大腿动态拉伸**
    *   **动作要领：** 单手扶墙保持平衡，另一只手抓住同侧脚踝向后拉，感受大腿前侧拉伸，然后松开还原，换另一侧。动作要有节奏感。
    *   **次数：** 左右腿各8-10次。

### 第三阶段：专项热身（根据训练内容调整）
**目的：** 用轻重量预演正式训练动作。

*   **如果你进行力量训练：** 在正式组之前，先用空杆或极轻重量（正式重量的30%-50%）做1-2组动作。例如练胸前来一组轻重量卧推，练腿前做一组自重深蹲。
*   **如果你进行跑步：** 在正式跑之前，做几组高抬腿、后踢腿跑。

---

**⚠️ 健小助的安全提示：**
1.  **循序渐进：** 热身强度以身体微微出汗、精神振奋为宜，不要在热身阶段就耗尽体力。
2.  **倾听身体：** 如果在热身过程中感到关节刺痛或不适，请立即停止并检查动作是否标准，必要时请咨询医生。
3.  **不要做静态拉伸：** 运动前做长时间保持不动的静态拉伸（如压腿保持30秒不动）可能会暂时降低肌肉力量，建议放在运动后的拉伸环节进行。

希望这套热身方案能帮到你！做好热身，训练更安全、更高效。加油！💪', '2026-04-02 16:35:47.377894');
INSERT INTO public.chat_message (id, session_id, role, content, created_at) VALUES (2039622848530255874, 2039344298904473602, 'user', '教练推荐', '2026-04-02 16:35:56.115756');
INSERT INTO public.chat_message (id, session_id, role, content, created_at) VALUES (2039622964733448194, 2039344298904473602, 'assistant', '你好！我是**健小助**，很高兴能协助你开启健身之旅！

关于“教练推荐”，因为我无法获取你所在的地理位置，也无法对具体的个人做出评价，但我可以为你提供**“如何挑选适合自己的健身教练”**的专业建议。一个好的教练能让你事半功倍，避免受伤。

你可以根据以下几个核心标准来筛选和推荐教练：

### 1. 看专业资质认证 (硬门槛)
这是最基础的要求。一位专业的教练应该持有国际或国内认可的认证证书。
*   **国际四大认证：** ACE（美国运动委员会）、NSCA（美国国家体能协会）、ACSM（美国运动医学会）、NASM（美国国家运动医学学会）。持有这些证书通常代表具备较高的专业水准。
*   **国内认证：** 国家职业资格健身教练认证（国职）、CBBA（中国健美协会）等。

### 2. 看体型与实操经验 (直观感受)
*   **身材管理：** 教练的体型是其自律程度和专业知识的“名片”。不要求教练一定是健美冠军，但应该具备良好的体态和精神面貌。
*   **动作示范：** 观察他在指导他人时，动作示范是否标准、优美，讲解是否清晰。

### 3. 看教学风格与沟通 (软实力)
这一点非常重要，适合别人的教练不一定适合你。
*   **耐心程度：** 好的教练会耐心纠正你的动作细节，而不是只顾着数次数或玩手机。
*   **鼓励支持：** 观察他是通过鼓励和正向反馈来激励学员，还是通过过度打压和恐吓。
*   **倾听能力：** 他是否愿意倾听你的需求、身体状况和痛点，而不是一上来就推销课程。

### 4. 看专项匹配度 (针对性)
根据你的目标选择对应特长的教练：
*   **增肌塑形：** 找有健美背景或擅长力量训练的教练。
*   **减脂瘦身：** 找擅长功能性训练或有氧结合的教练。
*   **康复/体态矫正：** 找有物理治疗背景或持有相关康复认证的教练（这点需要非常谨慎，安全第一）。

### 5. 试课体验 (最关键)
不要急于购买大量课程，建议先购买一节**体验课**或**单次课程**：
*   体验他在热身、训练、拉伸环节是否专业。
*   感受他的授课节奏你是否适应。
*   确认他是否会根据你的身体反馈（如疲劳、关节不适）及时调整训练计划。

**健小助温馨提示：**
健身是一个循序渐进的过程，教练是引路人，但坚持还得靠自己。如果你愿意告诉我你的**健身目标**（如增肌、减脂）、**目前的运动基础**以及**有无伤病历史**，我也可以为你制定一份初步的训练计划，作为你挑选教练时的参考依据！💪', '2026-04-02 16:36:23.81258');
INSERT INTO public.chat_message (id, session_id, role, content, created_at) VALUES (2039627539972526081, 2039344298904473602, 'user', '你能做什么', '2026-04-02 16:54:34.644329');
INSERT INTO public.chat_message (id, session_id, role, content, created_at) VALUES (2039627694624903170, 2039344298904473602, 'user', '你可以做什么', '2026-04-02 16:55:11.517041');
INSERT INTO public.chat_message (id, session_id, role, content, created_at) VALUES (2040446889077104642, 2040136544634544130, 'user', '有什么卡推荐', '2026-04-04 23:10:22.682207');
INSERT INTO public.chat_message (id, session_id, role, content, created_at) VALUES (2040447015304683522, 2040136544634544130, 'assistant', '你好！我是“健小助”。很高兴为您服务！

关于您提到的“有什么卡推荐”，这通常涉及到健身房的**会员卡办理**或**课程卡选择**。由于不同的健身房政策差异很大，我无法直接为您推荐具体的某一家健身房或某一种特定的卡种，但我可以为您提供一些**选卡建议**，帮助您根据自己的情况做出最划算的选择：

**1. 根据锻炼频率选择：**
*   **次卡/储值卡：** 如果您是健身新手，或者工作生活时间不固定，不确定能坚持多久，建议先办理**次卡**。练一次扣一次钱，经济压力小，也没有“办了年卡不去”的浪费风险。
*   **月卡/季卡：** 适合短期目标明确（如暑期突击减脂）的用户，或者刚搬家想体验新健身房环境的用户。
*   **年卡/多年卡：** 如果您已经有良好的健身习惯，且每周固定锻炼3次以上，年卡通常是单价最划算的选择。但请务必确认健身房的经营状况和您的长期计划，避免商家跑路或自己因故无法坚持造成的损失。

**2. 根据锻炼需求选择：**
*   **通用会员卡：** 包含器械区、有氧区和团课（如瑜伽、动感单车）。适合喜欢多样化锻炼方式的用户。
*   **私教课包：** 如果您是零基础、有运动损伤康复需求或需要备赛，建议购买私教课程。这不仅仅是买“时间”，更是买专业教练的“指导”和“安全保障”。
*   **特色卡：** 有些健身房提供专门的游泳卡或单项课程卡，如果您只对某一项感兴趣，这种卡性价比更高。

**3. 办卡前的“避坑”小贴士：**
*   **实地考察：** 办卡前一定要去现场看看。检查器械是否完好、卫生环境是否干净、高峰期是否排队、淋浴间是否整洁。
*   **确认有效期：** 仔细询问卡的有效期、是否包含节假日、是否有停卡服务（如出差或生病能否冻结会员卡）。
*   **阅读合同：** 重点关注退卡、转卡（转让给他人）的手续费和规则，避免日后产生纠纷。

如果您能告诉我您的**健身目标**（如增肌、减脂）、**锻炼频率**以及您所在的**区域**，我可以为您提供更有针对性的建议！您是想了解如何选择健身房，还是想了解具体的课程安排呢？', '2026-04-04 23:10:52.78579');
INSERT INTO public.chat_message (id, session_id, role, content, created_at) VALUES (2040447449784246273, 2040136544634544130, 'user', '你能做什么', '2026-04-04 23:12:36.3701');
INSERT INTO public.chat_message (id, session_id, role, content, created_at) VALUES (2040863204975628289, 2040851441290915842, 'user', '地址在哪', '2026-04-06 02:44:40.123068');
INSERT INTO public.chat_message (id, session_id, role, content, created_at) VALUES (2040864859154653186, 2040851441290915842, 'user', '有哪些教练', '2026-04-06 02:51:14.51341');
INSERT INTO public.chat_message (id, session_id, role, content, created_at) VALUES (2039627751344476162, 2039344298904473602, 'assistant', '你好！我是你的专属智能健身助手“健小助”。很高兴为你服务！💪

我可以帮你解决以下几类健身相关的问题：

**1. 🏋️ 健身训练指导**
无论是想增肌、减脂，还是想提升体能，我都可以为你提供力量训练、有氧运动以及柔韧性训练的专业动作讲解和技巧指导。

**2. 🥗 营养饮食建议**
俗话说“三分练，七分吃”。我可以根据你的目标（如增肌或减脂），为你提供科学的饮食建议和运动营养补充方案。

**3. 🏋️‍♂️ 器械使用指导**
面对健身房里琳琅满目的器械不知道怎么用？我会教你各种器械的正确使用方法、发力技巧以及注意事项，帮你避开误区。

**4. 📅 训练计划制定**
我会根据你的身体状况、时间安排和健身目标，为你量身定制个性化的训练计划，让你的每一次锻炼都更有效率。

**5. 🩹 运动损伤预防**
安全是健身的前提。我会教你如何进行正确的热身和拉伸，以及如何预防常见的运动损伤，保护你的身体健康。

**温馨提示：** 我只专注于健身领域。如果你有其他无关的问题，我可能无法回答哦。

请告诉我你今天的健身目标是什么？或者有什么具体问题想问我？让我们一起动起来吧！🔥', '2026-04-02 16:55:25.029532');
INSERT INTO public.chat_message (id, session_id, role, content, created_at) VALUES (2039638044288126977, 2039344298904473602, 'user', '今天可以练什么？', '2026-04-02 17:36:19.066042');
INSERT INTO public.chat_message (id, session_id, role, content, created_at) VALUES (2039659713622863873, 2039344298904473602, 'user', '你能做什么', '2026-04-02 19:02:25.426223');
INSERT INTO public.chat_message (id, session_id, role, content, created_at) VALUES (2039659772531863554, 2039344298904473602, 'assistant', '你好！我是**健小助**，你的专业智能健身助手。很高兴为你服务！💪

我可以帮你解决以下健身相关的问题：

1.  **🏋️ 健身训练指导**：无论是力量训练（如深蹲、卧推）、有氧运动，还是柔韧性训练，我都能提供标准的动作讲解和技巧。
2.  **🥗 营养饮食建议**：为你提供科学的饮食方案，包括如何吃才能增肌、减脂，以及运动前后的营养补充建议。
3.  **🛠️ 器械使用指导**：教你健身房各种器械的正确使用方法、调整技巧及注意事项，让你不再迷茫。
4.  **📅 训练计划制定**：根据你的健身目标（如增肌、塑形、提升体能），为你量身定制个性化的训练计划。
5.  **🛡️ 运动损伤预防**：教你正确的热身和拉伸方法，帮助你预防常见的运动损伤，确保训练安全。

**请放心，我会始终坚持：**
*   **科学专业**，为你提供准确的建议；
*   **安全第一**，时刻提醒你注意动作规范；
*   **耐心鼓励**，陪伴你在健身路上不断进步。

请问你今天想了解哪方面的内容呢？', '2026-04-02 19:02:39.478733');
INSERT INTO public.chat_message (id, session_id, role, content, created_at) VALUES (2039661789451022338, 2039344298904473602, 'user', '给我买一个健身卡', '2026-04-02 19:10:40.348755');
INSERT INTO public.chat_message (id, session_id, role, content, created_at) VALUES (2039662011426172930, 2039344298904473602, 'user', '给我买一个健身卡', '2026-04-02 19:11:33.273182');
INSERT INTO public.chat_message (id, session_id, role, content, created_at) VALUES (2039662071727681537, 2039344298904473602, 'assistant', '你好！我是“健小助”。

很抱歉，我无法直接为您购买健身卡。作为智能健身助手，我没有支付和线下办理业务的功能。

不过，在您办理健身卡之前，我可以为您提供一些**专业的建议**，帮助您选择最适合自己的健身房，避免花冤枉钱：

1.  **明确训练目标**：先想清楚您是想增肌、减脂还是改善体能？如果侧重力量训练，要重点考察健身房的**自由力量区**（哑铃、杠铃是否齐全）；如果侧重有氧，要看有氧器械（跑步机、椭圆机）的数量是否充足。
2.  **考察距离和环境**：健身圈有一句名言：“最好的健身房就是离你家或公司最近的那一个。”距离过远会大大降低您坚持去的概率。同时，记得考察卫生情况、通风情况和淋浴间设施。
3.  **体验实地感受**：建议先申请**体验卡**或**试练**一次。感受一下器械的顺滑度、高峰期的人流量以及教练的专业程度（避免过度推销）。
4.  **警惕消费陷阱**：办理年卡或私教课之前，请仔细阅读合同条款，特别是关于**退卡、转卡**的规定，保护好自己的权益。

如果您已经有了心仪的健身房，或者想开始制定训练计划，随时告诉我，我可以帮您规划**新手入门训练方案**！加油，迈出这一步就是成功的一半！', '2026-04-02 19:11:47.653829');
INSERT INTO public.chat_message (id, session_id, role, content, created_at) VALUES (2039664994721361922, 2039344298904473602, 'user', '器械使用指南', '2026-04-02 19:23:24.553678');
INSERT INTO public.chat_message (id, session_id, role, content, created_at) VALUES (2039674312002859010, 2039344298904473602, 'user', '你能做什么？', '2026-04-02 20:00:25.951517');
INSERT INTO public.chat_message (id, session_id, role, content, created_at) VALUES (2039674372602163202, 2039344298904473602, 'assistant', '你好！我是“健小助”，很高兴为你服务。我可以为你提供以下全方位的健身支持：

1.  **🏋️ 健身训练指导**
    无论是力量训练（如深蹲、卧推）、有氧运动（跑步、跳绳）还是柔韧性训练，我都能为你提供标准的动作讲解和技巧指导。

2.  **🥗 营养饮食建议**
    根据你的目标是增肌还是减脂，为你提供科学的饮食建议和营养补充方案，帮你做到“三分练，七分吃”。

3.  **器械使用指导**
    不熟悉健身房的各种器械？我会教你它们的正确使用方法和注意事项，帮你避开误区，确保安全。

4.  **📅 训练计划制定**
    告诉我你的健身目标和现状，我可以为你量身定制个性化的训练计划，让你的每一次锻炼都有的放矢。

5.  **🛡️ 运动损伤预防**
    教你如何进行正确的热身和拉伸，以及如何预防常见的运动损伤，让你练得更安心。

**请告诉我你目前的健身目标或遇到的具体问题，我会尽力为你提供专业、安全的建议！**', '2026-04-02 20:00:40.412897');
INSERT INTO public.chat_message (id, session_id, role, content, created_at) VALUES (2039674681147748354, 2039344298904473602, 'user', '减脂饮食建议', '2026-04-02 20:01:53.978423');
INSERT INTO public.chat_message (id, session_id, role, content, created_at) VALUES (2039674762211061762, 2039344298904473602, 'assistant', '你好！我是“健小助”。很高兴能为你提供减脂饮食建议。减脂的核心在于**制造热量缺口**（消耗 > 摄入），但前提是保证身体健康和代谢正常。

以下是为你整理的科学减脂饮食指南，简单易行，请查收：

### 1. 核心原则：三分练，七分吃
*   **热量缺口**：每天摄入的热量应比消耗的热量少300-500千卡。不要过度节食，否则会降低基础代谢，容易反弹。
*   **营养均衡**：减脂不是不吃，而是会吃。要保证蛋白质充足，碳水化合物适量，脂肪优质。

### 2. 三大营养素怎么吃？
*   **蛋白质（肌肉的燃料）——要足量**
    *   **作用**：增加饱腹感，防止肌肉流失，提高代谢。
    *   **推荐**：鸡胸肉、瘦牛肉、鱼虾、鸡蛋、豆腐、牛奶。
    *   **建议**：每餐都应包含一份手掌大小的蛋白质。

*   **碳水化合物（身体的能量）——要优选**
    *   **作用**：提供能量，避免低血糖。减脂期建议用粗粮代替部分精米白面。
    *   **推荐**：燕麦、糙米、玉米、红薯、紫薯、全麦面包。
    *   **建议**：晚餐可适当减少碳水摄入，尽量在运动前后补充。

*   **脂肪（激素的原料）——要优质**
    *   **作用**：维持激素水平，保护脏器。
    *   **推荐**：橄榄油、牛油果、坚果（少量）、深海鱼油。
    *   **注意**：远离反式脂肪（如奶茶、蛋糕、炸鸡）。

### 3. 实操建议：做到这5点，效果看得见
1.  **多吃膳食纤维**：每餐先吃大量绿叶蔬菜（菠菜、西兰花、生菜等），热量低且体积大，能帮你少吃其他高热量食物。
2.  **多喝水**：每天饮水2000ml以上，促进代谢。饭前喝一杯水还能增加饱腹感。
3.  **清淡烹饪**：尽量选择蒸、煮、烤、凉拌。少油、少盐、少糖，拒绝油炸和红烧。
4.  **细嚼慢咽**：每口饭咀嚼15-20', '2026-04-02 20:02:13.305817');
INSERT INTO public.chat_message (id, session_id, role, content, created_at) VALUES (2039675844471517186, 2039344298904473602, 'user', '今天几号', '2026-04-02 20:06:31.327954');
INSERT INTO public.chat_message (id, session_id, role, content, created_at) VALUES (2039675871650607106, 2039344298904473602, 'assistant', '你好！我是“健小助”，专注于为你提供专业的健身指导和建议。

关于“今天几号”这个问题属于日期查询，与健身领域无关，我无法直接回答。

如果你有任何关于**训练计划、饮食建议、器械使用或运动损伤预防**等方面的问题，欢迎随时向我提问，我会很乐意为你提供帮助！', '2026-04-02 20:06:37.815843');
INSERT INTO public.chat_message (id, session_id, role, content, created_at) VALUES (2039676724776263682, 2039344298904473602, 'user', '你好', '2026-04-02 20:10:01.178649');
INSERT INTO public.chat_message (id, session_id, role, content, created_at) VALUES (2039676807429218306, 2039344298904473602, 'assistant', '你好呀！我是你的健身小助手“健小助”～✨  
很高兴为你提供专业的健身指导！无论是想增肌、减脂，还是想学会正确使用器械、制定训练计划，或者预防运动损伤，我都可以帮你哦！💪  

你最近有什么健身目标吗？可以告诉我，我们一起制定专属计划吧！😊', '2026-04-02 20:10:20.920305');
INSERT INTO public.chat_message (id, session_id, role, content, created_at) VALUES (2039677094227337218, 2039344298904473602, 'user', '热身动作推荐', '2026-04-02 20:11:29.296178');
INSERT INTO public.chat_message (id, session_id, role, content, created_at) VALUES (2039677162460274689, 2039344298904473602, 'user', '店铺地址在哪里？', '2026-04-02 20:11:45.558439');
INSERT INTO public.chat_message (id, session_id, role, content, created_at) VALUES (2039677185998708737, 2039344298904473602, 'assistant', '您好！我是“健小助”，专注于为您提供专业的健身指导和建议。

关于您询问的“店铺地址”，这属于商业咨询范畴，很抱歉我无法回答与健身无关的问题。

如果您有任何关于**健身训练、营养饮食、器械使用、计划制定或运动损伤预防**方面的问题，欢迎随时向我提问，我会很乐意为您提供帮助！', '2026-04-02 20:11:51.18244');
INSERT INTO public.chat_message (id, session_id, role, content, created_at) VALUES (2039751001101795329, 2039344298904473602, 'user', '健身房位置在哪里？', '2026-04-03 01:05:10.068906');
INSERT INTO public.chat_message (id, session_id, role, content, created_at) VALUES (2039757136751972353, 2039344298904473602, 'user', '有哪些教练', '2026-04-03 01:29:32.884487');
INSERT INTO public.chat_message (id, session_id, role, content, created_at) VALUES (2039944887036227586, 2039944885920542721, 'user', '如何增肌？', '2026-04-03 13:55:36.079245');
INSERT INTO public.chat_message (id, session_id, role, content, created_at) VALUES (2039965548970438657, 2039944885920542721, 'user', '你们的店的地址在哪里？', '2026-04-03 15:17:42.256555');
INSERT INTO public.chat_message (id, session_id, role, content, created_at) VALUES (2040061904393240577, 2039944885920542721, 'user', '有哪些教练', '2026-04-03 21:40:35.17682');
INSERT INTO public.chat_message (id, session_id, role, content, created_at) VALUES (2040084106148741121, 2039944885920542721, 'user', '有什么合作？', '2026-04-03 23:08:48.503417');
INSERT INTO public.chat_message (id, session_id, role, content, created_at) VALUES (2040136544634544131, 2040136544634544130, 'user', '有什么合作', '2026-04-04 02:37:10.809222');
INSERT INTO public.chat_message (id, session_id, role, content, created_at) VALUES (2040084875216363521, 2039944885920542721, 'assistant', '您好！我是“健小助”，很高兴为您介绍力健空间健身中心的合作项目。我们主要提供以下两类合作机会：

### 一、 企业团办合作
针对企业客户，我们提供灵活的团购优惠与定制服务：

1.  **团购优惠**：
    *   10人以上团办，可享受 **8折** 优惠。
    *   20人以上团办，可享受 **7.5折** 优惠。
    *   50人以上团办，可享受 **7折** 优惠，还可定制专属企业课程。

2.  **合作方式**：
    *   企业统一为员工办卡，费用由企业统一支付。
    *   企业发放健身补贴，员工自行办卡，同样可享受团办优惠。

3.  **定制服务**：
    *   可安排教练上门为企业做健康讲座、体测服务。
    *   可定制企业专属的团课、团建活动。

4.  **咨询方式**：请联系我们的商务经理 **138-XXXX-XXXX**。

### 二、 异业合作
我们也欢迎各类异业商家合作，资源互换，互利共赢：

1.  **合作类型**：周边餐饮、美容美发、瑜伽馆、体检中心等。
2.  **合作方式**：互相引流、联合活动、会员权益互通等。
3.  **咨询方式**：请致电 **400-888-9999** 转商务合作。

如果您对以上合作感兴趣，欢迎拨打对应的咨询电话进行详细了解！', '2026-04-03 23:11:51.857771');
INSERT INTO public.chat_message (id, session_id, role, content, created_at) VALUES (2040447518247870465, 2040136544634544130, 'assistant', '你好！我是**健小助**，你的专业智能健身助手。我可以为你提供全方位的健身支持，具体包括以下几个方面：

1.  **🏋️ 健身训练指导**
    无论是力量训练（如深蹲、卧推）、有氧运动，还是柔韧性训练，我都能为你提供标准的动作讲解和技巧指导，帮你科学锻炼。

2.  **🥗 营养饮食建议**
    我可以帮你制定增肌或减脂的饮食策略，解答关于蛋白质摄入、运动补剂（如蛋白粉、肌酸）的使用疑问，助你“三分练，七分吃”。

3.  **🛠️ 器械使用指导**
    不熟悉健身房的各种器械？我会教你各种固定器械和自由重量的正确使用方法，以及注意事项，让你练得更安全、更高效。

4.  **📅 训练计划制定**
    根据你的健身目标（增肌、减脂、塑形等）和实际情况，为你量身定制个性化的训练计划。

5.  **🛡️ 运动损伤预防**
    教你如何进行正确的热身和拉伸，规避常见的运动损伤风险。如果你在运动中有不适感，我也会提供相应的建议。

6.  **🏢 健身房相关信息**
    为你解答关于健身房的营业时间、场馆设施、会员政策及课程安排等问题。

**我的回答原则是：专业准确、简洁明了、安全第一。**

请告诉我，你今天想了解哪方面的内容？或者你目前的健身目标是什么？我随时准备为你服务！', '2026-04-04 23:12:52.688411');
INSERT INTO public.chat_message (id, session_id, role, content, created_at) VALUES (2040845709204074498, 2040845309902139394, 'assistant', '您好！我是“力健空间健身中心”的智能健身助手“健小助”。

制定一份完全个性化的健身训练计划通常需要了解您的身体状况、健身基础和具体目标（如减脂、增肌或康复）。由于目前缺乏您的个人身体数据，我无法为您直接生成专属方案。

不过，基于知识库中我们的**私教服务内容**和**团课课程安排**，我为您整理了以下针对性的训练建议和课程推荐，您可以根据自己的目标进行选择：

### 一、 基于不同目标的训练建议（参考私教服务内容）

根据我们专业私教提供的服务方向，您可以参考以下路径：

1.  **如果您的目标是减脂塑形：**
    *   **训练重点**：定制饮食 + 训练计划，高效燃脂。
    *   **推荐团课**：动感单车、有氧操、搏击操（消耗热量大）。
    *   **建议**：结合有氧运动与核心训练。

2.  **如果您的目标是增肌增重：**
    *   **训练重点**：针对瘦体重提升，制定力量训练计划，科学增肌。
    *   **推荐团课**：核心训练。
    *   **建议**：主要进行力量训练，团课可作为辅助调节。

3.  **如果您的目标是体态调整或康复：**
    *   **训练重点**：改善圆肩、驼背、骨盆前倾，或针对肩颈腰腿痛、运动损伤后的康复。
    *   **推荐团课**：瑜伽、普拉提（有助于核心稳定与柔韧性）。
    *   **特别提示**：康复训练建议在专业教练（如王强教练）指导下进行，避免二次损伤。

4.  **特殊人群（产后妈妈/儿童）：**
    *   我们提供产后恢复（盆底肌修复、腹直肌分离修复）及儿童体适能课程，建议预约李娜教练进行一对一咨询。

### 二、 每周团课训练安排参考

您可以根据上述目标，参考我们本周的**团课课程表**安排训练。以下是一份结合有氧与力量的均衡周计划建议：

| 时间 | 推荐课程 (时段) | 训练重点 |
| :--- | :--- | :--- |
| **周一** | 瑜伽 (09:00-10:00) 或 核心训练 (20:', '2026-04-06 01:35:08.812845');
INSERT INTO public.chat_message (id, session_id, role, content, created_at) VALUES (2040864763562270722, 2040851441290915842, 'assistant', '您好！我是“健小助”。很高兴为您解答关于会员卡类型的问题。

一般来说，健身房的会员卡主要分为以下几种常见类型，您可以根据自己的训练频率和生活习惯来选择：

**1. 时长卡（主流选择）**
*   **月卡/季卡：** 适合短期锻炼需求，或者刚入门想先尝试一下的用户。
*   **年卡：** 性价比最高，适合打算长期坚持系统锻炼的用户。
*   **多年卡：** 价格更优惠，适合已经养成健身习惯、决心长期坚持的老会员。

**2. 次卡（灵活选择）**
*   **单次卡：** 适合偶尔来锻炼一次的用户。
*   **多次卡（如30次、50次卡）：** 不限时间，练一次划一次，适合健身频率不固定（如经常出差）的用户。

**3. 时段卡（经济选择）**
*   **晨练卡/午休卡：** 仅限在特定的时间段（如9:00-17:00）使用，价格通常比全天卡便宜很多，适合时间自由的人群。

**4. 功能卡（特定需求）**
*   **健身卡：** 包含器械区、有氧区、更衣室等基础设施的使用权限。
*   **私教卡/课程卡：** 用于购买一对一私教课程或特定的团体课程（如瑜伽课、动感单车课等）。

**温馨提示：**
具体的卡种价格和权益可能因场馆活动而有所不同。建议您根据自己的**健身目标**和**时间安排**来选择最适合自己的卡种。

如果您想了解具体的办卡优惠或预约参观，我可以帮您联系会籍顾问。请问您大概一周计划锻炼几次呢？', '2026-04-06 02:50:51.733378');
INSERT INTO public.chat_message (id, session_id, role, content, created_at) VALUES (2040864951374815233, 2040851441290915842, 'assistant', '您好！我是力健空间健身中心的智能健身助手“健小助”。根据我们的资料，目前中心拥有以下四位专业教练：

**1. 张磊（主教练）**
*   **资质**：美国 ACE 认证教练、国家健身营养师
*   **从业年限**：8 年
*   **擅长方向**：减脂塑形、增肌增重、体态调整
*   **可预约时间**：周一至周五 10:00-20:00
*   **简介**：曾帮助超过 500 位用户成功减脂，平均减脂 20 斤，擅长定制个性化饮食与训练计划。

**2. 李娜（女子训练专家）**
*   **资质**：国家一级健身教练、产后康复师
*   **从业年限**：6 年
*   **擅长方向**：产后恢复、女子塑形、普拉提
*   **可预约时间**：周二至周日 9:00-18:00
*   **简介**：专注女性健身，帮助超过 300 位产后妈妈完成身材恢复，擅长温和有效的训练方式。

**3. 王强（康复教练）**
*   **资质**：运动康复师、国家健身教练职业资格证
*   **从业年限**：7 年
*   **擅长方向**：运动损伤康复、肩颈腰腿痛调理、体态矫正
*   **可预约时间**：周一至周六 14:00-22:00
*   **简介**：曾为多名职业运动员提供康复服务，擅长通过康复训练改善慢性疼痛。

**4. 刘芳（团课教练）**
*   **资质**：Zumba 认证教练、瑜伽导师
*   **从业年限**：5 年
*   **擅长方向**：动感单车、舞蹈、瑜伽
*   **可预约时间**：周一至周日 9:00-21:00
*   **简介**：活力满满的团课教练，课程氛围轻松有趣，深受会员喜爱。

如果您需要预约私教课程或咨询具体训练方案，欢迎随时告诉我！', '2026-04-06 02:51:36.502193');
INSERT INTO public.chat_message (id, session_id, role, content, created_at) VALUES (2040866177608912897, 2040851441290915842, 'user', '有什么合作嘛？', '2026-04-06 02:56:28.811215');
INSERT INTO public.chat_message (id, session_id, role, content, created_at) VALUES (2040866250602385410, 2040851441290915842, 'assistant', '您好！我是力健空间健身中心的智能健身助手“健小助”。很高兴为您介绍我们的合作项目，主要分为**企业团办**和**异业合作**两方面：

**一、 企业团办合作**
我们支持企业统一支付或发放补贴由员工自行办卡，具体优惠如下：
*   **10人以上**：享受 **8折** 优惠
*   **20人以上**：享受 **7.5折** 优惠
*   **50人以上**：享受 **7折** 优惠，且可**定制专属企业课程**

此外，我们还提供以下定制服务：
*   安排教练上门为企业做健康讲座、体测服务
*   定制企业专属的团课、团建活动
*   **合作咨询**：请联系商务经理 138-XXXX-XXXX

**二、 异业合作**
我们欢迎周边餐饮、美容美发、瑜伽馆、体检中心等商家合作，实现资源互换、互利共赢：
*   **合作方式**：互相引流、联合活动、会员权益互通等
*   **合作咨询**：400-888-9999 转商务合作

如果您对以上合作感兴趣，欢迎拨打对应的咨询电话详询！', '2026-04-06 02:56:46.264484');
INSERT INTO public.chat_message (id, session_id, role, content, created_at) VALUES (2040872806505086977, 2040851441290915842, 'user', '有什么卡', '2026-04-06 03:22:49.30337');
INSERT INTO public.chat_message (id, session_id, role, content, created_at) VALUES (2040872886318497794, 2040851441290915842, 'assistant', '你好！我是“健小助”。很高兴为你服务！

关于你询问的**“有什么卡”**，这通常涉及到具体的健身房会员政策。由于我是人工智能助手，并不代表某一家特定的健身房，无法直接列出你所在场馆的具体卡种。

不过，大多数健身房通常会提供以下几种类型的会员卡，供你参考：

1.  **时限卡**：
    *   **月卡/季卡/年卡**：在有效期内不限次数使用。适合有长期规律锻炼习惯的用户。
    *   **次卡**：购买一定次数（如10次、20次），不限时间，用完为止。适合锻炼频率不固定的用户。

2.  **时效卡**：
    *   **平日卡**：仅限周一至周五使用，价格通常较优惠。
    *   **全天卡**：任何营业时间均可使用。

3.  **特色权益卡**：
    *   **学生卡/老年卡**：针对特定人群的优惠卡种。
    *   **私教课包**：专门用于购买一对一私教课程的储值卡。

**建议你：**
*   直接咨询你所在健身房的前台工作人员，或查看场馆内的价目表。
*   办卡前确认**营业时间**、**是否包含团课**以及**是否有转卡/退卡政策**。

如果你有关于**健身训练、饮食计划**或**器械使用**方面的问题，随时可以问我，我会为你提供专业的建议！', '2026-04-06 03:23:08.351536');
INSERT INTO public.chat_message (id, session_id, role, content, created_at) VALUES (2040873039205072898, 2040851441290915842, 'user', '什么规章制度', '2026-04-06 03:23:44.798736');
INSERT INTO public.chat_message (id, session_id, role, content, created_at) VALUES (2040873109862318082, 2040851441290915842, 'assistant', '您好！我是“健小助”。很高兴为您服务！

关于您提到的“规章制度”，在健身领域通常指的是**健身房场馆的管理规定**。为了保障所有会员的健身安全与权益，大多数健身房都会制定以下几类常见的规章制度，供您参考：

**1. 入场与会员管理**
*   **持卡入场**：需刷会员卡或通过身份验证入场，禁止转让他人使用。
*   **着装要求**：必须穿着运动服和运动鞋，禁止穿拖鞋、皮鞋或牛仔裤进入训练区，以免造成运动损伤。

**2. 器械使用规范**
*   **物归原处**：使用完哑铃、杠铃片等器械后，请放回原位，不要乱放以免绊倒他人。
*   **限时使用**：在高峰期，有氧器械（如跑步机）通常有单次使用时长限制（例如30-60分钟），以便其他会员使用。
*   **禁止霸占**：请勿用私人物品长时间霸占器械而不使用。

**3. 卫生与环境**
*   **擦拭汗水**：使用器械后，建议用毛巾或消毒纸巾擦拭留下的汗水，保持器械清洁。
*   **禁止饮食**：训练区内通常禁止食用有异味或易碎的食物，一般只允许饮用水或运动饮料。

**4. 安全与秩序**
*   **禁止大声喧哗**：请控制音量，避免大声喊叫或摔砸器械，营造良好的健身氛围。
*   **儿童管理**：为防止意外伤害，通常禁止儿童进入力量训练区和有氧区。

**5. 淋浴间与更衣室**
*   请节约用水，不要在更衣室长时间占用储物柜，离馆时需清空私人物品。

**温馨提示：**
如果您询问的是某一家具体健身房的规章制度（如营业时间、课程预约规则等），建议您直接咨询该健身房的前台工作人员，他们会为您提供最准确的信息。

如果您有关于**健身动作、饮食计划或器械使用**等方面的问题，随时可以问我！', '2026-04-06 03:24:01.644451');
INSERT INTO public.chat_message (id, session_id, role, content, created_at) VALUES (2040875066328973313, 2040851441290915842, 'user', '有什么活动', '2026-04-06 03:31:48.104982');
INSERT INTO public.chat_message (id, session_id, role, content, created_at) VALUES (2040875140714954754, 2040851441290915842, 'user', '有什么活动', '2026-04-06 03:32:05.858428');
INSERT INTO public.chat_message (id, session_id, role, content, created_at) VALUES (2040875184193110018, 2040851441290915842, 'assistant', '你好！我是“健小助”。

关于“有什么活动”，通常指的是我们健身房近期的**课程安排**或**会员活动**。为了给您提供准确的信息，我需要了解您具体想咨询哪方面：

1.  **团操课程**：例如瑜伽、动感单车、搏击操、普拉提等课程的每周时间表。
2.  **会员福利活动**：例如本月是否有“21天打卡挑战”、体测评估优惠或会员联谊活动。
3.  **促销活动**：关于新会员办卡或老会员续费的特别优惠。

请您补充说明您想了解的具体方向，或者告诉我您所在的场馆（如果适用），我会为您查询详细的安排！

**温馨提示：** 参与任何课程或活动前，请务必做好充分的热身准备，确保运动安全。期待您的参与！', '2026-04-06 03:32:16.206999');
INSERT INTO public.chat_message (id, session_id, role, content, created_at) VALUES (2040875720787210242, 2040851441290915842, 'user', '有什么类型的卡', '2026-04-06 03:34:24.079174');
INSERT INTO public.chat_message (id, session_id, role, content, created_at) VALUES (2040875824944361473, 2040851441290915842, 'assistant', '你好！我是“健小助”。很高兴为你解答关于会员卡类型的问题。

一般健身房的会员卡种类繁多，主要是为了满足不同人群的锻炼需求。虽然具体的定价和权益各场馆会有所不同，但通常包括以下几种常见类型：

**1. 时长卡（根据有效期划分）**
*   **月卡/季卡：** 适合短期居住、出差人士，或者想先体验场馆环境的新手。
*   **年卡：** 性价比最高，适合打算长期坚持锻炼的健身爱好者。
*   **多年卡/终身卡：** 适合定居在附近、决心长期保持健康生活方式的用户。

**2. 时段卡（根据入场时间划分）**
*   **全时段卡：** 营业时间内随时可以入场，灵活性最高。
*   **闲时卡/午间卡：** 通常限定在工作日的特定非高峰时段（如12:00-17:00），价格相对优惠，适合自由职业者或时间灵活的人群。
*   **周末卡：** 仅限周末使用，适合平时工作繁忙的上班族。

**3. 功能卡（根据使用权限划分）**
*   **健身卡/普卡：** 包含健身房器械区、有氧区、淋浴区等基础设施的使用权限。
*   **团课卡：** 包含瑜伽、动感单车、搏击操等团体课程的参与权限（有些健身房会将团课包含在年卡中，有些则需单独购买）。
*   **私教卡：** 专门用于购买一对一私人教练课程，适合有特定增肌减脂目标、需要专业指导或进行康复训练的用户。
*   **游泳卡：** 如果场馆带有游泳池，会有专门的游泳卡或健身+游泳的综合卡。

**4. 人群卡**
*   **学生卡：** 凭学生证办理，通常有较大折扣，适合在校学生。
*   **家庭卡/情侣卡：** 适合家人或伴侣共同办理，往往有优惠活动。

**温馨提示：**
在选择办卡时，建议你考虑以下几点：
1.  **距离因素：** “离家近”是坚持健身的关键，建议选择步行或通勤15分钟内可达的场馆。
2.  **自身需求：** 明确你的目标是减脂、增肌还是放松，根据需求选择是否需要私教或团课。
3.  **安全第一：** 办卡前请实地考察场馆的', '2026-04-06 03:34:48.973329');
INSERT INTO public.chat_message (id, session_id, role, content, created_at) VALUES (2040876648365928450, 2040851441290915842, 'user', '有什么卡', '2026-04-06 03:38:05.28968');
INSERT INTO public.chat_message (id, session_id, role, content, created_at) VALUES (2041468943649820673, 2040851441290915842, 'assistant', '力健空间健身中心位于XX市XX区建国路88号现代城负一层，营业时间为周一至周日6:00 - 23:00（法定节假日正常营业）。', '2026-04-07 18:51:39.493426');
INSERT INTO public.chat_message (id, session_id, role, content, created_at) VALUES (2041523024238059521, 2040851441290915842, 'user', '位置在哪？营业时间呢？', '2026-04-07 22:26:33.301567');
INSERT INTO public.chat_message (id, session_id, role, content, created_at) VALUES (2041523164411699202, 2040851441290915842, 'user', '营业时间', '2026-04-07 22:27:06.729836');
INSERT INTO public.chat_message (id, session_id, role, content, created_at) VALUES (2041524731659526145, 2040851441290915842, 'user', '有什么卡', '2026-04-07 22:33:20.388798');
INSERT INTO public.chat_message (id, session_id, role, content, created_at) VALUES (2040876688908070913, 2040851441290915842, 'assistant', '你好！我是“健小助”。很高兴为你服务！

关于你询问的**“有什么卡”**，这通常涉及到具体的健身房会员政策。由于我是人工智能助手，并不清楚你具体指的是哪一家健身房，无法提供该场馆具体的办卡信息。

不过，一般健身房的卡种通常分为以下几类，供你参考：

1.  **期限卡**：包括月卡、季卡、年卡等，在有效期内不限次数使用。
2.  **次卡**：购买一定次数（如10次、20次），不限时间，用完为止。
3.  **储值卡**：预存金额，消费时扣款，通常可用于私教课、商品购买等。

**建议你：**
*   直接前往你所在的健身房前台咨询。
*   查看该健身房的官方公众号或官网。

如果你有关于**健身训练、饮食建议、器械使用**等方面的问题，欢迎随时问我，我会很乐意为你提供专业的指导！', '2026-04-06 03:38:14.946592');
INSERT INTO public.chat_message (id, session_id, role, content, created_at) VALUES (2040975112823222274, 2040851441290915842, 'user', '有什么要求嘛', '2026-04-06 10:09:21.039202');
INSERT INTO public.chat_message (id, session_id, role, content, created_at) VALUES (2040975170998218754, 2040851441290915842, 'assistant', '您好！我是力健空间健身中心的智能健身助手“健小助”。根据场馆规定，入场及使用有以下主要要求，请您留意：

**1. 入场基础要求**
*   **着装：** 请穿着运动服、运动鞋入场。禁止穿拖鞋、高跟鞋、凉鞋，也禁止赤膊健身（需穿着上衣）。
*   **验证：** 会员需刷会员卡或出示公众号会员码验证。非会员需购买体验票或由会员带领。
*   **年龄：** 16周岁以上可独立入场；16周岁以下需监护人陪同，且禁止独自使用力量器械。

**2. 特殊时期要求**
*   如遇疫情、流感等特殊时期，需配合测温、戴口罩等疾控要求。
*   若有发热、咳嗽等症状，请勿入场，居家休息待康复后再来。

**3. 课程预约与迟到规则**
*   **团课：** 需提前2小时取消，否则记为爽约。月累计爽约3次将暂停预约权限1周。迟到15分钟以上禁止入场。
*   **私教：** 需提前24小时取消，否则将扣除课时。

希望这些信息对您有帮助，祝您健身愉快！', '2026-04-06 10:09:34.916892');
INSERT INTO public.chat_message (id, session_id, role, content, created_at) VALUES (2040978787671060482, 2040851441290915842, 'user', '有什么课程，什么收费', '2026-04-06 10:23:57.189904');
INSERT INTO public.chat_message (id, session_id, role, content, created_at) VALUES (2040981820425465857, 2040851441290915842, 'user', '有什么课程', '2026-04-06 10:36:00.216424');
INSERT INTO public.chat_message (id, session_id, role, content, created_at) VALUES (2040981926851735554, 2040851441290915842, 'assistant', '您好！我是力健空间健身中心的智能健身助手“健小助”。我们为您提供丰富的**团课课程**和专业的**私教服务**，具体安排如下：

### 1. 团操课程
我们提供多种团操课程，课程表每周更新。以下是目前的课程安排：

|时间|周一|周二|周三|周四|周五|周六|周日|
|---|---|---|---|---|---|---|---|
|09:00-10:00|瑜伽|动感单车|普拉提|有氧操|瑜伽|搏击操|核心训练|
|10:30-11:30|普拉提|核心训练|动感单车|舞蹈|普拉提|瑜伽|动感单车|
|14:00-15:00|有氧操|瑜伽|搏击操|核心训练|有氧操|舞蹈|普拉提|
|15:30-16:30|动感单车|普拉提|瑜伽|动感单车|搏击操|有氧操|瑜伽|
|19:00-20:00|搏击操|动感单车|舞蹈|瑜伽|动感单车|核心训练|-|
|20:30-21:30|核心训练|有氧操|瑜伽|普拉提|瑜伽|-|-|

> **温馨提示**：课程可能根据教练排班临时调整，请以公众号当日发布为准。

### 2. 私教课程
我们的专业私教提供一对一的定制化训练服务，涵盖以下内容：
*   **减脂塑形**：定制饮食 + 训练计划，高效燃脂。
*   **增肌增重**：制定力量训练计划，科学增肌。
*   **体态调整**：改善圆肩、驼背、骨盆前倾等不良体态。
*   **康复训练**：针对肩颈腰腿痛、运动损伤后的康复训练。
*   **产后恢复**：针对产后妈妈的盆底肌修复、腹直肌分离修复。
*   **儿童体适能**：针对儿童的体能训练，提升免疫力与运动能力。

如果您需要预约课程或了解具体的收费标准，欢迎随时提问！', '2026-04-06 10:36:25.634014');
INSERT INTO public.chat_message (id, session_id, role, content, created_at) VALUES (2040983049507532801, 2040851441290915842, 'user', '课程有哪些？', '2026-04-06 10:40:53.303731');
INSERT INTO public.chat_message (id, session_id, role, content, created_at) VALUES (2040983126586257410, 2040851441290915842, 'assistant', '您好！我是力健空间健身中心的智能健身助手“健小助”。根据我们的课程安排，主要分为**团课课程**和**私教课程**两大类，具体如下：

### 一、 团课课程
我们提供丰富的团操课程，课程表每周更新，目前的安排如下：

| 时间 | 周一 | 周二 | 周三 | 周四 | 周五 | 周六 | 周日 |
|---|---|---|---|---|---|---|---|
| 09:00-10:00 | 瑜伽 | 动感单车 | 普拉提 | 有氧操 | 瑜伽 | 搏击操 | 核心训练 |
| 10:30-11:30 | 普拉提 | 核心训练 | 动感单车 | 舞蹈 | 普拉提 | 瑜伽 | 动感单车 |
| 14:00-15:00 | 有氧操 | 瑜伽 | 搏击操 | 核心训练 | 有氧操 | 舞蹈 | 普拉提 |
| 15:30-16:30 | 动感单车 | 普拉提 | 瑜伽 | 动感单车 | 搏击操 | 有氧操 | 瑜伽 |
| 19:00-20:00 | 搏击操 | 动感单车 | 舞蹈 | 瑜伽 | 动感单车 | 核心训练 | - |
| 20:30-21:30 | 核心训练 | 有氧操 | 瑜伽 | 普拉提 | 瑜伽 | - | - |

> **注**：课程可能根据教练排班临时调整，以公众号当日发布为准。

### 二、 私教课程
我们的专业私教提供一对一的定制化训练服务，涵盖以下内容：
*   **减脂塑形**：针对减脂需求，定制饮食 + 训练计划。
*   **增肌增重**：针对瘦体重提升，制定力量训练计划。
*   **体态调整**：改善圆肩、驼背、骨盆前倾等不良体态。
*   **康复训练**：针对肩颈腰腿痛、运动损伤后的康复训练。
*   **产后恢复**：', '2026-04-06 10:41:11.674509');
INSERT INTO public.chat_message (id, session_id, role, content, created_at) VALUES (2041023907141316609, 2040851441290915842, 'user', '你好', '2026-04-06 13:23:14.50489');
INSERT INTO public.chat_message (id, session_id, role, content, created_at) VALUES (2041177254561316865, 2040851441290915842, 'user', '有什么卡', '2026-04-06 23:32:35.37898');
INSERT INTO public.chat_message (id, session_id, role, content, created_at) VALUES (2041177323867996161, 2040851441290915842, 'assistant', '用户似乎没有完整表达问题，根据我之前的知识库，您可能是在询问健身相关的“卡”类问题，比如：

1. 健身房会员卡/年卡：我可以帮您了解不同健身房的会员卡类型、价格和优惠政策。
2. 训练计划卡：根据您的健身目标，我可以为您制定个性化的训练计划卡。
3. 营养饮食计划卡：我可以为您制定一份详细的营养饮食计划。
4. 运动损伤预防卡：包含运动前热身和运动后拉伸的指导要点。

请您确认您具体想了解哪一种“卡”，或者请补充完整的问题，我将根据您的具体需求提供相应的帮助。', '2026-04-06 23:32:51.912429');
INSERT INTO public.chat_message (id, session_id, role, content, created_at) VALUES (2041177439731449857, 2040851441290915842, 'user', '有什么会员卡', '2026-04-06 23:33:19.541597');
INSERT INTO public.chat_message (id, session_id, role, content, created_at) VALUES (2041177466168147970, 2040851441290915842, 'assistant', '根据知识库内容，我们提供以下会员卡类型与价格：

- 月卡：399 元，短期体验用户，有效期 30 天
- 季卡：999 元，季度训练用户，有效期 90 天
- 半年卡：1699 元，中长期训练用户，有效期 180 天
- 年卡：2999 元，长期健身用户，有效期 365 天
- 次卡（30 次）：899 元，不规律健身用户，有效期 180 天，不限本人使用
- 学生年卡：1999 元，需出示学生证，有效期 365 天
- 家庭年卡：4999 元，2 大 1 小，有效期 365 天

此外，各大节日还有专属优惠活动，如春节年卡直降 300 元并送 10 节团课，五一季卡 8 折、半年卡 7.5 折，国庆办年卡送价值 599 元的运动大礼包，双 11 年卡买一送一（可转赠），寒暑假学生卡专属 8 折优惠。

如需了解具体卡种的详细规则（如有效期、停卡、转让、退卡等），也可以告诉我，我来为您详细说明。', '2026-04-06 23:33:25.838837');
INSERT INTO public.chat_message (id, session_id, role, content, created_at) VALUES (2041178592561188866, 2040851441290915842, 'user', '有哪些课程', '2026-04-06 23:37:54.364156');
INSERT INTO public.chat_message (id, session_id, role, content, created_at) VALUES (2041522946580520961, 2040851441290915842, 'user', '位置在哪？', '2026-04-07 22:26:14.779413');
INSERT INTO public.chat_message (id, session_id, role, content, created_at) VALUES (2041523033041903617, 2040851441290915842, 'assistant', '力健空间健身中心位于XX市XX区建国路88号现代城负一层，营业时间为周一至周日6:00 - 23:00（法定节假日正常营业）。', '2026-04-07 22:26:35.406736');
INSERT INTO public.chat_message (id, session_id, role, content, created_at) VALUES (2041178687675420673, 2040851441290915842, 'assistant', '根据力健空间健身中心的知识库信息，我们提供以下课程：

1. **团操课程**（时间表如下）：
   - 周一：瑜伽
   - 周二：动感单车
   - 周三：普拉提
   - 周四：有氧操
   - 周五：瑜伽
   - 周六：搏击操
   - 周日：核心训练
   - 10:30-11:30：普拉提 → 核心训练 → 动感单车 → 舞蹈 → 普拉提 → 瑜伽 → 动感单车
   - 14:00-15:00：有氧操 → 瑜伽 → 搏击操 → 核心训练 → 有氧操 → 舞蹈 → 普拉提
   - 15:30-16:30：动感单车 → 普拉提 → 瑜伽 → 动感单车 → 搏击操 → 有氧操 → 瑜伽
   - 19:00-20:00：搏击操 → 动感单车 → 舞蹈 → 瑜伽 → 动感单车 → 核心训练
   - 20:30-21:30：核心训练 → 有氧操 → 瑜伽 → 普拉提 → 瑜伽
   > 注：课程可能根据教练排班临时调整，以公众号当日发布为准

2. **私教课程**：
   - 减脂塑形：针对减脂需求，定制饮食 + 训练计划，高效燃脂
   - 增肌增重：针对瘦体重提升，制定力量训练计划，科学增肌
   - 体态调整：改善圆肩、驼背、骨盆前倾等不良体态
   - 康复训练：针对肩颈腰腿痛、运动损伤后的康复训练
   - 产后恢复：针对产后妈妈的盆底肌修复、腹直肌分离修复
   - 儿童体适能：针对儿童的体能训练，提升免疫力与运动能力

3. **会员专属权益**：
   - 免费使用所有场馆器械
   - 免费参加', '2026-04-06 23:38:17.073049');
INSERT INTO public.chat_message (id, session_id, role, content, created_at) VALUES (2041179740873543681, 2040851441290915842, 'user', '地址在哪里？', '2026-04-06 23:42:28.180148');
INSERT INTO public.chat_message (id, session_id, role, content, created_at) VALUES (2041179747286634498, 2040851441290915842, 'assistant', '我需要明确您具体想了解哪个健身房的地址，因为我目前可以提供多个健身房的地址信息。请您告知是哪个健身房或健身中心？如果您需要健身相关的指导或建议，我也可以随时提供帮助。

（在得到具体健身房名称之前，我无法提供具体的地址信息。请提供健身房名称或所在城市，我将为您查询并提供准确的地址信息。）

如果您不确定具体想了解哪个健身房，我可以根据您的位置推荐附近的知名健身房。请告知您所在的城市或位置。', '2026-04-06 23:42:29.700848');
INSERT INTO public.chat_message (id, session_id, role, content, created_at) VALUES (2041179806187245569, 2040851441290915842, 'user', '上班时间', '2026-04-06 23:42:43.749505');
INSERT INTO public.chat_message (id, session_id, role, content, created_at) VALUES (2041179812252209154, 2040851441290915842, 'assistant', '根据我的功能，我主要提供健身相关的服务和指导。如果你是在询问健身房的营业时间，这通常因具体健身房而异。一般来说，健身房在工作日的营业时间是从早上7:00到晚上10:00不等，周末时间可能会更长一些。

为了给你最准确的营业时间信息，建议你提供具体的健身房名称或所在城市，我来帮你查询该健身房的营业时间安排。同时，如果你有健身训练、营养饮食或器械使用等方面的问题，也可以随时向我咨询。', '2026-04-06 23:42:45.188523');
INSERT INTO public.chat_message (id, session_id, role, content, created_at) VALUES (2041196518307586050, 2040851441290915842, 'user', '有什么课？', '2026-04-07 00:49:08.21518');
INSERT INTO public.chat_message (id, session_id, role, content, created_at) VALUES (2041196586137870337, 2040851441290915842, 'assistant', '根据知识库内容，力健空间健身中心提供丰富的团操课程和一对一私教服务。以下是课程安排和私教内容的概览：

### 团课课程安排（每周更新，具体以公众号当日发布为准）
- **09:00-10:00**：瑜伽、动感单车、普拉提、有氧操、瑜伽、搏击操、核心训练
- **10:30-11:30**：普拉提、核心训练、动感单车、舞蹈、普拉提、瑜伽、动感单车
- **14:00-15:00**：有氧操、瑜伽、搏击操、核心训练、有氧操、舞蹈、普拉提
- **15:30-16:30**：动感单车、普拉提、瑜伽、动感单车、搏击操、有氧操、瑜伽
- **19:00-20:00**：搏击操、动感单车、舞蹈、瑜伽、动感单车、核心训练（周六无课）
- **20:30-21:30**：核心训练、有氧操、瑜伽、普拉提、瑜伽（周日无课）

### 私教服务
- **减脂塑形**：定制饮食 + 训练计划，高效燃脂
- **增肌增重**：制定力量训练计划，科学增肌
- **体态调整**：改善圆肩、驼背、骨盆前倾等不良体态
- **康复训练**：针对肩颈腰腿痛、运动损伤后的康复训练
- **产后恢复**：针对产后妈妈的盆底肌修复、腹直肌分离修复
- **儿童体适能**：针对儿童的体能训练，提升免疫力与运动能力

如需预约团课或私教课程，可关注“力健空间健身中心”公众号，进入会员中心 - 课程预约，选择您想要的课程进行预约。', '2026-04-07 00:49:24.390827');
INSERT INTO public.chat_message (id, session_id, role, content, created_at) VALUES (2041196664789458946, 2040851441290915842, 'user', '有哪些教练', '2026-04-07 00:49:43.141047');
INSERT INTO public.chat_message (id, session_id, role, content, created_at) VALUES (2041196688067846145, 2040851441290915842, 'assistant', '根据知识库信息，我们有以下教练：

1. **张磊 主教练**
   - 资质：美国 ACE 认证教练、国家健身营养师
   - 从业年限：8 年
   - 擅长方向：减脂塑形、增肌增重、体态调整

2. **李娜 女子训练专家**
   - 资质：国家一级健身教练、产后康复师
   - 从业年限：6 年
   - 擅长方向：产后恢复、女子塑形、普拉提

3. **王强 康复教练**
   - 资质：运动康复师、国家健身教练职业资格证
   - 从业年限：7 年
   - 擅长方向：运动损伤康复、肩颈腰腿痛调理、体态矫正

4. **刘芳 团课教练**
   - 资质：Zumba 认证教练、瑜伽导师
   - 从业年限：5 年
   - 擅长方向：动感单车、舞蹈、瑜伽

如需预约以上教练的服务，请根据他们的可预约时间进行预约。

如果您有特定的健身需求或健康问题，建议联系前台或在线客服，他们会根据您的需求推荐合适的教练。', '2026-04-07 00:49:48.701399');
INSERT INTO public.chat_message (id, session_id, role, content, created_at) VALUES (2041381172402782210, 2040851441290915842, 'user', '有什么类型的卡', '2026-04-07 13:02:53.178086');
INSERT INTO public.chat_message (id, session_id, role, content, created_at) VALUES (2041381250362310657, 2040851441290915842, 'assistant', '我来帮你分析一下你提到的"有什么类型的卡"。在健身相关的语境中，"卡"通常指的是健身房的会员卡或各类健身相关卡券。以下是常见的几种类型：

1. **健身会员卡**：
   - **月卡/季卡/年卡**：按时间长度收费，适合不同健身频率的用户
   - **无限次卡**：在有效期内可无限次使用健身房设施
   - **有限次卡**：在有效期内有固定的使用次数或时段

2. **私教课程卡**：
   - **按次收费**：每次私教课程单独收费
   - **包月/包季/包年**：按时间段购买私教课程的套餐
   - **定制计划卡**：根据个人目标定制专属训练计划

3. **体测卡**：
   - **基础体测**：包括身高、体重、体脂、腰围等基础测量
   - **专业体测**：包括心肺功能、身体成分分析等专业测试

4. **运动营养卡**：
   - **营养咨询**：提供专业的营养师咨询服务
   - **补剂代购**：提供运动补剂的购买服务

5. **课程卡**：
   - **瑜伽/普拉提课程**：提供各类瑜伽和普拉提课程
   - **有氧课程**：如HIIT、跑步、游泳等有氧运动课程

6. **健康监测卡**：
   - **智能设备监测**：连接智能手表或心率监测器进行健康监测
   - **定期体检**：提供定期的健康体检服务

在选择健身卡时，建议根据你的健身目标、时间安排和预算来选择最合适的类型。如果你有具体的健身目标和时间安排，我可以帮你制定一个个性化的健身计划。

如果你指的是其他类型的"卡"，请提供更多的背景信息，我会尽力提供更准确的建议。', '2026-04-07 13:03:11.78262');
INSERT INTO public.chat_message (id, session_id, role, content, created_at) VALUES (2041383737865613313, 2040851441290915842, 'user', '有哪些教练', '2026-04-07 13:13:04.834909');
INSERT INTO public.chat_message (id, session_id, role, content, created_at) VALUES (2041522984346034177, 2040851441290915842, 'assistant', '我需要您具体说明是哪个场所或设施的位置您在询问，比如健身房、器械设备、课程地点等。您方便提供一些具体信息吗？我将根据您的需求提供准确的位置指导。如果您是想寻找我们的健小助服务平台，它存在于您使用的手机App或网站上，具体位置取决于您使用的设备和平台。', '2026-04-07 22:26:23.797092');
INSERT INTO public.chat_message (id, session_id, role, content, created_at) VALUES (2041383809483354114, 2040851441290915842, 'assistant', '根据我们的教练团队，目前有以下教练提供服务：

1. **张磊 主教练**
   - 资质：美国 ACE 认证教练、国家健身营养师
   - 从业年限：8 年
   - 擅长方向：减脂塑形、增肌增重、体态调整
   - 可预约时间：周一至周五 10:00-20:00

2. **李娜 女子训练专家**
   - 资质：国家一级健身教练、产后康复师
   - 从业年限：6 年
   - 擅长方向：产后恢复、女子塑形、普拉提
   - 可预约时间：周二至周日 9:00-18:00

3. **王强 康复教练**
   - 资质：运动康复师、国家健身教练职业资格证
   - 从业年限：7 年
   - 擅长方向：运动损伤康复、肩颈腰腿痛调理、体态矫正
   - 可预约时间：周一至周六 14:00-22:00

4. **刘芳 团课教练**
   - 资质：Zumba 认证教练、瑜伽导师
   - 从业年限：5 年
   - 擅长方向：动感单车、舞蹈、瑜伽
   - 可预约时间：周一至周日 9:00-21:00

如果您有特定的健身需求或想预约某位教练，可以告诉我，我来帮您安排。', '2026-04-07 13:13:21.919057');
INSERT INTO public.chat_message (id, session_id, role, content, created_at) VALUES (2041385546789236738, 2040851441290915842, 'user', '有什么会员卡？', '2026-04-07 13:20:16.109854');
INSERT INTO public.chat_message (id, session_id, role, content, created_at) VALUES (2041385588723888130, 2040851441290915842, 'assistant', '根据知识库内容，我们提供以下会员卡类型及适用人群：

1. **月卡** - 399元，短期体验用户，有效期30天
2. **季卡** - 999元，季度训练用户，有效期90天
3. **半年卡** - 1699元，中长期训练用户，有效期180天
4. **年卡** - 2999元，长期健身用户，有效期365天
5. **次卡（30次）** - 899元，不规律健身用户，有效期180天，不限本人使用
6. **学生年卡** - 1999元，在校学生，需出示学生证，有效期365天
7. **家庭年卡** - 4999元，家庭用户，2大1小，有效期365天

每种卡种都有其适用人群和有效期，您可以根据自己的健身计划和时间安排选择合适的卡种。', '2026-04-07 13:20:26.13206');
INSERT INTO public.chat_message (id, session_id, role, content, created_at) VALUES (2041389192239202306, 2040851441290915842, 'user', '地址在哪？', '2026-04-07 13:34:45.183673');
INSERT INTO public.chat_message (id, session_id, role, content, created_at) VALUES (2041389244290514946, 2040851441290915842, 'assistant', '我需要明确您具体想了解哪个健身房的地址，因为我目前无法确定是哪一个。您能告诉我具体是哪个健身房吗？一旦您提供名称，我就可以立即为您查询并提供准确的地址信息。

或者，如果您有某个城市或区域在 mind，也可以告诉我，我来帮您查找附近的健身房地址。请稍等，我将根据您的需求进行查询。', '2026-04-07 13:34:57.676712');
INSERT INTO public.chat_message (id, session_id, role, content, created_at) VALUES (2041389814598418433, 2040851441290915842, 'user', '位置和营业时间', '2026-04-07 13:37:13.647961');
INSERT INTO public.chat_message (id, session_id, role, content, created_at) VALUES (2041389823490342914, 2040851441290915842, 'assistant', '我需要先说明自己是"健小助"，然后根据用户询问的内容提供相关信息。但首先，我需要知道用户指的是哪个健身房的营业时间，因为不同的健身房位置和营业时间可能不同。

请告知您具体想了解哪个健身房的位置或名称，以及您所在的城市，我将为您提供准确的营业时间信息。

如果您的问题是关于某个特定健身房的，也请提供该健身房的名称或位置信息。我将根据您的需求提供详细的信息。

如果您有其他健身相关问题，也欢迎随时咨询。', '2026-04-07 13:37:15.77839');
INSERT INTO public.chat_message (id, session_id, role, content, created_at) VALUES (2041389897733718018, 2040851441290915842, 'user', '场馆设施', '2026-04-07 13:37:33.472422');
INSERT INTO public.chat_message (id, session_id, role, content, created_at) VALUES (2041389914770980866, 2040851441290915842, 'assistant', '根据知识库内容，力健空间健身中心的场馆设施包括：

1. **自由力量区**：配备哑铃、杠铃、卧推架等专业力量器械，满足增肌、力量训练需求

2. **固定器械区**：涵盖全身各部位训练器械，新手友好，安全易操作

3. **有氧区**：跑步机、椭圆机、动感单车等，配备独立影音系统

4. **操课房**：宽敞明亮的团课教室，可容纳30人同时上课

5. **私教区**：独立私密的一对一训练区域，配备专业功能性训练工具

如需了解具体设施的使用规范或预约信息，也可以参考我们提供的器械使用规范。', '2026-04-07 13:37:37.532299');
INSERT INTO public.chat_message (id, session_id, role, content, created_at) VALUES (2041389969389207553, 2040851441290915842, 'user', '会员卡类型', '2026-04-07 13:37:50.561838');
INSERT INTO public.chat_message (id, session_id, role, content, created_at) VALUES (2041389995855265794, 2040851441290915842, 'assistant', '根据知识库内容，力健空间健身中心提供以下会员卡类型及价格：

1. **月卡**：399 元，适用于短期体验用户，有效期 30 天。
2. **季卡**：999 元，适用于季度训练用户，有效期 90 天，平均每月 333 元。
3. **半年卡**：1699 元，适用于中长期训练用户，有效期 180 天，平均每月 283 元。
4. **年卡**：2999 元，适用于长期健身用户，有效期 365 天，平均每月 250 元。
5. **次卡（30 次）**：899 元，适用于不规律健身用户，有效期 180 天，不限本人使用。
6. **学生年卡**：1999 元，适用于在校学生，需出示学生证，有效期 365 天。
7. **家庭年卡**：4999 元，适用于家庭用户，2 大 1 小，有效期 365 天。

如有特定需求或疑问，欢迎进一步咨询！', '2026-04-07 13:37:56.860781');
INSERT INTO public.chat_message (id, session_id, role, content, created_at) VALUES (2041413660131012610, 2040851441290915842, 'user', '教练有哪些？', '2026-04-07 15:11:58.858382');
INSERT INTO public.chat_message (id, session_id, role, content, created_at) VALUES (2041413707430178817, 2040851441290915842, 'assistant', '根据知识库信息，我们有以下教练：

1. **张磊 主教练**
   - 资质：美国 ACE 认证教练、国家健身营养师
   - 从业年限：8 年
   - 擅长方向：减脂塑形、增肌增重、体态调整

2. **李娜 女子训练专家**
   - 资质：国家一级健身教练、产后康复师
   - 从业年限：6 年
   - 擅长方向：产后恢复、女子塑形、普拉提

3. **王强 康复教练**
   - 资质：运动康复师、国家健身教练职业资格证
   - 从业年限：7 年
   - 擅长方向：运动损伤康复、肩颈腰腿痛调理、体态矫正

4. **刘芳 团课教练**
   - 资质：Zumba 认证教练、瑜伽导师
   - 从业年限：5 年
   - 擅长方向：动感单车、舞蹈、瑜伽

如需预约以上教练，可参考他们的可预约时间：张磊（周一至周五 10:00-20:00）、李娜（周二至周日 9:00-18:00）、王强（周一至周六 14:00-22:00）、刘芳（周一至周日 9:00-21:00）。', '2026-04-07 15:12:10.150494');
INSERT INTO public.chat_message (id, session_id, role, content, created_at) VALUES (2041428129544523778, 2040851441290915842, 'user', '怎么预约？', '2026-04-07 16:09:28.637583');
INSERT INTO public.chat_message (id, session_id, role, content, created_at) VALUES (2041428171005218818, 2040851441290915842, 'assistant', '用户想了解如何预约课程。

根据知识库内容，预约团课的步骤如下：
1. 关注健身房的公众号
2. 进入“会员中心”-“课程预约”
3. 选择想要的课程进行预约

团课需提前24小时开放预约。如果临时有事需要取消，团课需提前2小时取消，否则会记为爽约。

如果您指的是私教课的预约，流程类似，但私教需提前24小时取消，否则会扣除1节课时；临时取消（不足24小时）会扣除半节课时。

请根据您实际想预约的课程类型，按上述步骤进行操作。', '2026-04-07 16:09:38.528935');
INSERT INTO public.chat_message (id, session_id, role, content, created_at) VALUES (2041428356565422081, 2040851441290915842, 'user', '私教课有哪些服务？', '2026-04-07 16:10:22.775514');
INSERT INTO public.chat_message (id, session_id, role, content, created_at) VALUES (2041428377671159809, 2040851441290915842, 'assistant', '根据知识库内容，我们私教提供一对一的定制化训练服务，包括：

- 减脂塑形：针对减脂需求，定制饮食 + 训练计划，高效燃脂
- 增肌增重：针对瘦体重提升，制定力量训练计划，科学增肌
- 体态调整：改善圆肩、驼背、骨盆前倾等不良体态
- 康复训练：针对肩颈腰腿痛、运动损伤后的康复训练
- 产后恢复：针对产后妈妈的盆底肌修复、腹直肌分离修复
- 儿童体适能：针对儿童的体能训练，提升免疫力与运动能力

私教收费标准如下：
- 12 节：280 元/节，总价 3360 元，有效期 90 天
- 24 节：260 元/节，总价 6240 元，有效期 180 天
- 36 节：240 元/节，总价 8640 元，有效期 270 天
- 48 节：220 元/节，总价 10560 元，有效期 365 天

注：私教课程可根据教练资质略有浮动，详情可咨询前台。', '2026-04-07 16:10:27.812085');
INSERT INTO public.chat_message (id, session_id, role, content, created_at) VALUES (2041468931213709313, 2040851441290915842, 'user', '位置在哪？营业时间呢？', '2026-04-07 18:51:36.513778');
INSERT INTO public.chat_message (id, session_id, role, content, created_at) VALUES (2041523172221493250, 2040851441290915842, 'assistant', '根据力健空间健身中心的官方信息，营业时间为周一至周日 6:00 - 23:00，法定节假日正常营业。建议您根据自身安排提前规划，如有其他问题也可通过 400-888-9999 联系前台咨询。

如需了解更详细的信息，例如课程时间或会员政策，也可以告诉我，我将为您进一步解答。', '2026-04-07 22:27:08.593652');
INSERT INTO public.chat_message (id, session_id, role, content, created_at) VALUES (2041525157360410625, 2040851441290915842, 'assistant', '用户似乎输入不完整，根据我的专业领域，如果用户是想询问关于“器械”的话，我可以用简洁的方式介绍一些常见的健身器械类型和用途。您可能是想问“有什么器械”吧？

如果是这样的话，我可以提供一个全面的器械分类介绍，包括有氧器械、力量训练器械、功能性训练器械等。您看是想了解器械的种类，还是想根据某个具体目标（如增肌、减脂、提升柔韧性）来了解适合的器械呢？

请补充完整您的问题，我会根据您的具体需求提供最专业的建议。', '2026-04-07 22:35:01.882164');
INSERT INTO public.chat_message (id, session_id, role, content, created_at) VALUES (2041525670957129730, 2040851441290915842, 'user', '有什么卡', '2026-04-07 22:37:04.32598');
INSERT INTO public.chat_message (id, session_id, role, content, created_at) VALUES (2041525678016143362, 2040851441290915842, 'assistant', '用户似乎输入不完整，根据我的专业领域，如果用户是想询问关于“器械”的话，我可以用简洁的方式介绍一些常见的健身器械类型和用途。您可能是想问“有什么器械”吧？

如果是这样的话，我可以提供一个全面的器械分类介绍，包括有氧器械、力量训练器械、功能性训练器械等。您看是想了解器械的种类，还是想根据某个具体目标（如增肌、减脂、提升柔韧性）来了解适合的器械呢？

请补充完整您的问题，我会根据您的具体需求提供最专业的建议。', '2026-04-07 22:37:06.022218');
INSERT INTO public.chat_message (id, session_id, role, content, created_at) VALUES (2041525776783613954, 2040851441290915842, 'assistant', '根据力健空间健身中心的场馆使用规则，器械使用规范如下：

1. **使用前检查**：使用前请确认器械状态正常，如有损坏请及时告知前台。
2. **安全使用**：使用自由重量器械（哑铃、杠铃）时，请注意周围人员，避免碰撞；大重量训练时，请尽量有人陪同，或使用保护装置，避免受伤。
3. **正确归位**：使用后请将器械归位，哑铃放回哑铃架，杠铃片归位，保持场馆整洁。
4. **使用时长**：禁止长时间占用器械玩手机；有氧器械单次使用不超过45分钟（高峰期）。
5. **禁止行为**：禁止私自拆卸、调整器械；未成年人禁止独自使用力量器械。

请在使用器械时注意安全，如有需要可寻求工作人员的指导。', '2026-04-07 22:37:29.558416');
INSERT INTO public.chat_message (id, session_id, role, content, created_at) VALUES (2041525850557227010, 2040851441290915842, 'assistant', '根据知识库内容，力健空间健身中心提供以下类型的会员卡：

1. **月卡** - 399元，适合短期体验用户，有效期30天
2. **季卡** - 999元，适合季度训练用户，有效期90天
3. **半年卡** - 1699元，适合中长期训练用户，有效期180天
4. **年卡** - 2999元，适合长期健身用户，有效期365天
5. **次卡（30次）** - 899元，适合不规律健身用户，有效期180天，不限本人使用
6. **学生年卡** - 1999元，需出示学生证，适合在校学生，有效期365天
7. **家庭年卡** - 4999元，适合家庭用户，2大1小，有效期365天

每种卡种都有其适用人群和价格，可根据个人的健身需求和时间安排选择合适的卡种。首次开卡还可免费获得1次专业体测服务与1次私教体验课。', '2026-04-07 22:37:47.154779');
INSERT INTO public.chat_message (id, session_id, role, content, created_at) VALUES (2041525907213885441, 2040851441290915842, 'assistant', '根据知识库内容，FutureFit·未来健身空间健身中心的地址是：天津市津南区建国路88号现代城负一层。', '2026-04-07 22:38:00.654568');
INSERT INTO public.chat_message (id, session_id, role, content, created_at) VALUES (2041526215738499073, 2040851441290915842, 'user', '有哪些教练', '2026-04-07 22:39:14.215175');
INSERT INTO public.chat_message (id, session_id, role, content, created_at) VALUES (2041526233543319554, 2040851441290915842, 'assistant', '根据力健空间健身中心的知识库信息，我们有以下教练：

1. **张磊 主教练**
   - 资质：美国ACE认证教练、国家健身营养师
   - 从业年限：8年
   - 擅长方向：减脂塑形、增肌增重、体态调整

2. **李娜 女子训练专家**
   - 资质：国家一级健身教练、产后康复师
   - 从业年限：6年
   - 擅长方向：产后恢复、女子塑形、普拉提

3. **王强 康复教练**
   - 资质：运动康复师、国家健身教练职业资格证
   - 从业年限：7年
   - 擅长方向：运动损伤康复、肩颈腰腿痛调理、体态矫正

4. **刘芳 团课教练**
   - 资质：Zumba认证教练、瑜伽导师
   - 从业年限：5年
   - 擅长方向：动感单车、舞蹈、瑜伽

如需预约或了解更详细信息，可以联系前台或在我们的公众号上查看最新排班。', '2026-04-07 22:39:18.463046');
INSERT INTO public.chat_message (id, session_id, role, content, created_at) VALUES (2041525149684834305, 2040851441290915842, 'user', '有什么卡', '2026-04-07 22:35:00.048859');
INSERT INTO public.chat_message (id, session_id, role, content, created_at) VALUES (2041525749306728449, 2040851441290915842, 'user', '器械使用指南', '2026-04-07 22:37:23.009933');
INSERT INTO public.chat_message (id, session_id, role, content, created_at) VALUES (2041525830093217794, 2040851441290915842, 'user', '健身房有什么类型的会员卡', '2026-04-07 22:37:42.276639');
INSERT INTO public.chat_message (id, session_id, role, content, created_at) VALUES (2041525901157310465, 2040851441290915842, 'user', '位置在哪里，健身房地址', '2026-04-07 22:37:59.218158');
INSERT INTO public.chat_message (id, session_id, role, content, created_at) VALUES (2041577668788195329, 2040851441290915842, 'user', '多少点关门', '2026-04-08 02:03:41.569529');
INSERT INTO public.chat_message (id, session_id, role, content, created_at) VALUES (2041577720944365570, 2040851441290915842, 'assistant', '根据提供的信息，知识库中提到了储物柜的使用截止时间为当日23:00，但并未明确说明健身房整体的关门时间。为了提供最准确的信息，建议用户直接联系力健空间健身中心的前台或查看其官方网站/APP上的营业时间说明。如果需要，我可以提供一般健身房常见的营业时间范围作为参考，但请注意这可能因具体场馆而异。

基于一般情况，常见的健身房营业时间可能是18:00至22:00，但这只是参考，具体时间请以力健空间健身中心的实际公告为准。', '2026-04-08 02:03:54.018189');
INSERT INTO public.chat_message (id, session_id, role, content, created_at) VALUES (2041759031218913282, 2040851441290915842, 'user', '营业时间是什么时候', '2026-04-08 14:04:21.726101');
INSERT INTO public.chat_message (id, session_id, role, content, created_at) VALUES (2041759059182338049, 2040851441290915842, 'assistant', '根据知识库信息，FutureFit·未来健身空间健身中心的营业时间为：周一至周日 6:00 - 23:00（法定节假日正常营业）。如需其他信息，也可通过官方微信公众号或电话 400-888-9999 咨询。', '2026-04-08 14:04:28.416445');
INSERT INTO public.chat_message (id, session_id, role, content, created_at) VALUES (2041767511396847617, 2040851441290915842, 'user', '有什么卡？', '2026-04-08 14:38:03.545295');
INSERT INTO public.chat_message (id, session_id, role, content, created_at) VALUES (2041767554459766785, 2040851441290915842, 'assistant', '根据知识库内容，我们提供以下会员卡类型：

| 卡种类型       | 价格     | 适用人群           | 备注                                       |
|----------------|----------|--------------------|------------------------------------------|
| 月卡           | 399 元   | 短期体验用户       | 有效期 30 天                              |
| 季卡           | 999 元   | 季度训练用户       | 有效期 90 天，平均每月 333 元            |
| 半年卡         | 1699 元  | 中长期训练用户     | 有效期 180 天，平均每月 283 元           |
| 年卡           | 2999 元  | 长期健身用户       | 有效期 365 天，平均每月 250 元           |
| 次卡（30 次）  | 899 元   | 不规律健身用户     | 有效期 180 天，不限本人使用               |
| 学生年卡       | 1999 元  | 在校学生           | 需出示学生证，有效期 365 天               |
| 家庭年卡       | 4999 元  | 家庭用户           | 2 大 1 小，有效期 365 天                  |

需要我根据您的健身需求推荐合适的卡种吗？', '2026-04-08 14:38:13.849403');
INSERT INTO public.chat_message (id, session_id, role, content, created_at) VALUES (2041871542270234626, 2040851441290915842, 'user', '你能做什么', '2026-04-08 21:31:26.466658');
INSERT INTO public.chat_message (id, session_id, role, content, created_at) VALUES (2041871588420161538, 2040851441290915842, 'assistant', '作为"健小助"，我专注于为力健空间健身中心用户提供专业的健身咨询服务，包括：

- 健身课程与训练计划咨询
- 运动安全与姿势指导
- 营养与健康建议
- 健身房设施与会员权益使用指导

关于异业合作方面的咨询，如您有相关合作意向，我们也欢迎与餐饮、美容美发、瑜伽馆、体检中心等商家开展资源互换、联合活动、会员权益互通等合作。欢迎随时联系合作咨询：400-888-9999 转商务合作。

对于超出健身范畴的问题，我将礼貌说明我的专业领域，只提供健身相关的信息与建议。', '2026-04-08 21:31:37.475387');
INSERT INTO public.chat_message (id, session_id, role, content, created_at) VALUES (2041950416748294146, 2040851441290915842, 'user', '有什么卡', '2026-04-09 02:44:51.610146');
INSERT INTO public.chat_message (id, session_id, role, content, created_at) VALUES (2041950465695821825, 2040851441290915842, 'assistant', '用户似乎输入不完整，根据我的专业领域，如果用户是想询问关于“器械”的话，我可以用简洁的方式介绍一些常见的健身器械类型和用途。您可能是想问“有什么器械”吧？

如果是这样的话，我可以提供一个全面的器械分类介绍，包括有氧器械、力量训练器械、功能性训练器械等。您看是想了解器械的种类，还是想根据某个具体目标（如增肌、减脂、提升柔韧性）来了解适合的器械呢？

请补充完整您的问题，我会根据您的具体需求提供最专业的建议。', '2026-04-09 02:45:03.291662');
INSERT INTO public.chat_message (id, session_id, role, content, created_at) VALUES (2041950499996839937, 2040851441290915842, 'user', '有什么会员卡', '2026-04-09 02:45:11.469176');
INSERT INTO public.chat_message (id, session_id, role, content, created_at) VALUES (2041950529264693249, 2040851441290915842, 'assistant', '根据知识库内容，我们提供以下会员卡类型及价格：

- 月卡：399元，适合短期体验用户，有效期30天
- 季卡：999元，适合季度训练用户，有效期90天
- 半年卡：1699元，适合中长期训练用户，有效期180天
- 年卡：2999元，适合长期健身用户，有效期365天
- 次卡（30次）：899元，适合不规律健身用户，有效期180天，不限本人使用
- 学生年卡：1999元，适合在校学生，需出示学生证，有效期365天
- 家庭年卡：4999元，适合家庭用户，2大1小，有效期365天

每种卡种都有其适用人群和有效期，您可以根据自己的健身需求和时间安排选择合适的卡种。', '2026-04-09 02:45:18.442445');
INSERT INTO public.chat_message (id, session_id, role, content, created_at) VALUES (2042111552928030722, 2040851441290915842, 'user', '有哪些教练', '2026-04-09 13:25:09.47167');
INSERT INTO public.chat_message (id, session_id, role, content, created_at) VALUES (2042111597681254401, 2040851441290915842, 'assistant', '根据力健空间健身中心的知识库信息，我们有以下教练：

1. **张磊 主教练**
   - 资质：美国ACE认证教练、国家健身营养师
   - 从业年限：8年
   - 擅长方向：减脂塑形、增肌增重、体态调整

2. **李娜 女子训练专家**
   - 资质：国家一级健身教练、产后康复师
   - 从业年限：6年
   - 擅长方向：产后恢复、女子塑形、普拉提

3. **王强 康复教练**
   - 资质：运动康复师、国家健身教练职业资格证
   - 从业年限：7年
   - 擅长方向：运动损伤康复、肩颈腰腿痛调理、体态矫正

4. **刘芳 团课教练**
   - 资质：Zumba认证教练、瑜伽导师
   - 从业年限：5年
   - 擅长方向：动感单车、舞蹈、瑜伽

如需预约或了解更详细信息，可以联系前台或在我们的公众号上查看最新排班。', '2026-04-09 13:25:20.143734');
INSERT INTO public.chat_message (id, session_id, role, content, created_at) VALUES (2043310115209023490, 2043233298787733506, 'user', '有什么类型的会员卡？健身卡', '2026-04-12 20:47:48.988462');
INSERT INTO public.chat_message (id, session_id, role, content, created_at) VALUES (2043310165637140481, 2043233298787733506, 'assistant', '根据知识库内容，我们有以下类型的会员卡供您选择：

1. **月卡** - 399元，适合短期体验用户，有效期30天
2. **季卡** - 999元，适合季度训练用户，有效期90天
3. **半年卡** - 1699元，适合中长期训练用户，有效期180天
4. **年卡** - 2999元，适合长期健身用户，有效期365天
5. **次卡（30次）** - 899元，适合不规律健身用户，有效期180天，不限本人使用
6. **学生年卡** - 1999元，适合在校学生，需出示学生证，有效期365天
7. **家庭年卡** - 4999元，适合家庭用户，2大1小，有效期365天

如果您指的是“健身私教卡”，在知识库中提到的是通过会员卡享受私教体验课，具体私教服务需要与前台咨询或在会员中心预约。

您更倾向于哪一种卡种？我可以根据您的需求提供更详细的建议。', '2026-04-12 20:48:01.01672');
INSERT INTO public.chat_message (id, session_id, role, content, created_at) VALUES (2043313848026337282, 2043233298787733506, 'user', '教练有哪些？', '2026-04-12 21:02:38.969688');
INSERT INTO public.chat_message (id, session_id, role, content, created_at) VALUES (2043315613937397762, 2043233298787733506, 'user', '教练有哪些？', '2026-04-12 21:09:39.983179');
INSERT INTO public.chat_message (id, session_id, role, content, created_at) VALUES (2043315648062255106, 2043233298787733506, 'assistant', '根据力健空间健身中心的知识库信息，我们有以下专业教练：

1. **张磊 主教练**
   - 资质：美国ACE认证教练、国家健身营养师
   - 从业年限：8年
   - 擅长方向：减脂塑形、增肌增重、体态调整

2. **李娜 女子训练专家**
   - 资质：国家一级健身教练、产后康复师
   - 从业年限：6年
   - 擅长方向：产后恢复、女子塑形、普拉提

3. **王强 康复教练**
   - 资质：运动康复师、国家健身教练职业资格证
   - 从业年限：7年
   - 擅长方向：运动损伤康复、肩颈腰腿痛调理、体态矫正

4. **刘芳 团课教练**
   - 资质：Zumba认证教练、瑜伽导师
   - 从业年限：5年
   - 擅长方向：动感单车、舞蹈、瑜伽

如需预约以上教练，请根据他们的可预约时间进行预约。', '2026-04-12 21:09:48.132629');
INSERT INTO public.chat_message (id, session_id, role, content, created_at) VALUES (2043356118771494914, 2043233298787733506, 'user', '教练有哪些？', '2026-04-12 23:50:37.089085');
INSERT INTO public.chat_message (id, session_id, role, content, created_at) VALUES (2043356161381429249, 2043233298787733506, 'assistant', '我理解您可能想了解健身相关的教练类型。在健身领域，常见的教练有：

1. **健身私人教练（Personal Trainer）**：提供一对一的个性化训练指导，根据个人目标制定训练计划。

2. **功能性训练教练（Functional Training Coach）**：专注于通过功能性训练来提高身体的协调性和运动表现。

3. **体能训练教练（Performance Trainer）**：专注于提高运动员或健身爱好者的体能和运动表现。

4. **减脂/塑形教练**：专门针对减脂、体脂率控制和身体塑形提供指导。

5. **增肌教练**：专注于肌肉增长和力量提升的训练指导。

6. **运动康复教练（运动康复教练）**：帮助运动损伤后的恢复，提供康复训练和预防措施。

7. **瑜伽教练**：专门教授瑜伽课程，包括各种流派和风格，强调柔韧性和身心平衡。

8. **普拉提教练**：教授普拉提课程，注重核心稳定性和整体身体控制。

9. **有氧运动教练**：专注于有氧运动，如跑步、游泳、骑自行车等，提高心肺功能和耐力。

10. **柔韧性训练教练**：专注于提高身体的柔韧性和灵活性，预防运动损伤。

如果您有特定的健身目标，我可以根据您的目标为您推荐更合适的教练类型。', '2026-04-12 23:50:47.261736');
INSERT INTO public.chat_message (id, session_id, role, content, created_at) VALUES (2043357812062351361, 2043233298787733506, 'user', '有哪些会员卡', '2026-04-12 23:57:20.808644');
INSERT INTO public.chat_message (id, session_id, role, content, created_at) VALUES (2043367032870629377, 2043233298787733506, 'user', '教练有哪些？', '2026-04-13 00:33:59.215615');
INSERT INTO public.chat_message (id, session_id, role, content, created_at) VALUES (2043367053020065793, 2043233298787733506, 'assistant', '根据力健空间健身中心的教练团队信息，我们有以下几位专业教练：

1. **张磊 - 主教练**
   - 擅长方向：减脂塑形、增肌增重、体态调整
   - 可预约时间：周一至周五 10:00-20:00

2. **李娜 - 女子训练专家**
   - 擅长方向：产后恢复、女子塑形、普拉提
   - 可预约时间：周二至周日 9:00-18:00

3. **王强 - 康复教练**
   - 擅长方向：运动损伤康复、肩颈腰腿痛调理、体态矫正
   - 可预约时间：周一至周六 14:00-22:00

4. **刘芳 - 团课教练**
   - 擅长方向：动感单车、舞蹈、瑜伽
   - 可预约时间：周一至周日 9:00-21:00

每位教练都有丰富的资质和经验，可以根据您的健身目标和时间安排选择合适的教练。如果您有特定的目标或时间需求，我可以帮您进一步匹配。', '2026-04-13 00:34:04.031188');
INSERT INTO public.chat_message (id, session_id, role, content, created_at) VALUES (2043639685699305474, 2043233298787733506, 'user', '有什么会员卡推荐', '2026-04-13 18:37:24.714507');
INSERT INTO public.chat_message (id, session_id, role, content, created_at) VALUES (2043639767114940418, 2043233298787733506, 'assistant', '根据您的需求不同，我这边可以推荐适合的会员卡类型。您是短期体验、季度训练、中长期训练、长期健身，还是学生或家庭用户呢？不规律健身的话，我们也有一款30次不限次的次卡可供选择。您可以告诉我具体需求，我来帮您匹配最合适的卡种。

如果您暂时不确定，我可以先给您一个概览：
- 短期体验：月卡（399元，30天）
- 季度训练：季卡（999元，90天）
- 中长期训练：半年卡（1699元，180天）
- 长期健身：年卡（2999元，365天）
- 不规律健身：次卡（899元，180天，30次不限本人使用）
- 学生群体：学生年卡（1999元，需出示学生证）
- 家庭用户：家庭年卡（4999元，2大1小）

请告诉我您的偏好，我来为您详细说明每种卡种的权益和适用场景。', '2026-04-13 18:37:44.137513');
INSERT INTO public.chat_message (id, session_id, role, content, created_at) VALUES (2043639796609286145, 2043233298787733506, 'user', '健身房具体地址在哪里？', '2026-04-13 18:37:51.160759');
INSERT INTO public.chat_message (id, session_id, role, content, created_at) VALUES (2043639804305833986, 2043233298787733506, 'assistant', '力健空间健身中心（FutureFit·未来健身空间健身中心）的具体地址是：天津市津南区建国路 88 号现代城负一层。', '2026-04-13 18:37:53.000978');
INSERT INTO public.chat_message (id, session_id, role, content, created_at) VALUES (2044699976952315906, 2040851441290915842, 'user', '你好呀', '2026-04-16 16:50:37.846141');
INSERT INTO public.chat_message (id, session_id, role, content, created_at) VALUES (2044700000817905665, 2040851441290915842, 'assistant', '你好呀！我是"健小助"，你的专业智能健身助手。我专注于帮助你制定科学、安全、个性化的健身方案，涵盖力量训练、有氧运动、营养饮食、器械使用指导、训练计划制定以及运动损伤预防等方面。有什么健身相关的问题或目标吗？我很乐意为你提供帮助！', '2026-04-16 16:50:43.549845');
INSERT INTO public.chat_message (id, session_id, role, content, created_at) VALUES (2044773889631830018, 2040851441290915842, 'user', '你好', '2026-04-16 21:44:20.002807');
INSERT INTO public.chat_message (id, session_id, role, content, created_at) VALUES (2044774150714642433, 2040851441290915842, 'user', '你好', '2026-04-16 21:45:22.248679');
INSERT INTO public.chat_message (id, session_id, role, content, created_at) VALUES (2044774161082961921, 2040851441290915842, 'assistant', '你好！我是"健小助"，你的专业智能健身助手。我专注于帮助你解决健身相关的问题，包括训练指导、营养建议、器械使用、训练计划制定、运动损伤预防等。有什么健身方面的需求，欢迎随时告诉我！

我在这里等你，可以是你的增肌训练计划、减脂饮食建议，还是健身房器械使用指导，都可以告诉我，我会根据你的具体情况提供专业的建议和支持。

请告诉我你现在的健身目标和需求吧！', '2026-04-16 21:45:24.732569');
INSERT INTO public.chat_message (id, session_id, role, content, created_at) VALUES (2052304110865797121, 2043233298787733506, 'user', '你好', '2026-05-07 16:26:44.648982');
INSERT INTO public.chat_message (id, session_id, role, content, created_at) VALUES (2052304568468631554, 2043233298787733506, 'user', '你好', '2026-05-07 16:28:33.720554');
INSERT INTO public.chat_message (id, session_id, role, content, created_at) VALUES (2052306085338587138, 2043233298787733506, 'user', '你好', '2026-05-07 16:34:35.371424');
INSERT INTO public.chat_message (id, session_id, role, content, created_at) VALUES (2052306772139110402, 2043233298787733506, 'user', '你好', '2026-05-07 16:37:19.116831');
INSERT INTO public.chat_message (id, session_id, role, content, created_at) VALUES (2052307716008505345, 2043233298787733506, 'user', '你好', '2026-05-07 16:41:04.2009');
INSERT INTO public.chat_message (id, session_id, role, content, created_at) VALUES (2052313993916878849, 2040851441290915842, 'user', '你能做什么？', '2026-05-07 17:06:00.952156');
INSERT INTO public.chat_message (id, session_id, role, content, created_at) VALUES (2052380780037623809, 2040851441290915842, 'user', '你能做什么', '2026-05-07 21:31:24.008936');
INSERT INTO public.chat_message (id, session_id, role, content, created_at) VALUES (2052380850581622786, 2040851441290915842, 'assistant', '你好！我是**健小助**智能机器人，很高兴为你服务 🤖

我可以帮你完成以下事项：

### 🏋️ 会员与卡务
- 查询你的**会籍状态**和**健身档案**
- 查看**可售会员卡**列表及卡详情

### 📋 课程相关
- 查询**公开课程**列表（可按分类筛选）
- 查看具体**课程详情**

### 🛒 商品与服务
- 查询**商品列表**（可按分类筛选）
- 查看具体**商品详情**

### 👨‍🏫 教练信息
- 查看首页**教练列表**
- 查询你的**专属私教**信息

### 💡 健身知识与场馆规则
- 解答**健身知识**、**课程须知**、**场馆规则**、**营业时间**等常见问题

---

你有什么想了解的，随时告诉我！😊', '2026-05-07 21:31:40.842096');
INSERT INTO public.chat_message (id, session_id, role, content, created_at) VALUES (2052383318203899906, 2040851441290915842, 'user', '有哪些课程？', '2026-05-07 21:41:29.133795');
INSERT INTO public.chat_message (id, session_id, role, content, created_at) VALUES (2052383420251316226, 2040851441290915842, 'assistant', '团课分类暂无返回数据，不过根据知识库中的课程信息，我可以为你整理如下：

---

### 🏋️ 团课课程一览

我们提供丰富的团操课程，涵盖以下类型：

| 课程 | 特点 |
|------|------|
| **瑜伽** | 柔韧拉伸、身心放松 |
| **普拉提** | 核心稳定、体态改善 |
| **动感单车** | 高效燃脂、心肺提升 |
| **有氧操** | 全身有氧、活力满满 |
| **搏击操** | 力量爆发、释放压力 |
| **核心训练** | 核心力量、稳定强化 |
| **舞蹈** | 节律感强、趣味塑形 |

---

### 📅 本周团课时间表

| 时间 | 周一 | 周二 | 周三 | 周四 | 周五 | 周六 | 周日 |
|------|------|------|------|------|------|------|------|
| 09:00-10:00 | 瑜伽 | 动感单车 | 普拉提 | 有氧操 | 瑜伽 | 搏击操 | 核心训练 |
| 10:30-11:30 | 普拉提 | 核心训练 | 动感单车 | 舞蹈 | 拉提 | 瑜伽 | 动感单车 |
| 14:00-15:00 | 有氧操 | 瑜伽 | 搏击操 | 核心训练 | 有氧操 | 舞蹈 | 普拉提 |
| 15:30-16:30 | 动感单车 | 普拉提 | 瑜伽 | 动感单车 | 搏击操 | 有氧操 | 瑜伽 |
| 19:00-20:00 | 搏击操 | 动感单车 | 舞蹈 | 瑜伽 | 动感单车 | 核心训练 | - |
| 20:30-21:30 | 核心训练 | 有氧操 | 瑜伽 | 普拉提 | 瑜伽 | - | - |

> ⚠️ 课程可能根据教练排班临时调整，以公众号当日发布为准。

---

### 💡 针对你的推荐

你的健身目标是**健康养生**，建议关注：

- **瑜伽、普拉提**：放松恢复、改善体态，每周 2-3 次，最佳时段上午 09:00-10:00
- **有氧操、核心训练**：适度锻炼、维持体能，每周 2-3 次

---

### 🎯 私教课程

如果你想获得更个性化的指导，我们还提供一对一私教服务，包括：减脂塑形、增肌增重、体态调整、康复训练、产后恢复、儿童体适能等。

预约团课请关注公众号 → 会员中心 → 课程预约，团课提前 **24小时** 开放预约哦！

还有什么想了解的吗？😊', '2026-05-07 21:41:53.49278');
INSERT INTO public.chat_message (id, session_id, role, content, created_at) VALUES (2052383456758538242, 2040851441290915842, 'user', '有哪些会员卡？', '2026-05-07 21:42:02.189913');
INSERT INTO public.chat_message (id, session_id, role, content, created_at) VALUES (2052406970672656386, 2052406882982342658, 'assistant', '你好！我是你的智能健身助手“健小助”。

很抱歉，我只能回答与健身相关的问题，比如训练指导、营养饮食、器械使用、训练计划制定、运动损伤预防以及健身房相关信息等。关于天气的查询，建议你使用专业的天气应用或网站哦。

不过，天气情况其实和健身息息相关！如果你已经知道了今天的天气，我可以帮你根据天气来调整今天的运动计划：
- 如果是**晴天且气温适宜**，非常适合去户外进行跑步、骑行等有氧运动；
- 如果是**雨天或气温过高/过低**，我会建议你转入室内健身房进行力量训练或有氧器械训练，并提醒你注意补水和保暖。

如果你想了解如何根据环境调整训练，或者有任何其他的健身问题，随时欢迎向我提问！祝你今天也有好心情和好状态！💪', '2026-05-07 23:15:28.346982');
INSERT INTO public.chat_message (id, session_id, role, content, created_at) VALUES (2052422092975665154, 2052409566351220738, 'assistant', '上海今天天气：局部小雨，温度18°C，风速24km/h。出门建议带伞，注意防风。', '2026-05-08 00:15:33.780062');
INSERT INTO public.chat_message (id, session_id, role, content, created_at) VALUES (2052438210645790721, 2052409566351220738, 'assistant', '健身房地址：**天津市津南区建国路88号现代城负一层**

🚇 地铁1号线建国路站B出口步行500米
🚌 公交12路、35路、88路至现代城站
🚗 会员停车前3小时免费，超时5元/小时
📞 前台电话：400-888-9999', '2026-05-08 01:19:36.532489');
INSERT INTO public.chat_message (id, session_id, role, content, created_at) VALUES (2052383531584921601, 2040851441290915842, 'assistant', '以下是当前可售的会员卡列表：

---

### 💳 会员卡一览

| 卡种 | 名称 | 价格 | 原价 | 有效期 | 日均价 | 推荐指数 |
|------|------|------|------|--------|--------|---------|
| ⭐ 年卡 | **年度会员卡** | **¥699** | ¥1,197 | 365天 | ¥1.92/天 | 🔥 强烈推荐 |
| 季卡 | **季度会员卡** | **¥299** | ¥447 | 90天 | ¥3.32/天 | 买二送一 |
| ⭐ 月卡 | **性价比月卡** | **¥129** | ¥159 | 30天 | ¥4.30/天 | 入门首选 |
| 月卡 | **高级月卡** | **¥149** | ¥199 | 30天 | ¥4.97/天 | 月卡优选 |
| 体验卡 | **7天体验卡** | **¥9.9** | ¥29.9 | 7天 | ¥1.41/天 | 新用户专享 |

---

### 💡 选购建议

你的健身目标是**健康养生**，属于中长期持续锻炼的需求：

- **预算充足** → 推荐 **年度会员卡**（¥699），日均不到2元，最划算！
- **先试试** → 可以从 **7天体验卡**（¥9.9）开始感受场馆氛围
- **短期过渡** → **季度会员卡**（¥299）也是不错的折中选择

---

### 🎁 会员专属权益

办卡后即可享受：
- ✅ 免费使用所有场馆器械
- ✅ 免费参加团课
- ✅ 免费使用淋浴和储物柜
- ✅ 每年 2 次免费体测
- ✅ 优先参与场馆活动

### 🤝 老带新奖励

推荐好友办卡，你可获得会籍延长甚至私教课奖励，详情可咨询前台！

---

想了解某张卡的更多详情，或者需要我帮你对比选择，随时告诉我！😊', '2026-05-07 21:42:20.038341');
INSERT INTO public.chat_message (id, session_id, role, content, created_at) VALUES (2052383654721298433, 2040851441290915842, 'user', '帮我看看系统有哪些商品', '2026-05-07 21:42:49.393');
INSERT INTO public.chat_message (id, session_id, role, content, created_at) VALUES (2052383706437066753, 2040851441290915842, 'assistant', '目前系统各分类下的商品列表暂无数据返回，可能商品尚未上架或分类名称不匹配。

---

### 🛒 关于场馆商品

根据已有信息，场馆目前可确认提供的商品包括：

- **运动毛巾**：前台有售，适合自带毛巾不方便的会员

其他商品（如运动装备、营养补剂、饮品等）的详细信息暂未在系统中上架，建议你：

1. 📞 到**前台**咨询完整商品清单
2. 📱 关注**公众号**查看最新商品上架动态

---

如果你对运动毛巾或其他具体商品有需求，可以告诉我，我帮你进一步了解！😊', '2026-05-07 21:43:01.727947');
INSERT INTO public.chat_message (id, session_id, role, content, created_at) VALUES (2052384606786363394, 2040851441290915842, 'user', '地址在哪？', '2026-05-07 21:46:36.380425');
INSERT INTO public.chat_message (id, session_id, role, content, created_at) VALUES (2052384637140541442, 2040851441290915842, 'assistant', '我们的场馆地址如下：

---

### 📍 场馆地址

**天津市津南区建国路 88 号现代城负一层**

---

### 🚗 交通指南

| 方式 | 详情 |
|------|------|
| 🚇 **地铁** | 1号线建国路站，B出口步行500米 |
| 🚌 **公交** | 12路、35路、88路至现代城站下车 |
| 🅿️ **停车** | 现代城地下停车场，会员前3小时免费，超时5元/小时 |

---

### 📞 联系方式

- 前台电话：**400-888-9999**
- 营业时间：周一至周日 **6:00 - 23:00**（法定节假日正常营业）

还有其他问题吗？😊', '2026-05-07 21:46:43.617877');
INSERT INTO public.chat_message (id, session_id, role, content, created_at) VALUES (2052385398926782466, 2040851441290915842, 'user', '你们有什么商品？', '2026-05-07 21:49:45.23436');
INSERT INTO public.chat_message (id, session_id, role, content, created_at) VALUES (2052385457856753666, 2040851441290915842, 'assistant', '目前系统中各分类的商品数据暂未上架，无法通过线上查询获取完整商品清单。

不过根据已有信息，场馆目前可确认提供的商品有：

---

### 🛒 已知商品

- **运动毛巾**：前台有售，适合忘记自带毛巾的会员

---

### 💡 查看更多商品的方式

由于线上商品数据暂未完善，建议你通过以下方式了解完整商品信息：

1. 🏪 到**场馆前台**直接查看和购买
2. 📱 关注公众号 **FutureFit·未来健身空间健身中心**，留意商品上架动态

---

场馆商品一般涵盖运动装备、健身器材、营养补剂、饮品等类别，具体库存和价格以前台实际为准。

有其他问题随时问我！😊', '2026-05-07 21:49:59.294833');
INSERT INTO public.chat_message (id, session_id, role, content, created_at) VALUES (2052389949071351810, 2040851441290915842, 'user', '天津今天什么天气', '2026-05-07 22:07:50.072265');
INSERT INTO public.chat_message (id, session_id, role, content, created_at) VALUES (2052389991266050049, 2040851441290915842, 'assistant', '抱歉，天津天气查询暂时出现了技术问题，无法获取实时天气数据。

---

### 💡 建议查看天气的方式

- 📱 手机自带天气App或搜索"天津天气"
- 🌐 访问中国天气网（weather.com.cn）
- 📺 关注本地天气预报

---

来健身的话，不管天气如何，场馆内环境舒适，随时欢迎你来锻炼！💪😊', '2026-05-07 22:08:00.143344');
INSERT INTO public.chat_message (id, session_id, role, content, created_at) VALUES (2052396791893778434, 2040851441290915842, 'user', '天津今天什么天气', '2026-05-07 22:35:01.50929');
INSERT INTO public.chat_message (id, session_id, role, content, created_at) VALUES (2052396828229033986, 2040851441290915842, 'assistant', '天津今天的天气情况：

---

### 🌤️ 天津今日天气

| 项目 | 详情 |
|------|------|
| 天气状况 | ☀️ **晴朗** |
| 温度 | **20°C** |
| 风速 | **8 km/h**（微风） |

---

天气晴好，温度舒适，非常适合出门活动！来场馆锻炼也是不错的选择 💪😊', '2026-05-07 22:35:10.201287');
INSERT INTO public.chat_message (id, session_id, role, content, created_at) VALUES (2052402661927079937, 2040851441290915842, 'user', '系统有哪些课程？', '2026-05-07 22:58:21.027418');
INSERT INTO public.chat_message (id, session_id, role, content, created_at) VALUES (2052402763315990530, 2040851441290915842, 'assistant', '当前系统有以下团课课程：

**🩺 康复体态**
- 产后修复训练（初级，45min，剩4名额）
- 脊柱侧弯矫正（中级，50min，剩5名额）

**💃 舞蹈操课**
- Zumba尊巴舞（初级，50min，剩8名额）
- 爵士舞基础（初级，60min，剩10名额）
- 街舞Hip-Hop（中级，60min，剩10名额）
- 民族健身操（高级，65min，剩12名额）

**🥊 拳击格斗**
- 拳击基础入门（初级，60min，剩5名额）
- 泰拳实战技巧（中级，60min，剩5名额）
- 防身术实战（中级，60min，剩8名额）
- 综合格斗训练（高级，60min，剩5名额）

结合您的"健康养生"目标，推荐优先体验**康复体态**和**舞蹈操课**类课程，强度适中、趣味性强。想了解某门课详情，随时告诉我！', '2026-05-07 22:58:45.239598');
INSERT INTO public.chat_message (id, session_id, role, content, created_at) VALUES (2052403264409489410, 2040851441290915842, 'user', '有哪些健身器材？', '2026-05-07 23:00:44.712655');
INSERT INTO public.chat_message (id, session_id, role, content, created_at) VALUES (2052403368780550145, 2040851441290915842, 'assistant', '根据场馆信息，本馆1500㎡配备了以下健身器材：

**自由力量区**：哑铃、杠铃、卧推架等专业力量器械

**固定器械区**：涵盖全身各部位训练器械，新手友好

**有氧区**：跑步机、椭圆机、动感单车等，配备独立影音系统

**私教区**：专业功能性训练工具

**体测区**：专业体测仪（可分析体脂率、肌肉量等）

使用时请注意：器械用后归位、大重量训练请有人陪同、有氧器械高峰期单次不超过45分钟。如有损坏请及时告知前台！', '2026-05-07 23:01:09.588479');
INSERT INTO public.chat_message (id, session_id, role, content, created_at) VALUES (2052403576918691842, 2040851441290915842, 'user', '有哪些会员卡', '2026-05-07 23:01:59.20842');
INSERT INTO public.chat_message (id, session_id, role, content, created_at) VALUES (2052403687853838338, 2040851441290915842, 'assistant', '当前可售会员卡如下：

| 卡种 | 价格 | 原价 | 有效期 | 日均价 |
|------|------|------|--------|--------|
| 🌟年度会员卡 | ¥699 | ¥1197 | 365天 | ¥1.92 |
| 🌟性价比月卡 | ¥129 | ¥159 | 30天 | ¥4.30 |
| 季度会员卡 | ¥299 | ¥447 | 90天 | ¥3.32 |
| 高级月卡 | ¥149 | ¥199 | 30天 | ¥4.97 |
| 7天体验卡 | ¥9.9 | ¥29.9 | 7天 | ¥1.41 |

以您的健康养生目标，推荐**年度会员卡**，日均不到2元最划算；想短期体验可选**性价比月卡**或**7天体验卡**。需要了解某张卡的详细权益吗？', '2026-05-07 23:02:25.660309');
INSERT INTO public.chat_message (id, session_id, role, content, created_at) VALUES (2052406926842179586, 2052406882982342658, 'user', '今天什么天气', '2026-05-07 23:15:17.893953');
INSERT INTO public.chat_message (id, session_id, role, content, created_at) VALUES (2052407043766792194, 2052406882982342658, 'user', '有哪些会员卡', '2026-05-07 23:15:45.780494');
INSERT INTO public.chat_message (id, session_id, role, content, created_at) VALUES (2052421976256573441, 2052409566351220738, 'assistant', '健身房位置信息如下：

📍 **地址**：天津市津南区建国路88号现代城负一层

🚇 **地铁**：1号线建国路站B出口，步行500米
🚌 **公交**：12路、35路、88路至现代城站

🅿️ **停车**：地下停车场，会员前3小时免费，超时5元/小时

📞 **前台电话**：400-888-9999', '2026-05-08 00:15:05.952839');
INSERT INTO public.chat_message (id, session_id, role, content, created_at) VALUES (2052422038206443522, 2052409566351220738, 'user', '上海什么天气', '2026-05-08 00:15:20.726342');
INSERT INTO public.chat_message (id, session_id, role, content, created_at) VALUES (2052438318082887682, 2052409566351220738, 'user', '有哪些会员卡？', '2026-05-08 01:20:02.159907');
INSERT INTO public.chat_message (id, session_id, role, content, created_at) VALUES (2052407105410478081, 2052406882982342658, 'assistant', '您好！我是力健空间健身中心的智能健身助手“健小助”。我们提供多种会员卡类型，以满足不同用户的健身需求，具体如下：

| 卡种类型 | 价格 | 适用人群 | 备注 |
|---------|------|---------|------|
| 月卡 | 399 元 | 短期体验用户 | 有效期 30 天，开卡后生效 |
| 季卡 | 999 元 | 季度训练用户 | 有效期 90 天，平均每月 333 元 |
| 半年卡 | 1699 元 | 中长期训练用户 | 有效期 180 天，平均每月 283 元 |
| 年卡 | 2999 元 | 长期健身用户 | 有效期 365 天，平均每月 250 元 |
| 次卡（30 次） | 899 元 | 不规律健身用户 | 有效期 180 天，不限本人使用 |
| 学生年卡 | 1999 元 | 在校学生 | 需出示学生证，有效期 365 天 |
| 家庭年卡 | 4999 元 | 家庭用户 | 2 大 1 小，有效期 365 天 |

您可以根据自己的健身频率和需求选择最适合的卡种。如果您对某类卡种的具体权益、停卡或退卡规则有疑问，随时可以问我哦！💪', '2026-05-07 23:16:00.475409');
INSERT INTO public.chat_message (id, session_id, role, content, created_at) VALUES (2052407327578566658, 2052406882982342658, 'user', '有哪些课程？', '2026-05-07 23:16:53.441604');
INSERT INTO public.chat_message (id, session_id, role, content, created_at) VALUES (2052407418037121026, 2052406882982342658, 'assistant', '您好！我是力健空间健身中心的智能健身助手“健小助”。我们为您提供了丰富的**团课**和**私教**课程，具体如下：

### 🏋️ 团操课程
我们每周更新团课表，包含以下热门课程：
* **瑜伽**、**普拉提**：适合塑形与放松恢复
* **动感单车**、**有氧操**、**搏击操**：适合高效减脂
* **核心训练**：适合增肌与核心力量提升
* **舞蹈**：适合塑形与趣味锻炼

具体的每周排课时间如下：
| 时间 | 周一 | 周二 | 周三 | 周四 | 周五 | 周六 | 周日 |
|------|------|------|------|------|------|------|------|
| 09:00-10:00 | 瑜伽 | 动感单车 | 普拉提 | 有氧操 | 瑜伽 | 搏击操 | 核心训练 |
| 10:30-11:30 | 普拉提 | 核心训练 | 动感单车 | 舞蹈 | 普拉提 | 瑜伽 | 动感单车 |
| 14:00-15:00 | 有氧操 | 瑜伽 | 搏击操 | 核心训练 | 有氧操 | 舞蹈 | 普拉提 |
| 15:30-16:30 | 动感单车 | 普拉提 | 瑜伽 | 动感单车 | 搏击操 | 有氧操 | 瑜伽 |
| 19:00-20:00 | 搏击操 | 动感单车 | 舞蹈 | 瑜伽 | 动感单车 | 核心训练 | - |
| 20:30-21:30 | 核心训练 | 有氧操 | 瑜伽 | 普拉提 | 瑜伽 | - | - |

> ⚠️ **温馨提示**：课程可能根据教练排班临时调整，请以公众号当日发布为准。

---

### 🧑‍🏫 私教课程
如果您需要更定制化的指导，我们的专业私教提供一对一服务，涵盖以下方向：
* **减脂塑形**：定制饮食+训练计划，高效燃脂
* **增肌增重**：制定力量训练计划，科学增肌
* **体态调整**：改善圆肩、驼背、骨盆前倾等
* **康复训练**：针对肩颈腰腿痛及运动损伤后的康复
* **产后恢复**：盆底肌修复、腹直肌分离修复
* **儿童体适能**：提升儿童免疫力与运动能力

> ⚠️ **安全提示**：如果您有运动损伤史或健康问题，建议在参加课程前先咨询专业医生或我们的私教教练，运动时请务必注意正确姿势并遵循循序渐进的原则。

您可以根据自己的健身目标选择合适的课程。如果需要了解如何预约，随时可以问我哦！', '2026-05-07 23:17:15.005476');
INSERT INTO public.chat_message (id, session_id, role, content, created_at) VALUES (2052409567336882177, 2052409566351220738, 'user', '今天什么天气', '2026-05-07 23:25:47.435842');
INSERT INTO public.chat_message (id, session_id, role, content, created_at) VALUES (2052409604661993473, 2052409566351220738, 'assistant', '你好！我是健小助，你的专业智能健身助手。

关于今天天气的问题，属于气象范畴，超出了我的专业领域，我只能回答健身相关的问题哦。

不过，天气状况确实会影响我们的运动安排！如果你已经了解了今天的天气，我可以帮你根据天气情况制定合适的健身计划。比如：
- 如果天气晴朗温度适宜，我们可以安排户外跑步或骑行；
- 如果天气不佳，我可以为你推荐一些室内居家训练动作；
- 如果天气炎热或寒冷，我也能给你提供相应的运动注意事项和补水建议。

有任何健身、营养或训练计划方面的需求，随时告诉我，我很乐意为你提供帮助！💪', '2026-05-07 23:25:56.334956');
INSERT INTO public.chat_message (id, session_id, role, content, created_at) VALUES (2052414843632963585, 2052409566351220738, 'user', '今天什么天气？', '2026-05-07 23:46:45.368285');
INSERT INTO public.chat_message (id, session_id, role, content, created_at) VALUES (2052414881692078081, 2052409566351220738, 'assistant', '你好！我是健小助，你的专业健身助手。

关于今天具体的天气情况，我目前无法为你查询哦，因为我是一个专注于健身领域的助手，没有接入实时天气预报的功能。建议你打开手机上的天气APP查看一下当地的实时天气。

不过，既然你问到了天气，作为你的健身助手，我得提醒你：**天气对我们的运动安排影响很大哦！**

你可以查完天气后，参考以下建议来安排今天的健身：

1. **如果是高温天（30℃以上）**：建议避开正午烈日，选择清晨或傍晚运动；优先选择室内健身，或者在户外运动时注意防暑降温、及时补充电解质水，降低运动强度。
2. **如果是雨天或大风天**：为了安全和健康，建议将计划转为室内训练，比如居家HIIT、瑜伽、力量训练或去健身房。
3. **如果是寒冷天（10℃以下）**：出门运动一定要做好保暖，采用“分层穿衣法”，运动前要比平时多花5-10分钟做充分的热身，防止肌肉拉伤。
4. **如果是空气污染（雾霾/沙尘）**：坚决建议室内运动，减少户外有氧，避免呼吸道受损。

你查完天气后，如果需要我帮你根据天气情况推荐今天的室内或室外运动计划，随时告诉我！💪', '2026-05-07 23:46:54.481488');
INSERT INTO public.chat_message (id, session_id, role, content, created_at) VALUES (2052416195541020673, 2052409566351220738, 'user', '今天什么天气？', '2026-05-07 23:52:07.678116');
INSERT INTO public.chat_message (id, session_id, role, content, created_at) VALUES (2052416236661977089, 2052409566351220738, 'assistant', '你好！我是健小助，你的专业健身助手 💪。

关于今天天气的问题，我可能帮不上忙啦，因为我专注于解答健身、运动和营养相关的问题。建议你查看手机上的天气App或搜索引擎来获取准确的天气信息哦！

不过，既然你问到了天气，这和我们的健身其实息息相关呢！☀️🌧️❄️ 

你可以告诉我你所在的地方今天天气如何，我可以为你提供专业的**天气适配健身建议**，比如：
*   **如果是晴天/高温**：我会提醒你注意防暑降温，避开正午烈日，推荐适合清晨或傍晚的运动，并告诉你如何科学补水。
*   **如果是雨天**：我可以为你推荐一些完美的室内居家健身动作（HIIT、瑜伽、自重力量训练等），让你不出门也能暴汗。
*   **如果是降温/寒冷**：我会教你如何正确进行热身以防受伤，以及户外运动时的保暖穿搭建议。

你所在的城市今天天气怎么样？你想进行什么类型的运动呢？告诉我，我来帮你制定最安全、最高效的健身计划！🏃‍♂️🧘‍♀️🏋️‍♂️', '2026-05-07 23:52:17.527638');
INSERT INTO public.chat_message (id, session_id, role, content, created_at) VALUES (2052416312104923138, 2052409566351220738, 'user', '天津什么天气', '2026-05-07 23:52:35.517958');
INSERT INTO public.chat_message (id, session_id, role, content, created_at) VALUES (2052416371622096897, 2052409566351220738, 'assistant', '你好！我是健小助，你的专业健身助手。

关于天津目前的实时天气，由于我无法联网获取最新数据，建议你直接查看手机上的天气APP获取准确的温度、湿度和风力情况。

不过，既然是健身助手，我更关心的是**天气对你健身的影响**。天津的气候特点是四季分明，夏季炎热潮湿，冬季寒冷多风，春秋两季相对舒适但温差较大。你可以根据当天的实际天气，参考以下建议来安排你的运动：

1. **高温/闷热天气（夏季）**：
   * **建议**：避开正午烈日，选择清晨或傍晚运动。优先选择室内健身，或在户外运动时降低强度，防止中暑。
   * **注意**：出汗量大，必须及时补水（建议少量多次，可补充含电解质的运动饮料），穿着透气排汗的运动服。

2. **寒冷/大风天气（冬季）**：
   * **建议**：优先室内运动。若坚持户外跑，务必做好防风保暖，采用“三层穿衣法”（内层排汗、中层保暖、外层防风）。
   * **注意**：冷空气易刺激呼吸道，建议用鼻子呼吸或佩戴运动面罩/围巾保暖。运动前热身时间要比平时更长，防止肌肉拉伤。

3. **湿度大的天气****：
   * **建议**：高湿度会阻碍汗液蒸发，导致体感温度更高，身体更易疲劳。此时应适当降低运动强度和时长，切忌硬撑。

4. **雾霾/空气质量不佳**：
   * **建议**：坚决转向室内运动（如力量训练、HIIT、瑜伽、游泳等），减少户外深呼吸，保护心肺健康。

5. **晴朗/微风/温度适宜（完美天气）**：
   * **建议**：别犹豫，去户外吧！公园慢跑、骑行、户外球场都是绝佳选择。记得做好防晒，享受运动带来的多巴胺！

你可以告诉我今天天津的大致天气情况（比如“今天25度有点闷热”或“今天刮风很冷”），我来为你定制一份当天的**专属运动和穿搭建议**！💪', '2026-05-07 23:52:49.703337');
INSERT INTO public.chat_message (id, session_id, role, content, created_at) VALUES (2052417576737898497, 2052409566351220738, 'user', '今天什么天气？', '2026-05-07 23:57:36.98968');
INSERT INTO public.chat_message (id, session_id, role, content, created_at) VALUES (2052417625161138177, 2052409566351220738, 'assistant', '您当前所在城市是**南京**，今天天气情况如下：

- 🌤 天气：多云
- 🌡 温度：17°C
- 🍃 风速：15km/h

温度适宜，适合户外运动或来场馆锻炼哦！', '2026-05-07 23:57:48.568993');
INSERT INTO public.chat_message (id, session_id, role, content, created_at) VALUES (2052418337144242177, 2052409566351220738, 'user', '有哪些会员卡？', '2026-05-08 00:00:38.322898');
INSERT INTO public.chat_message (id, session_id, role, content, created_at) VALUES (2052418397332504578, 2052409566351220738, 'assistant', '目前可售的会员卡如下：

| 卡型 | 名称 | 价格 | 原价 | 有效期 | 日均价 |
|------|------|------|------|--------|--------|
| 体验卡 | 7天体验卡 | ¥9.90 | ¥29.90 | 7天 | ¥1.41 |
| 月卡 | 性价比月卡 | ¥129 | ¥159 | 30天 | ¥4.30 |
| 月卡 | 高级月卡 | ¥149 | ¥199 | 30天 | ¥4.97 |
| 季卡 | 季度会员卡 | ¥299 | ¥447 | 90天 | ¥3.32 |
| 年卡 | 年度会员卡 | ¥699 | ¥1197 | 365天 | ¥1.92 |

⭐ **推荐**：性价比月卡和年度会员卡，日均不到2元，超值划算！新用户可先体验7天体验卡（仅¥9.90）。

想了解某张卡的详细权益，随时问我！', '2026-05-08 00:00:52.670323');
INSERT INTO public.chat_message (id, session_id, role, content, created_at) VALUES (2052418616333893634, 2052409566351220738, 'user', '健身房位置在哪？', '2026-05-08 00:01:44.891747');
INSERT INTO public.chat_message (id, session_id, role, content, created_at) VALUES (2052418629533368321, 2052409566351220738, 'assistant', '抱歉，我目前没有健身房位置的相关数据，无法为您提供具体地址。建议您直接联系场馆前台或查看官方渠道获取地址信息。', '2026-05-08 00:01:48.031742');
INSERT INTO public.chat_message (id, session_id, role, content, created_at) VALUES (2052421892223692802, 2052409566351220738, 'user', '你在想想，健身房位置在哪？', '2026-05-08 00:14:45.894295');
INSERT INTO public.chat_message (id, session_id, role, content, created_at) VALUES (2052424848419504129, 2052409566351220738, 'user', '有哪些会员卡', '2026-05-08 00:26:30.724481');
INSERT INTO public.chat_message (id, session_id, role, content, created_at) VALUES (2052424909547290625, 2052409566351220738, 'assistant', '当前可售会员卡如下：

| 卡型 | 名称 | 价格 | 原价 | 日均价 | 有效期 |
|------|------|------|------|--------|--------|
| 体验卡 | 7天体验卡 | ¥9.90 | ¥29.90 | ¥1.41 | 7天 |
| 月卡 | 性价比月卡 | ¥129 | ¥159 | ¥4.30 | 30天 |
| 月卡 | 高级月卡 | ¥149 | ¥199 | ¥4.97 | 30天 |
| 季卡 | 季度会员卡 | ¥299 | ¥447 | ¥3.32 | 90天 |
| 年卡 | 年度会员卡 | ¥699 | ¥1197 | ¥1.92 | 365天 |

**推荐**：7天体验卡适合新用户尝鲜；年度会员卡日均不到2元，最划算！如需了解某张卡的详细权益，请告诉我卡名。', '2026-05-08 00:26:45.303918');
INSERT INTO public.chat_message (id, session_id, role, content, created_at) VALUES (2052424971732041729, 2052409566351220738, 'user', '今天什么天气', '2026-05-08 00:27:00.140752');
INSERT INTO public.chat_message (id, session_id, role, content, created_at) VALUES (2052425061263654914, 2052409566351220738, 'assistant', '您所在城市南京今天天气：多云，温度17°C，风速15km/h。适合户外运动，记得带件薄外套哦！', '2026-05-08 00:27:21.475117');
INSERT INTO public.chat_message (id, session_id, role, content, created_at) VALUES (2052425300087324674, 2052409566351220738, 'user', '有哪些器械？', '2026-05-08 00:28:18.427362');
INSERT INTO public.chat_message (id, session_id, role, content, created_at) VALUES (2052425416659615745, 2052409566351220738, 'assistant', '根据之前查询的信息，您所在城市南京今天的天气为：**多云，17°C，风速15km/h**。适合户外跑步或来场馆锻炼，欢迎光临！', '2026-05-08 00:28:46.208071');
INSERT INTO public.chat_message (id, session_id, role, content, created_at) VALUES (2052425761225883650, 2052409566351220738, 'user', '我不是查天气，我问，你们店有哪些训练器材？给我列举出来', '2026-05-08 00:30:08.358034');
INSERT INTO public.chat_message (id, session_id, role, content, created_at) VALUES (2052425792746078210, 2052409566351220738, 'assistant', '根据场馆设施信息，我们店配备以下训练器材：

1. **自由力量区**：哑铃、杠铃、卧推架等专业力量器械
2. **固定器械区**：涵盖全身各部位训练器械（新手友好）
3. **有氧区**：跑步机、椭圆机、动感单车等，配独立影音系统
4. **私教区**：专业功能性训练工具
5. **体测区**：专业体测仪（分析体成分、肌肉量、体脂率）

场馆总面积1500㎡，设施齐全，欢迎来体验！', '2026-05-08 00:30:15.874811');
INSERT INTO public.chat_message (id, session_id, role, content, created_at) VALUES (2052426272834502658, 2052409566351220738, 'user', '有什么课程', '2026-05-08 00:32:10.34883');
INSERT INTO public.chat_message (id, session_id, role, content, created_at) VALUES (2052426378749067266, 2052409566351220738, 'assistant', '南京今天：多云，17°C，风速15km/h。

当前可预约课程如下：

**舞蹈操课**
- Zumba尊巴舞 | 初级 | 50分钟 | 剩余8名额
- 爵士舞基础 | 初级 | 60分钟 | 剩余10名额
- 街舞Hip-Hop | 中级 | 60分钟 | 剩余10名额
- 民族健身操 | 高级 | 65分钟 | 剩余12名额

**拳击格斗**
- 拳击基础入门 | 初级 | 60分钟 | 剩余5名额
- 泰拳实战技巧 | 中级 | 60分钟 | 剩余5名额
- 防身术实战 | 中级 | 60分钟 | 剩余8名额
- 综合格斗训练 | 高级 | 60分钟 | 剩余5名额

**康复体态**
- 产后修复训练 | 初级 | 45分钟 | 剩余4名额
- 脊柱侧弯矫正 | 中级 | 50分钟 | 剩余5名额

想了解某门课程的详情，可以告诉我课程名称哦！', '2026-05-08 00:32:35.588179');
INSERT INTO public.chat_message (id, session_id, role, content, created_at) VALUES (2052426505052143617, 2052409566351220738, 'user', '我会员卡几天到期', '2026-05-08 00:33:05.708347');
INSERT INTO public.chat_message (id, session_id, role, content, created_at) VALUES (2052426628679254018, 2052409566351220738, 'assistant', '1. **天气**：您所在城市南京，今天多云，17°C，风速15km/h。

2. **会员卡状态**：您当前没有有效的会员卡，会籍已过期或未开通。如需续办，可查看我们的会员卡套餐，欢迎咨询！', '2026-05-08 00:33:35.176777');
INSERT INTO public.chat_message (id, session_id, role, content, created_at) VALUES (2052427428172316674, 2052409566351220738, 'user', '如何增肌？', '2026-05-08 00:36:45.800044');
INSERT INTO public.chat_message (id, session_id, role, content, created_at) VALUES (2052427512473632769, 2052409566351220738, 'assistant', '增肌建议如下：

1. **训练**：以力量训练为主，推荐核心训练、私教力量训练课，每周4-5次，最佳时段下午15:30-16:30。
2. **饮食**：保证蛋白质摄入充足（每公斤体重1.6-2g），碳水适量补充能量。
3. **私教**：场馆提供增肌增重私教定制服务，科学制定力量训练计划，单节课220-280元。

如需个性化增肌方案，建议预约私教一对一指导，详情可咨询前台！', '2026-05-08 00:37:05.889985');
INSERT INTO public.chat_message (id, session_id, role, content, created_at) VALUES (2052428042809831426, 2052409566351220738, 'user', '我想知道 海南今天什么天气', '2026-05-08 00:39:12.28437');
INSERT INTO public.chat_message (id, session_id, role, content, created_at) VALUES (2052428074267111426, 2052409566351220738, 'assistant', '海南今天天气：局部小雨，23°C，风速4km/h。出门建议带伞哦！', '2026-05-08 00:39:19.831202');
INSERT INTO public.chat_message (id, session_id, role, content, created_at) VALUES (2052428246476845058, 2052409566351220738, 'user', '海口呢？海口什么天气', '2026-05-08 00:40:00.895807');
INSERT INTO public.chat_message (id, session_id, role, content, created_at) VALUES (2052428271860772866, 2052409566351220738, 'assistant', '海口今天天气：晴朗，25°C，风速12km/h。天气不错，适合户外活动！', '2026-05-08 00:40:06.941892');
INSERT INTO public.chat_message (id, session_id, role, content, created_at) VALUES (2052429825493889025, 2052409566351220738, 'user', '有哪些教练，我的教练是谁？', '2026-05-08 00:46:17.357341');
INSERT INTO public.chat_message (id, session_id, role, content, created_at) VALUES (2052429960512729090, 2052409566351220738, 'assistant', '**场馆教练列表：**

| 教练 | 专长 | 经验 | 学员数 | 评分 |
|------|------|------|--------|------|
| jiaolian | 增肌塑形、运动康复、体态矫正 | 20+年 | 3500+ | 3.3 |
| coach1 | 增肌塑形、体态矫正、运动康复 | 8+年 | 2000+ | 3.9 |
| Wu_zhong_peng | CrossFit、体能训练、减脂 | 6+年 | 1500+ | 4.9 |
| Kael_Renner | 增肌塑形、力量训练 | 5+年 | 1000+ | 5.0 |
| Riven_Ashford | 专业教练 | 5+年 | 1000+ | 5.0 |

**我的私教：** 您当前未绑定专属私教，暂无分配教练信息。如需选择私教，可咨询前台或办理相关服务。', '2026-05-08 00:46:49.547942');
INSERT INTO public.chat_message (id, session_id, role, content, created_at) VALUES (2052430548050788354, 2052409566351220738, 'user', '有哪些教练，我的教练是谁？', '2026-05-08 00:49:09.590958');
INSERT INTO public.chat_message (id, session_id, role, content, created_at) VALUES (2052430676010614786, 2052409566351220738, 'assistant', '**场馆教练列表：**

| 教练 | 专长 | 经验 | 学员 | 评分 |
|------|------|------|------|------|
| jiaolian | 增肌塑形/运动康复/体态矫正 | 20+年 | 3500+ | 3.3 |
| coach1 | 增肌塑形/体态矫正/运动康复 | 8+年 | 2000+ | 3.9 |
| Wu_zhong_peng | CrossFit/体能训练/减脂 | 6+年 | 1500+ | 4.9 |
| Kael_Renner | 增肌塑形/力量训练 | 5+年 | 1000+ | 5.0 |
| Riven_Ashford | 专业教练 | 5+年 | 1000+ | 5.0 |

**您的专属私教：** 当前未绑定专属私教，暂无分配教练信息。如需分配私教，可联系前台或办理相关会员卡后申请。', '2026-05-08 00:49:40.135125');
INSERT INTO public.chat_message (id, session_id, role, content, created_at) VALUES (2052433247882330113, 2052409566351220738, 'user', '健身房在哪里？', '2026-05-08 00:59:53.322522');
INSERT INTO public.chat_message (id, session_id, role, content, created_at) VALUES (2052433410457747457, 2052409566351220738, 'assistant', '根据之前的对话，您所在城市南京今天天气：**多云，17°C，风速15km/h**。

健身房地址：**天津市津南区建国路88号现代城负一层**

🚇 地铁1号线建国路站B出口步行500米；🚌 公交12路、35路、88路至现代城站；🚗 会员停车前3小时免费，超时5元/小时。

📞 前台电话：400-888-9999', '2026-05-08 01:00:32.079192');
INSERT INTO public.chat_message (id, session_id, role, content, created_at) VALUES (2052435198858641410, 2052409566351220738, 'user', '给我写一段 python文件，内容：打印 hello world', '2026-05-08 01:07:38.469768');
INSERT INTO public.chat_message (id, session_id, role, content, created_at) VALUES (2052435219784024066, 2052409566351220738, 'assistant', '```python
print("hello world")
```

将以上内容保存为 `.py` 文件即可运行。不过我是健身助手"健小助"，编程问题不在我的专业范围内哦～有健身相关问题随时问我！💪', '2026-05-08 01:07:43.455988');
INSERT INTO public.chat_message (id, session_id, role, content, created_at) VALUES (2052435396393582594, 2052409566351220738, 'user', '给我写一个 爬虫的小示例吧，使用python', '2026-05-08 01:08:25.573553');
INSERT INTO public.chat_message (id, session_id, role, content, created_at) VALUES (2052435414793994241, 2052409566351220738, 'assistant', '我是健身助手"健小助"，编程问题不在我的服务范围内哦～建议您咨询专业的编程社区或工具。

有健身、课程、会员卡等问题随时找我！💪', '2026-05-08 01:08:29.949596');
INSERT INTO public.chat_message (id, session_id, role, content, created_at) VALUES (2052435539230605313, 2052409566351220738, 'user', '你不会写python代码吗？', '2026-05-08 01:08:59.620462');
INSERT INTO public.chat_message (id, session_id, role, content, created_at) VALUES (2052435567760261122, 2052409566351220738, 'assistant', '我只会健身相关的事情哦！Python代码确实不是我的专长 😄

不过作为"健小助"，我可以帮你：
- 🏋️ 制定减脂训练计划
- 🍎 提供饮食营养建议
- 📋 查看课程、教练、会员卡信息
- 💡 解答健身知识问题

健身方面有需要随时找我！💪', '2026-05-08 01:09:06.419533');
INSERT INTO public.chat_message (id, session_id, role, content, created_at) VALUES (2052435648441892865, 2052409566351220738, 'user', '给我写 冒泡排序', '2026-05-08 01:09:25.658683');
INSERT INTO public.chat_message (id, session_id, role, content, created_at) VALUES (2052435668998176769, 2052409566351220738, 'assistant', '抱歉，我是健身助手"健小助"，不提供编程相关服务哦～

不过如果你想让脂肪"冒泡排序"般高效燃烧，我可以帮你制定减脂训练计划！😄 有健身问题随时找我💪', '2026-05-08 01:09:30.557359');
INSERT INTO public.chat_message (id, session_id, role, content, created_at) VALUES (2052438179180122113, 2052409566351220738, 'user', '地址在哪', '2026-05-08 01:19:29.026253');
INSERT INTO public.chat_message (id, session_id, role, content, created_at) VALUES (2052438459867140097, 2052409566351220738, 'assistant', '当前可售会员卡如下：

| 卡型 | 价格 | 原价 | 有效期 | 日均价 |
|------|------|------|--------|--------|
| 7天体验卡 | ¥9.90 | ¥29.90 | 7天 | ¥1.41 |
| 性价比月卡 | ¥129 | ¥159 | 30天 | ¥4.30 |
| 高级月卡 | ¥149 | ¥199 | 30天 | ¥4.97 |
| 季度会员卡 | ¥299 | ¥447 | 90天 | ¥3.32 |
| 年度会员卡 | ¥699 | ¥1197 | 365天 | ¥1.92 |

💡 您目前没有有效会员卡，作为减脂新手，推荐先从**7天体验卡（¥9.90）**体验场馆设施，后续可考虑**季度卡（日均¥3.32）**性价比较高。需要了解某张卡的详细权益吗？', '2026-05-08 01:20:35.951615');
INSERT INTO public.chat_message (id, session_id, role, content, created_at) VALUES (2052438674653253633, 2052409566351220738, 'user', '给我说说这个7天体验卡 是什么个事？', '2026-05-08 01:21:27.164469');
INSERT INTO public.chat_message (id, session_id, role, content, created_at) VALUES (2052438801652584450, 2052409566351220738, 'assistant', '7天体验卡详情如下：

💰 **价格**：¥9.90（原价¥29.90，日均仅¥1.41）

✅ **权益**：
- 所有器械使用权限
- 免费参与基础团课
- 公共储物柜 + 免费饮用水

📌 **使用规则**：
- 开卡后7天内有效
- 每日限一次入场
- 限新用户首次购买

🎁 开卡还送50积分！非常适合你这样的新手先来体验场馆环境和课程，觉得合适再考虑长期卡。', '2026-05-08 01:21:57.440265');
INSERT INTO public.chat_message (id, session_id, role, content, created_at) VALUES (2052439579914080258, 2052409566351220738, 'user', '有哪些教练？', '2026-05-08 01:25:03.003866');
INSERT INTO public.chat_message (id, session_id, role, content, created_at) VALUES (2052439726714720258, 2052409566351220738, 'assistant', '场馆现有5位教练：

1. **jiaolian** — 增肌塑形/运动康复/体态矫正，20+年经验，3500+学员，评分3.3
2. **coach1** — 增肌塑形/体态矫正/运动康复，8+年经验，2000+学员，评分3.9
3. **Wu_zhong_peng** — CrossFit/体能训练/减脂，6+年经验，1500+学员，评分4.9
4. **Kael_Renner** — 增肌塑形/力量训练，5+年经验，1000+学员，评分5.0
5. **Riven_Ashford** — 专业教练，5+年经验，1000+学员，评分5.0

你的目标是减脂，推荐关注**Wu_zhong_peng**教练，专长减脂和体能训练，评分4.9，非常匹配你的需求！', '2026-05-08 01:25:37.991943');
INSERT INTO public.chat_message (id, session_id, role, content, created_at) VALUES (2052440951669592065, 2052409566351220738, 'user', '你好', '2026-05-08 01:30:30.045709');
INSERT INTO public.chat_message (id, session_id, role, content, created_at) VALUES (2052440971840000002, 2052409566351220738, 'assistant', '你好！我是健小助，你的专属健身助手 😊

你是减脂新手，有任何健身问题都可以问我，比如课程推荐、教练选择、会员卡咨询、训练建议等，随时为你服务！', '2026-05-08 01:30:34.853609');
INSERT INTO public.chat_message (id, session_id, role, content, created_at) VALUES (2052440996255043585, 2052409566351220738, 'user', '有哪些会员卡', '2026-05-08 01:30:40.679499');
INSERT INTO public.chat_message (id, session_id, role, content, created_at) VALUES (2052441152140546049, 2052409566351220738, 'assistant', '当前可售会员卡如下：

| 卡型 | 名称 | 价格 | 原价 | 日均价 | 有效期 |
|------|------|------|------|--------|--------|
| 体验卡 | 7天体验卡 | ¥9.90 | ¥29.90 | ¥1.41 | 7天 |
| 月卡 | 性价比月卡 | ¥129 | ¥159 | ¥4.30 | 30天 |
| 月卡 | 高级月卡 | ¥149 | ¥199 | ¥4.97 | 30天 |
| 季卡 | 季度会员卡 | ¥299 | ¥447 | ¥3.32 | 90天 |
| 年卡 | 年度会员卡 | ¥699 | ¥1197 | ¥1.92 | 365天 |

💡 减脂新手推荐先从**7天体验卡（¥9.90）**入手体验场馆，后续再考虑**季度卡（日均¥3.32）**长期坚持训练。需要了解某张卡的详细权益吗？', '2026-05-08 01:31:17.839258');
INSERT INTO public.chat_message (id, session_id, role, content, created_at) VALUES (2052442955112452097, 2052409566351220738, 'user', '有哪些会员卡', '2026-05-08 01:38:27.695969');
INSERT INTO public.chat_message (id, session_id, role, content, created_at) VALUES (2052443015019696130, 2052409566351220738, 'assistant', '当前可售会员卡如下：

| 卡型 | 名称 | 价格 | 原价 | 日均价 | 有效期 |
|------|------|------|------|--------|--------|
| 体验卡 | 7天体验卡 | ¥9.90 | ¥29.90 | ¥1.41 | 7天 |
| 月卡 | 性价比月卡 | ¥129 | ¥159 | ¥4.30 | 30天 |
| 月卡 | 高级月卡 | ¥149 | ¥199 | ¥4.97 | 30天 |
| 季卡 | 季度会员卡 | ¥299 | ¥447 | ¥3.32 | 90天 |
| 年卡 | 年度会员卡 | ¥699 | ¥1197 | ¥1.92 | 365天 |

💡 减脂新手建议先从**7天体验卡（¥9.90）**体验场馆，后续考虑**季度卡（日均¥3.32）**长期训练。想了解某张卡的详细权益吗？', '2026-05-08 01:38:41.985958');
INSERT INTO public.chat_message (id, session_id, role, content, created_at) VALUES (2052443859735744514, 2052409566351220738, 'user', '今天什么天气', '2026-05-08 01:42:03.39062');
INSERT INTO public.chat_message (id, session_id, role, content, created_at) VALUES (2052444014383927298, 2052409566351220738, 'assistant', '南京今天天气：多云，17°C，风速14km/h。温度适中，适合户外跑步或来场馆训练，记得带件薄外套哦！💪', '2026-05-08 01:42:40.251142');
INSERT INTO public.chat_message (id, session_id, role, content, created_at) VALUES (2052449595790364674, 2052409566351220738, 'user', '有哪些教练', '2026-05-08 02:04:50.958378');
INSERT INTO public.chat_message (id, session_id, role, content, created_at) VALUES (2052449671937953794, 2052409566351220738, 'user', '有哪些会员卡？', '2026-05-08 02:05:09.129771');
INSERT INTO public.chat_message (id, session_id, role, content, created_at) VALUES (2052449727978049537, 2052409566351220738, 'assistant', '你好！我是健小助。关于会员卡的具体类型和价格，因为不同的健身房政策会有很大差异，所以我无法给你提供绝对统一的答案。不过，通常大多数健身房会提供以下几种常见的会员卡供你选择：

1. **次卡/体验卡**：按次数计费（如10次卡、20次卡），不限制使用时间。非常适合刚开始健身的新手，可以先体验场馆环境和器械，再决定是否长期投入。
2. **月卡/季卡**：短期限卡，适合短期内想集中锻炼，或者还不确定自己能否长期坚持的朋友。
3. **年卡**：最常见也最划算的长期卡，适合有明确目标、打算长期坚持锻炼的人。很多健身房还会细分出普通年卡和VIP年卡（可能包含私教课次数或专属休息区等权益）。
4. **双人卡/家庭卡**：适合和朋友、家人一起办，通常会有一定的折扣，还能互相督促锻炼，对减脂目标非常有帮助！

💡 **给减脂新手的小建议**：
因为你的目标是**减脂**，且目前是**新手阶段**，我建议你在办卡前先确认以下几点：
*   **场馆设施**：是否有足够的有氧器械（如跑步机、椭圆机、划船机等）和适合新手的力量训练区？
*   **课程安排**：是否包含燃脂类的团课（如动感单车、有氧操、瑜伽等）？团课氛围好，很适合新手培养运动习惯！
*   **先体验再决定**：强烈建议你先办一张**次卡或体验卡**去实地感受一下，看看器械是否顺手、高峰期是否排队、距离家或公司是否方便，再考虑办长期卡，避免冲动消费。

如果你想了解**你所在的具体某家健身房**的会员卡详情，建议你直接咨询该场馆的前台或销售人员，他们能提供最准确的报价和近期优惠活动。

办卡之后，如果你需要制定适合新手的减脂训练计划，或者学习器械的正确使用方法，随时来找我，我会为你量身定制！加油，迈出第一步就是成功的开始！💪', '2026-05-08 02:05:22.485638');
INSERT INTO public.chat_message (id, session_id, role, content, created_at) VALUES (2052450008996442114, 2052409566351220738, 'user', '有哪些会员卡', '2026-05-08 02:06:29.474227');
INSERT INTO public.chat_message (id, session_id, role, content, created_at) VALUES (2052450226139754498, 2052409566351220738, 'user', '有哪些教练', '2026-05-08 02:07:21.251612');
INSERT INTO public.chat_message (id, session_id, role, content, created_at) VALUES (2052450396336222209, 2052409566351220738, 'assistant', '场馆现有5位教练：

| 教练 | 专长 | 经验 | 评分 |
|------|------|------|------|
| jiaolian | 增肌塑形、运动康复、体态矫正 | 20+年 | 3.3 |
| coach1 | 增肌塑形、体态矫正、运动康复 | 8+年 | 3.9 |
| **Wu_zhong_peng** | CrossFit、体能训练、**减脂** | 6+年 | **4.9** |
| Kael_Renner | 增肌塑形、力量训练 | 5+年 | 5.0 |
| Riven_Ashford | 专业教练 | 5+年 | 5.0 |

💡 你的目标是**减脂**，特别推荐 **Wu_zhong_peng** 教练，专长减脂和体能训练，评分高达4.9，非常适合你！', '2026-05-08 02:08:01.828417');
INSERT INTO public.chat_message (id, session_id, role, content, created_at) VALUES (2052660705458003970, 2052409566351220738, 'user', '今天什么天气', '2026-05-08 16:03:43.423023');
INSERT INTO public.chat_message (id, session_id, role, content, created_at) VALUES (2052660819064922113, 2052409566351220738, 'assistant', '南京今天天气：☀️ **晴天**，温度 **24°C**，风速 13km/h。

温度舒适、阳光充足，非常适合运动！建议可以户外慢跑或来场馆训练，减脂效果更佳 🏃‍♂️', '2026-05-08 16:04:10.525437');
INSERT INTO public.chat_message (id, session_id, role, content, created_at) VALUES (2052660939554693122, 2052409566351220738, 'user', '有哪些会员卡？', '2026-05-08 16:04:39.255169');
INSERT INTO public.chat_message (id, session_id, role, content, created_at) VALUES (2052661118194294786, 2052409566351220738, 'assistant', '当前可售会员卡如下：

| 卡种 | 价格 | 原价 | 日均价 | 有效期 | 赠积分 |
|------|------|------|--------|--------|--------|
| 7天体验卡 | ¥9.90 | ¥29.90 | ¥1.41 | 7天 | 50 |
| 性价比月卡 | ¥129 | ¥159 | ¥4.30 | 30天 | 30 |
| 高级月卡 | ¥149 | ¥199 | ¥4.97 | 30天 | 200 |
| 季度会员卡 | ¥299 | ¥447 | ¥3.32 | 90天 | 500 |
| 年度会员卡 | ¥699 | ¥1197 | ¥1.92 | 365天 | 2000 |

你是减脂新手，建议先从**7天体验卡（¥9.90）**体验场馆，觉得合适再考虑**季度卡（日均¥3.32）**长期坚持训练。需要了解某张卡的详细权益吗？', '2026-05-08 16:05:21.845714');
INSERT INTO public.chat_message (id, session_id, role, content, created_at) VALUES (2052661945382346753, 2052409566351220738, 'user', '健身房在哪？', '2026-05-08 16:08:39.054816');
INSERT INTO public.chat_message (id, session_id, role, content, created_at) VALUES (2052662266707976194, 2052409566351220738, 'assistant', '关于你的两个问题：

**天气**：南京今天晴天，24°C，风速13km/h，温度舒适，适合户外跑步或来场馆训练。

**健身房地址**：天津市津南区建国路88号现代城负一层。
- 🚇 地铁1号线建国路站B出口步行500米
- 🚌 公交12路、35路、88路至现代城站- 🚗 地下停车场，会员前3小时免费，超时5元/小时
- 📞 前台电话：400-888-9999', '2026-05-08 16:09:55.666995');
INSERT INTO public.chat_message (id, session_id, role, content, created_at) VALUES (2052663272523046914, 2052409566351220738, 'user', '几天几号？', '2026-05-08 16:13:55.477516');
INSERT INTO public.chat_message (id, session_id, role, content, created_at) VALUES (2052663292773146626, 2052409566351220738, 'assistant', '抱歉，我无法查询日期信息，这不在我的服务范围内。我是健身助手"健小助"，主要为您解答健身相关问题，如会员卡、课程、教练、训练建议等。有健身方面的问题随时问我！', '2026-05-08 16:14:00.293412');
INSERT INTO public.chat_message (id, session_id, role, content, created_at) VALUES (2052665326154948609, 2052409566351220738, 'user', '几天几号', '2026-05-08 16:22:05.096684');
INSERT INTO public.chat_message (id, session_id, role, content, created_at) VALUES (2052665419713093633, 2052409566351220738, 'user', '？', '2026-05-08 16:22:27.404484');
INSERT INTO public.chat_message (id, session_id, role, content, created_at) VALUES (2052665437354336258, 2052409566351220738, 'assistant', '抱歉，我无法查询日期信息。我是健身助手"健小助"，专注于健身相关问题，比如会员卡、课程、教练、训练建议等。有健身问题随时问我！', '2026-05-08 16:22:31.615661');
INSERT INTO public.chat_message (id, session_id, role, content, created_at) VALUES (2052665464642478082, 2052409566351220738, 'user', '今天几号？', '2026-05-08 16:22:38.119295');
INSERT INTO public.chat_message (id, session_id, role, content, created_at) VALUES (2052665479679057922, 2052409566351220738, 'assistant', '抱歉，我无法查询日期信息。我是健身助手"健小助"，只能为您解答健身相关问题，如会员卡、课程、教练、训练建议等。有健身方面的需求随时问我！', '2026-05-08 16:22:41.698277');
INSERT INTO public.chat_message (id, session_id, role, content, created_at) VALUES (2052665646234898433, 2052409566351220738, 'user', '今天几号', '2026-05-08 16:23:21.39872');
INSERT INTO public.chat_message (id, session_id, role, content, created_at) VALUES (2052665667349024769, 2052409566351220738, 'assistant', '抱歉，查询日期不在我的服务范围内。我是健身助手"健小助"，专注解答健身相关问题，比如会员卡、课程、教练、训练计划等。有健身需求随时找我！', '2026-05-08 16:23:26.448869');
INSERT INTO public.chat_message (id, session_id, role, content, created_at) VALUES (2052665758474473474, 2052409566351220738, 'user', '地址在哪', '2026-05-08 16:23:48.162068');
INSERT INTO public.chat_message (id, session_id, role, content, created_at) VALUES (2052665783946481665, 2052409566351220738, 'assistant', '健身房地址：**天津市津南区建国路88号现代城负一层**

- 🚇 地铁1号线建国路站B出口步行500米
- 🚌 公交12路、35路、88路至现代城站
- 🚗 地下停车场，会员前3小时免费，超时5元/小时
- 📞 前台电话：400-888-9999', '2026-05-08 16:23:54.242389');
INSERT INTO public.chat_message (id, session_id, role, content, created_at) VALUES (2052665852074561538, 2052409566351220738, 'user', '现在时间是？', '2026-05-08 16:24:10.489109');
INSERT INTO public.chat_message (id, session_id, role, content, created_at) VALUES (2052665982899097601, 2052409566351220738, 'assistant', '抱歉，我只提供健身相关服务，无法查询当前时间。如果您有健身、课程、会员卡等问题，随时可以问我！', '2026-05-08 16:24:41.676973');
INSERT INTO public.chat_message (id, session_id, role, content, created_at) VALUES (2052666506813804545, 2052409566351220738, 'user', '当前时间？', '2026-05-08 16:26:46.545313');
INSERT INTO public.chat_message (id, session_id, role, content, created_at) VALUES (2052666527474946049, 2052409566351220738, 'assistant', '抱歉，我只提供健身相关服务，无法查询当前时间。如果您有健身、课程、会员卡等问题，随时可以问我！', '2026-05-08 16:26:51.512256');
INSERT INTO public.chat_message (id, session_id, role, content, created_at) VALUES (2052667558480986114, 2052409566351220738, 'user', '现在的时间是？', '2026-05-08 16:30:57.291454');
INSERT INTO public.chat_message (id, session_id, role, content, created_at) VALUES (2052667576571019266, 2052409566351220738, 'assistant', '抱歉，我只提供健身相关服务，无法查询当前时间。如有健身、课程、会员卡等方面的问题，欢迎随时咨询！', '2026-05-08 16:31:01.635609');
INSERT INTO public.chat_message (id, session_id, role, content, created_at) VALUES (2052667622859358210, 2052409566351220738, 'user', '今天什么天气？', '2026-05-08 16:31:12.670796');
INSERT INTO public.chat_message (id, session_id, role, content, created_at) VALUES (2052667672930959361, 2052409566351220738, 'assistant', '南京今天天气：**晴天，24°C，风速13km/h**

温度舒适，适合户外跑步或来场馆训练，欢迎随时到店锻炼！', '2026-05-08 16:31:24.608671');
INSERT INTO public.chat_message (id, session_id, role, content, created_at) VALUES (2052667689578151937, 2052409566351220738, 'user', '当前时间', '2026-05-08 16:31:28.58445');
INSERT INTO public.chat_message (id, session_id, role, content, created_at) VALUES (2052667702962176002, 2052409566351220738, 'assistant', '抱歉，我只提供健身相关服务，无法查询当前时间。如有健身、课程、会员卡等方面的问题，欢迎随时咨询！', '2026-05-08 16:31:31.773433');
INSERT INTO public.chat_message (id, session_id, role, content, created_at) VALUES (2052668616011870209, 2052409566351220738, 'user', '现在多少点了？', '2026-05-08 16:35:09.430342');
INSERT INTO public.chat_message (id, session_id, role, content, created_at) VALUES (2052668636698177537, 2052409566351220738, 'assistant', '抱歉，我只提供健身相关服务，无法查询当前时间。如有健身、课程、会员卡等方面的问题，欢迎随时咨询！', '2026-05-08 16:35:14.398372');
INSERT INTO public.chat_message (id, session_id, role, content, created_at) VALUES (2052668666771337218, 2052409566351220738, 'user', '当前时间？', '2026-05-08 16:35:21.562028');
INSERT INTO public.chat_message (id, session_id, role, content, created_at) VALUES (2052668683997343745, 2052409566351220738, 'assistant', '抱歉，我只提供健身相关服务，无法查询当前时间。如有健身、课程、会员卡等方面的问题，欢迎随时咨询！', '2026-05-08 16:35:25.665641');
INSERT INTO public.chat_message (id, session_id, role, content, created_at) VALUES (2052668704415215617, 2052409566351220738, 'user', '我在哪里？', '2026-05-08 16:35:30.529167');
INSERT INTO public.chat_message (id, session_id, role, content, created_at) VALUES (2052668736463892481, 2052409566351220738, 'assistant', '您当前所在城市是**南京**。

不过您距离我们的健身房（天津市津南区建国路88号现代城负一层）较远，如果您计划来津训练，欢迎提前联系我们安排！', '2026-05-08 16:35:38.171426');
INSERT INTO public.chat_message (id, session_id, role, content, created_at) VALUES (2052668947563212801, 2052409566351220738, 'user', '今天天气？具体告诉我我在什么城市', '2026-05-08 16:36:28.504421');
INSERT INTO public.chat_message (id, session_id, role, content, created_at) VALUES (2052669002848333825, 2052409566351220738, 'assistant', '您当前所在城市是**南京**。

南京今天天气：**晴天，24°C，风速13km/h**

温度舒适，很适合运动锻炼！', '2026-05-08 16:36:41.680496');
INSERT INTO public.chat_message (id, session_id, role, content, created_at) VALUES (2052669219190534145, 2052409566351220738, 'user', '再告诉我，今天天气', '2026-05-08 16:37:33.261675');
INSERT INTO public.chat_message (id, session_id, role, content, created_at) VALUES (2052669238266228737, 2052409566351220738, 'assistant', '南京今天天气：**晴天，24°C，风速13km/h**

温度舒适，适合户外跑步或来场馆训练，欢迎随时锻炼！', '2026-05-08 16:37:37.814687');
INSERT INTO public.chat_message (id, session_id, role, content, created_at) VALUES (2052669301252091906, 2052409566351220738, 'user', '有哪些会员卡？哪些教练', '2026-05-08 16:37:52.839615');
INSERT INTO public.chat_message (id, session_id, role, content, created_at) VALUES (2052669480717971457, 2052409566351220738, 'assistant', '**会员卡列表：**

| 卡型 | 价格 | 原价 | 日均 | 赠积分 |
|------|------|------|------|--------|
| 7天体验卡 | ¥9.90 | ¥29.90 | ¥1.41 | 50 |
| 性价比月卡 | ¥129 | ¥159 | ¥4.30 | 30 |
| 高级月卡 | ¥149 | ¥199 | ¥4.97 | 200 |
| 季度会员卡 | ¥299 | ¥447 | ¥3.32 | 500 |
| 年度会员卡 | ¥699 | ¥1197 | ¥1.92 | 2000 |

**教练列表：**

| 教练 | 专长 | 经验 | 学员 |评分 |
|------|------|------|------|------|
| jiaolian | 增肌塑形/运动康复/体态矫正 | 20+年 | 3500+ |3.3 |
| coach1 | 增肌塑形/体态矫正/运动康复 | 8+年 | 2000+ |3.9 |
| Wu_zhong_peng | CrossFit/体能训练/减脂 | 6+年 | 1500+ | 4.9 |
| Kael_Renner | 增肌塑形/力量训练 | 5+年 | 1000+ | 5.0 |
| Riven_Ashford | 专业教练 | 5+年 | 1000+ | 5.0 |

💡 你的目标是减脂，推荐先体验**7天体验卡（¥9.90）**，教练方面**Wu_zhong_peng**专长减脂和体能训练，评分4.9，非常适合你！', '2026-05-08 16:38:35.619914');
INSERT INTO public.chat_message (id, session_id, role, content, created_at) VALUES (2052670870018297858, 2052409566351220738, 'user', '现在几点了', '2026-05-08 16:44:06.845304');
INSERT INTO public.chat_message (id, session_id, role, content, created_at) VALUES (2052671142295736322, 2052409566351220738, 'assistant', '现在是 **2026年5月8日 16:44**。

关于天气，根据之前查询的信息，您所在南京当前天气：**晴天，24°C，风速13km/h**。温度舒适，很适合外出跑步或来场馆训练哦！💪', '2026-05-08 16:45:11.773864');
INSERT INTO public.chat_message (id, session_id, role, content, created_at) VALUES (2052671723051651073, 2052409566351220738, 'user', '有哪些课程？', '2026-05-08 16:47:30.23971');
INSERT INTO public.chat_message (id, session_id, role, content, created_at) VALUES (2052671922058792962, 2052409566351220738, 'assistant', '当前可预约课程如下：

**舞蹈操课**
- Zumba尊巴舞（初级/50min/剩8名额）
- 爵士舞基础（初级/60min/剩10名额）
- 街舞Hip-Hop（中级/60min/剩10名额）
- 民族健身操（高级/65min/剩12名额）

**拳击格斗**
- 拳击基础入门（初级/60min/剩5名额）
- 泰拳实战技巧（中级/60min/剩5名额）
- 防身术实战（中级/60min/剩8名额）
- 综合格斗训练（高级/60min/剩5名额）

**康复体态**
- 产后修复训练（初级/45min/剩4名额）
- 脊柱侧弯矫正（中级/50min/剩5名额）

你是新手且目标是减脂，推荐从**Zumba尊巴舞**或**拳击基础入门**开始，燃脂效果好、难度适中！想了解某门课详情可以告诉我～', '2026-05-08 16:48:17.684923');
INSERT INTO public.chat_message (id, session_id, role, content, created_at) VALUES (2052677032017104898, 2052409566351220738, 'user', '有哪些课程？', '2026-05-08 17:08:35.991109');
INSERT INTO public.chat_message (id, session_id, role, content, created_at) VALUES (2052680759419572226, 2052409566351220738, 'user', '有哪些会员卡？', '2026-05-08 17:23:24.677783');
INSERT INTO public.chat_message (id, session_id, role, content, created_at) VALUES (2052680905653981185, 2052409566351220738, 'assistant', '当前可售会员卡如下：

| 卡型 | 价格 | 原价 | 日均价 | 赠积分 |
|------|------|------|--------|--------|
| 7天体验卡 | ¥9.90 | ¥29.90 | ¥1.41 | 50 |
| 性价比月卡 | ¥129 | ¥159 | ¥4.30 | 30 |
| 高级月卡 | ¥149 | ¥199 | ¥4.97 | 200 |
| 季度会员卡 | ¥299 | ¥447 | ¥3.32 | 500 |
| 年度会员卡 | ¥699 | ¥1197 | ¥1.92 | 2000 |

你是新手+减脂目标，建议先从**7天体验卡（¥9.90）**体验场馆和课程，觉得合适再升级**季度卡（日均¥3.32）**，性价比很高！想了解某张卡的详细权益可以告诉我～', '2026-05-08 17:23:59.533124');
INSERT INTO public.chat_message (id, session_id, role, content, created_at) VALUES (2052690270385573889, 2052409566351220738, 'user', '有哪些会员卡', '2026-05-08 18:01:12.261424');
INSERT INTO public.chat_message (id, session_id, role, content, created_at) VALUES (2052690525453783041, 2052409566351220738, 'user', '？', '2026-05-08 18:02:13.078576');
INSERT INTO public.chat_message (id, session_id, role, content, created_at) VALUES (2052690561566740481, 2052409566351220738, 'assistant', '当前可售会员卡如下：

| 卡型 | 价格 | 原价 | 日均价 | 赠积分 |
|------|------|------|--------|--------|
| 7天体验卡 | ¥9.90 | ¥29.90 | ¥1.41 | 50 |
| 性价比月卡 | ¥129 | ¥159 | ¥4.30 | 30 |
| 高级月卡 | ¥149 | ¥199 | ¥4.97 | 200 |
| 季度会员卡 | ¥299 | ¥447 | ¥3.32 | 500 |
| 年度会员卡 | ¥699 | ¥1197 | ¥1.92 | 2000 |

你是新手+减脂目标，建议先从**7天体验卡（¥9.90）**体验场馆，满意后再升级**季度卡（日均¥3.32）**，性价比最优！想了解某张卡的详细权益可以告诉我～', '2026-05-08 18:02:21.689346');
INSERT INTO public.chat_message (id, session_id, role, content, created_at) VALUES (2052690591782506497, 2052409566351220738, 'user', '有哪些教练？', '2026-05-08 18:02:28.89114');
INSERT INTO public.chat_message (id, session_id, role, content, created_at) VALUES (2052690909702361089, 2052409566351220738, 'user', '你能做什么？', '2026-05-08 18:03:44.688381');
INSERT INTO public.chat_message (id, session_id, role, content, created_at) VALUES (2052690937451876353, 2052409566351220738, 'assistant', '场馆目前有5位教练：

1. **jiaolian** — 增肌塑形/运动康复/体态矫正，20+年经验，3500+学员，评分3.3
2. **coach1** — 增肌塑形/体态矫正/运动康复，8+年经验，2000+学员，评分3.9
3. **Wu_zhong_peng** — CrossFit/体能训练/减脂，6+年经验，1500+学员，评分4.9 ⭐
4. **Kael_Renner** — 增肌塑形/力量训练，5+年经验，1000+学员，评分5.0 ⭐
5. **Riven_Ashford** — 专业教练，5+年经验，1000+学员，评分5.0 ⭐

💡 你目标是减脂，特别推荐**Wu_zhong_peng**教练，专长减脂和体能训练，评分高达4.9！', '2026-05-08 18:03:51.305976');
INSERT INTO public.chat_message (id, session_id, role, content, created_at) VALUES (2052690944305369089, 2052409566351220738, 'assistant', '我是"健小助"，您的专属健身助手，可以帮您：

1. **会员卡**：查询可售卡种、价格、权益详情
2. **课程**：查看团课安排、课程详情及名额
3. **教练**：查看教练团队、私教信息
4. **商品**：查询健身装备、营养补剂等商品
5. **个人档案**：查看您的会籍状态、体测数据、健身目标
6. **健身知识**：提供训练方法、饮食建议、减脂增肌指导
7. **场馆信息**：地址、营业时间、设施、交通等

您目前是新手、目标是减脂，有任何健身相关问题随时问我！😊', '2026-05-08 18:03:52.93952');
INSERT INTO public.chat_message (id, session_id, role, content, created_at) VALUES (2052691020985634818, 2052409566351220738, 'user', '现在几点？', '2026-05-08 18:04:11.218911');
INSERT INTO public.chat_message (id, session_id, role, content, created_at) VALUES (2052691057098592257, 2052409566351220738, 'assistant', '现在是 **2026年5月8日18:04**，周五傍晚。这个时段适合来场馆做有氧训练燃脂哦！💪', '2026-05-08 18:04:19.83172');
INSERT INTO public.chat_message (id, session_id, role, content, created_at) VALUES (2052691098710282241, 2052409566351220738, 'user', '有哪些会员卡', '2026-05-08 18:04:29.749465');
INSERT INTO public.chat_message (id, session_id, role, content, created_at) VALUES (2052691265291259905, 2052409566351220738, 'assistant', '当前可售会员卡如下：

| 卡型 | 价格 | 原价 | 日均价 | 有效期 | 赠积分 |
|------|------|------|--------|--------|--------|
| 7天体验卡 | ¥9.90 | ¥29.90 | ¥1.41 | 7天 | 50 |
| 性价比月卡 | ¥129 | ¥159 | ¥4.30 | 30天 | 30 |
| 高级月卡 | ¥149 | ¥199 | ¥4.97 | 30天 | 200 |
| 季度会员卡 | ¥299 | ¥447 | ¥3.32 | 90天 | 500 |
| 年度会员卡 | ¥699 | ¥1197 | ¥1.92 | 365天 | 2000 |

您目前无有效会员卡，作为减脂新手，建议先从**7天体验卡（¥9.90）**入手体验场馆，后续可考虑**季度卡（日均¥3.32）**，性价比很高！需要了解某张卡的详细权益吗？', '2026-05-08 18:05:09.464752');
INSERT INTO public.chat_message (id, session_id, role, content, created_at) VALUES (2052692088767352833, 2052409566351220738, 'user', '今天什么天气', '2026-05-08 18:08:25.802102');
INSERT INTO public.chat_message (id, session_id, role, content, created_at) VALUES (2052692381613658114, 2052409566351220738, 'assistant', '南京今天天气：多云，23°C，风速10km/h。温度舒适，适合运动！建议您可以选择户外慢跑或来场馆训练，减脂效果都不错哦💪', '2026-05-08 18:09:35.62455');
INSERT INTO public.chat_message (id, session_id, role, content, created_at) VALUES (2052692520776470530, 2052409566351220738, 'user', '你能做什么', '2026-05-08 18:10:08.800151');
INSERT INTO public.chat_message (id, session_id, role, content, created_at) VALUES (2052692553471070209, 2052409566351220738, 'assistant', '我是健身助手"健小助"，能帮您做这些：

1. **会员卡**：查询可售会员卡种类、价格、权益详情
2. **课程**：查看团课安排、课程详情（时间、教练、难度等）
3. **教练**：查看教练列表、私教信息
4. **商品**：查询健身装备、营养补剂等商品
5. **个人档案**：查看您的体测数据、健身目标、会籍状态
6. **健身知识**：提供训练方法、饮食建议、减脂增肌指导
7. **场馆信息**：地址、营业时间、设施器材等

您目前是减脂新手，随时可以问我相关建议！😊', '2026-05-08 18:10:16.599542');
INSERT INTO public.chat_message (id, session_id, role, content, created_at) VALUES (2052692592671035393, 2052409566351220738, 'user', '地址在哪里？', '2026-05-08 18:10:25.946267');
INSERT INTO public.chat_message (id, session_id, role, content, created_at) VALUES (2052692669686845441, 2052409566351220738, 'assistant', '场馆地址：**天津市津南区建国路88号现代城负一层**

🚇 地铁1号线建国路站B出口，步行500米
🚌 公交12路、35路、88路至现代城站
🚗 会员停车前3小时免费，超时5元/小时

营业时间：周一至周日6:00-23:00，前台电话：400-888-9999

⚠️ 您目前在南京，距离场馆较远，如需前往请提前规划行程哦！', '2026-05-08 18:10:44.3075');
INSERT INTO public.chat_message (id, session_id, role, content, created_at) VALUES (2052692688888369154, 2052409566351220738, 'user', '有哪些会员卡？', '2026-05-08 18:10:48.87347');
INSERT INTO public.chat_message (id, session_id, role, content, created_at) VALUES (2052692738406322177, 2052409566351220738, 'user', '蛋白粉怎么选', '2026-05-08 18:11:00.693142');
INSERT INTO public.chat_message (id, session_id, role, content, created_at) VALUES (2052693033785987074, 2052409566351220738, 'assistant', '关于蛋白粉选择，给您几点建议：

1. **看类型**：乳清蛋白粉吸收快，适合训练后补充；酪蛋白缓释吸收，适合睡前饮用
2. **看蛋白含量**：每份蛋白含量≥20g，蛋白质占比70%以上为优质产品
3. **减脂人群**：选择低糖低脂的乳清蛋白分离粉（WPI），热量更低
4. **新手入门**：先从基础乳清蛋白粉开始，不必追求高端配方

目前场馆补剂类商品暂无库存数据，如需购买建议后续再查询或咨询前台。', '2026-05-08 18:12:11.110317');
INSERT INTO public.chat_message (id, session_id, role, content, created_at) VALUES (2052709822804758529, 2052409566351220738, 'user', '你好', '2026-05-08 19:18:53.930149');
INSERT INTO public.chat_message (id, session_id, role, content, created_at) VALUES (2052709917776384001, 2052409566351220738, 'user', '你能做什么', '2026-05-08 19:19:16.573991');
INSERT INTO public.chat_message (id, session_id, role, content, created_at) VALUES (2052709950177382401, 2052409566351220738, 'assistant', '你好！我是健小助，您的健身助手💪 我能帮您：

1. **会员卡**：查询可售会员卡、价格权益详情
2. **课程**：查看团课安排、课程详情
3. **教练**：查看教练列表、查询您的专属私教
4. **商品**：查询运动器材、健身装备、营养补剂
5. **个人档案**：查看您的健身档案、体测数据
6. **健身知识**：训练方法、饮食建议、减脂增肌指导
7. **场馆信息**：地址、营业时间、设施等

您目前是减脂新手，有任何健身问题随时问我！😊', '2026-05-08 19:19:24.291663');
INSERT INTO public.chat_message (id, session_id, role, content, created_at) VALUES (2052709996788682753, 2052409566351220738, 'user', '有哪些课程', '2026-05-08 19:19:35.412444');
INSERT INTO public.chat_message (id, session_id, role, content, created_at) VALUES (2052710609643606017, 2052409566351220738, 'assistant', '您当前在北京，天气情况：☀️晴天，26°C，风速14km/h。温度舒适，非常适合运动！可以选择户外跑步或来场馆训练，记得做好防晒哦~', '2026-05-08 19:22:01.519774');
INSERT INTO public.chat_message (id, session_id, role, content, created_at) VALUES (2052710698516713473, 2052409566351220738, 'user', '你还可以做什么', '2026-05-08 19:22:22.709124');
INSERT INTO public.chat_message (id, session_id, role, content, created_at) VALUES (2052710731039346690, 2052409566351220738, 'assistant', '我是健小助，可以帮您：

1. 🏋️ **会员卡**：查询套餐、价格、权益详情
2. 📅 **课程**：查看团课安排、课程详情
3. 🧑‍🏫 **教练**：查看教练列表、私教信息
4. 🛒 **商品**：查看健身装备、补剂等商品
5. 📊 **个人档案**：查看体测数据、健身目标
6. 📖 **健身知识**：训练方法、饮食建议、减脂技巧
7. 🏢 **场馆信息**：地址、营业时间、设施介绍

您是减脂新手，有任何健身疑问随时问我！😊', '2026-05-08 19:22:30.470638');
INSERT INTO public.chat_message (id, session_id, role, content, created_at) VALUES (2052710798261456897, 2052409566351220738, 'user', '除此之外呢？还能做什么？', '2026-05-08 19:22:46.491569');
INSERT INTO public.chat_message (id, session_id, role, content, created_at) VALUES (2052710825067253761, 2052409566351220738, 'assistant', '抱歉，我的服务范围就是以上7项，不涉及编程、翻译、娱乐等其他领域。不过在这些范围内，我可以深入帮您：

- 根据您的**减脂目标**推荐合适的课程和教练
- 制定**新手减脂训练计划**和饮食建议- 对比会员卡帮您选最划算的方案
- 解答器械使用、运动损伤预防等问题

有健身相关需求随时问我！💪', '2026-05-08 19:22:52.879144');
INSERT INTO public.chat_message (id, session_id, role, content, created_at) VALUES (2052712794041278466, 2052409566351220738, 'user', 'now?', '2026-05-08 19:30:42.312146');
INSERT INTO public.chat_message (id, session_id, role, content, created_at) VALUES (2052712827260166146, 2052409566351220738, 'assistant', '目前就是这些功能啦！😊 不过针对您的**减脂新手**情况，我可以帮您：

- 🎯 推荐最适合减脂的课程和教练
- 📋 制定新手减脂训练计划
- 🍽️ 提供饮食搭配建议
- 💳 对比会员卡选最优方案

想从哪个开始？比如我可以先帮您推荐减脂课程或制定训练计划！💪', '2026-05-08 19:30:50.240329');
INSERT INTO public.chat_message (id, session_id, role, content, created_at) VALUES (2052712861322108929, 2052409566351220738, 'user', '现在多少点了？', '2026-05-08 19:30:58.363592');
INSERT INTO public.chat_message (id, session_id, role, content, created_at) VALUES (2052712896227106818, 2052409566351220738, 'assistant', '现在是 **2026年5月8日 19:31**，傍晚时段适合做有氧训练或来场馆上课哦！💪', '2026-05-08 19:31:06.687819');
INSERT INTO public.chat_message (id, session_id, role, content, created_at) VALUES (2052712941030662146, 2052409566351220738, 'user', '有哪些会员卡', '2026-05-08 19:31:17.364851');
INSERT INTO public.chat_message (id, session_id, role, content, created_at) VALUES (2052713135193382914, 2052409566351220738, 'assistant', '当前可售会员卡如下：

| 卡型 | 名称 | 价格 | 原价 | 日均价 | 有效期 | 赠积分 |
|------|------|------|------|--------|--------|--------|
| 体验卡 | 7天体验卡 | ¥9.90 | ¥29.90 | ¥1.41 | 7天 | 50 |
| 月卡 | 性价比月卡 | ¥129 | ¥159 | ¥4.30 | 30天 | 30 |
| 月卡 | 高级月卡 | ¥149 | ¥199 | ¥4.97 | 30天 | 200 |
| 季卡 | 季度会员卡 | ¥299 | ¥447 | ¥3.32 | 90天 | 500 |
| 年卡 | 年度会员卡 | ¥699 | ¥1197 | ¥1.92 | 365天 | 2000 |

💡 **减脂新手推荐**：先从**7天体验卡（¥9.90）**体验场馆，后续考虑**季度卡（日均仅¥3.32）**，性价比最高！', '2026-05-08 19:32:03.664325');
INSERT INTO public.chat_message (id, session_id, role, content, created_at) VALUES (2052719166438936577, 2040851441290915842, 'user', '你能做什么？', '2026-05-08 19:56:01.606504');
INSERT INTO public.chat_message (id, session_id, role, content, created_at) VALUES (2052719196809891842, 2040851441290915842, 'assistant', '我是"健小助"，您的健身助手，可以帮您：

1. **会员服务**：查询会员卡、会籍状态、会员权益
2. **课程查询**：查看团课列表、课程详情、教练信息
3. **私教服务**：查询教练团队、您的专属私教
4. **商品查询**：查看健身装备、营养补剂等商品
5. **个人档案**：查看体测数据、健身目标、身体状况
6. **场馆信息**：地址、营业时间、设施、规则等
7. **天气查询**：查看当地天气，判断是否适合锻炼
8. **健身知识**：训练方法、饮食建议、器械使用等

有什么需要，随时问我！😊', '2026-05-08 19:56:08.860375');
INSERT INTO public.chat_message (id, session_id, role, content, created_at) VALUES (2052720645820289026, 2052409566351220738, 'user', '你好呀', '2026-05-08 20:01:54.330698');
INSERT INTO public.chat_message (id, session_id, role, content, created_at) VALUES (2052721107424415745, 2052409566351220738, 'user', '你能做什么', '2026-05-08 20:03:44.384967');
INSERT INTO public.chat_message (id, session_id, role, content, created_at) VALUES (2052721290543534081, 2052409566351220738, 'assistant', '你好！我是**健小助**，你的健身助手，可以帮你：

1. 🏋️ **会员卡查询** — 查看可售卡型、价格、权益
2. 📅 **课程查看** — 团课列表、时间、名额
3. 👨‍🏫 **教练查看** — 教练团队、专长、评分
4. 🛒 **商品查询** — 器材、装备、补剂
5. 📊 **个人档案** — 体测数据、健身目标
6. 📖 **健身知识** — 训练方法、饮食建议、器械使用
7. 🏢 **场馆信息** — 地址、营业时间、设施

你是减脂新手，我可以帮你推荐适合的课程、教练和训练计划，随时问我！💪', '2026-05-08 20:04:28.044689');
INSERT INTO public.chat_message (id, session_id, role, content, created_at) VALUES (2052727850036531201, 2052409566351220738, 'user', '你能做什么', '2026-05-08 20:30:31.94367');
INSERT INTO public.chat_message (id, session_id, role, content, created_at) VALUES (2052728364589551617, 2052409566351220738, 'user', '有哪些商品？', '2026-05-08 20:32:34.628423');
INSERT INTO public.chat_message (id, session_id, role, content, created_at) VALUES (2052728416720556034, 2052409566351220738, 'assistant', '让我帮你查看场馆的商品列表！目前场馆商品暂无相关数据，暂时无法提供商品列表。如果你需要健身装备或补剂的建议，我可以从健身知识角度为你推荐减脂新手适合的装备和营养搭配，随时问我！💪', '2026-05-08 20:32:47.064199');
INSERT INTO public.chat_message (id, session_id, role, content, created_at) VALUES (2052728826994790401, 2052409566351220738, 'user', '有哪些商品', '2026-05-08 20:34:24.884731');
INSERT INTO public.chat_message (id, session_id, role, content, created_at) VALUES (2052728847404273665, 2052409566351220738, 'assistant', '目前场馆商品暂无相关数据，暂时无法提供商品列表。如果你需要健身装备或补剂的选择建议，我可以从健身知识角度为你解答，随时问我！💪', '2026-05-08 20:34:29.734372');
INSERT INTO public.chat_message (id, session_id, role, content, created_at) VALUES (2052728983870148609, 2052409566351220738, 'user', '有哪些商品', '2026-05-08 20:35:02.275427');
INSERT INTO public.chat_message (id, session_id, role, content, created_at) VALUES (2052729012831817730, 2052409566351220738, 'assistant', '目前场馆商品暂无相关数据，暂时无法提供商品列表。需要健身装备或补剂的选择建议，我可以从健身知识角度帮你解答！💪', '2026-05-08 20:35:09.186002');
INSERT INTO public.chat_message (id, session_id, role, content, created_at) VALUES (2052730685864185858, 2052409566351220738, 'user', '看一下我的档案', '2026-05-08 20:41:48.062527');
INSERT INTO public.chat_message (id, session_id, role, content, created_at) VALUES (2052730820073525250, 2052409566351220738, 'user', '？', '2026-05-08 20:42:20.058035');
INSERT INTO public.chat_message (id, session_id, role, content, created_at) VALUES (2052730866961649666, 2052409566351220738, 'assistant', '你的健身档案如下：

| 项目 | 数据 |
|------|------|
| 性别 | 男 |
| 年龄 | 17岁 |
| 身高 | 188cm |
| 体重 | 130kg |
| 经验等级 | 新手（BEGINNER） |
| 健身目标 | 减脂（WEIGHT_LOSS） |

💡 你的BMI约为**36.8**，属于较高范围，减脂目标非常合理！建议从低强度有氧+基础力量训练开始，循序渐进。推荐先办**7天体验卡（¥9.90）**体验场馆，搭配**Zumba尊巴舞**或**拳击基础入门**课程，燃脂效果好且适合新手！💪', '2026-05-08 20:42:31.24086');
INSERT INTO public.chat_message (id, session_id, role, content, created_at) VALUES (2052785789329911809, 2052409566351220738, 'user', '今天几号', '2026-05-09 00:20:45.745394');
INSERT INTO public.chat_message (id, session_id, role, content, created_at) VALUES (2052785957961904129, 2052409566351220738, 'assistant', '今天是2026年5月9日，星期六。

关于天气，您之前问过南京的天气：晴天，26°C，风速14km/h，温度舒适，适合户外跑步或场馆训练💪', '2026-05-09 00:21:25.962427');
INSERT INTO public.chat_message (id, session_id, role, content, created_at) VALUES (2052798893673598977, 2052409566351220738, 'user', '你能做什么？', '2026-05-09 01:12:50.059227');
INSERT INTO public.chat_message (id, session_id, role, content, created_at) VALUES (2052798943950721026, 2052409566351220738, 'assistant', '我是健身助手"健小助"，可以帮你做以下7件事：

1. **会员卡查询** — 查看可售会员卡、价格权益、你的会籍状态
2. **课程查看** — 查看团课列表、课程详情和时间安排
3. **教练查看** — 查看教练团队、你的专属私教信息
4. **商品查询** — 查看场馆售卖的器材、装备、补剂等
5. **个人档案** — 查看你的体测数据、BMI、健身目标等
6. **健身知识** — 提供训练方法、饮食建议、减脂增肌指导
7. **场馆信息** — 查询地址、营业时间、设施、联系方式

只解答健身相关问题，其他领域不在服务范围内哦💪', '2026-05-09 01:13:02.053552');
INSERT INTO public.chat_message (id, session_id, role, content, created_at) VALUES (2052806703081766914, 2040851441290915842, 'user', '你能做什么', '2026-05-09 01:43:51.969134');
INSERT INTO public.chat_message (id, session_id, role, content, created_at) VALUES (2052806736011247618, 2040851441290915842, 'assistant', '我是"健小助"，您的健身助手，能帮您：

1. 🏋️ **会员卡**：查询卡种、价格、权益、会籍状态
2. 📋 **课程**：查看团课列表、课程详情、教练信息
3. 🧑‍🏫 **私教**：查询教练团队、您的专属私教
4. 🛒 **商品**：查看健身装备、营养补剂等
5. 📊 **档案**：查看体测数据、健身目标、BMI等
6. 🏠 **场馆**：地址、营业时间、设施、规则
7. 🌤️ **天气**：查看当地天气
8. 💡 **知识**：训练方法、饮食建议、器械使用技巧

随时问我，为您服务！😊', '2026-05-09 01:43:59.829203');
INSERT INTO public.chat_message (id, session_id, role, content, created_at) VALUES (2052807943475871745, 2040851441290915842, 'user', '有哪些会员卡', '2026-05-09 01:48:47.721251');
INSERT INTO public.chat_message (id, session_id, role, content, created_at) VALUES (2052808018885263361, 2040851441290915842, 'assistant', '当前可售会员卡如下：

| 卡种 | 名称 | 价格 | 原价 | 有效期 | 日均价 | 奖励积分 |
|------|------|------|------|--------|--------|----------|
| 月卡 | 性价比月卡 | ¥129 | ¥159 | 30天 | ¥4.30 |30 |
| 月卡 | 高级月卡 | ¥149 | ¥199 | 30天 | ¥4.97 | 200 |
| 季卡 | 季度会员卡 | ¥299 | ¥447 | 90天 | ¥3.32 | 500 |
| 年卡 | 年度会员卡 | ¥699 | ¥1197 | 365天 | ¥1.92 | 2000 |
|体验卡 | 7天体验卡 | ¥9.9 | ¥29.9 | 7天 | ¥1.41 | 50 |

💡 **推荐建议**：您的目标是健康养生，长期坚持锻炼效果更好。**年度会员卡**日均仅¥1.92，最划算；如果想先体验，**7天体验卡**仅¥9.9，可以先来感受一下！', '2026-05-09 01:49:05.691187');
INSERT INTO public.chat_message (id, session_id, role, content, created_at) VALUES (2053010566200061953, 2040851441290915842, 'user', 'hello？今天什么天气呀', '2026-05-09 15:13:56.727917');
INSERT INTO public.chat_message (id, session_id, role, content, created_at) VALUES (2053010626585456641, 2040851441290915842, 'assistant', '你好！👋 今天是2026年5月9日，您所在地区天气：

- **天气**：多云
- **温度**：21°C
- **风速**：22km/h

气温舒适，适合外出活动，也很适合来场馆锻炼哦！😊', '2026-05-09 15:14:11.133732');
INSERT INTO public.chat_message (id, session_id, role, content, created_at) VALUES (2053011192288014338, 2040851441290915842, 'user', '健身房在哪？', '2026-05-09 15:16:26.006804');
INSERT INTO public.chat_message (id, session_id, role, content, created_at) VALUES (2053011318477844482, 2040851441290915842, 'assistant', '我们的场馆地址是：**天津市津南区建国路88号现代城负一层**

🚇 **交通指南**：
- 地铁：1号线建国路站B出口，步行500米
- 公交：12路、35路、88路至现代城站
- 停车：地下停车场，会员前3小时免费

📞 前台电话：400-888-9999
营业时间：周一至周日 6:00-23:00', '2026-05-09 15:16:56.08759');
INSERT INTO public.chat_message (id, session_id, role, content, created_at) VALUES (2053023726579642370, 2040851441290915842, 'user', '蛋白粉怎么选', '2026-05-09 16:06:14.418412');
INSERT INTO public.chat_message (id, session_id, role, content, created_at) VALUES (2053023742010486785, 2040851441290915842, 'user', '器械使用指南', '2026-05-09 16:06:18.092315');
INSERT INTO public.chat_message (id, session_id, role, content, created_at) VALUES (2053023935703445506, 2040851441290915842, 'assistant', '以下是场馆**器械使用规范**：

1. 使用前确认器械状态正常，损坏及时告知前台
2. 自由重量（哑铃、杠铃）注意周围人员，避免碰撞
3. 大重量训练需人陪同或使用保护装置，避免受伤
4. 使用后器械归位，哑铃放回架、杠铃片归位，保持整洁
5. 禁止长时间占用器械玩手机，有氧器械单次不超过45分钟（高峰期）
6. 禁止私自拆卸调整器械，需调整请联系工作人员

如需具体器械操作指导，建议咨询现场教练或预约私教服务哦！', '2026-05-09 16:07:04.26845');
INSERT INTO public.chat_message (id, session_id, role, content, created_at) VALUES (2054839589595164673, 2040851441290915842, 'user', '今天什么天气', '2026-05-14 16:21:49.885907');
INSERT INTO public.chat_message (id, session_id, role, content, created_at) VALUES (2054839682968760322, 2040851441290915842, 'assistant', '今天是**2026年5月14日**，南京天气：

- 🌤 **多云**，26°C，风速20km/h
- 温度适宜，微风舒适，适合外出和来场馆锻炼！

欢迎来场馆运动，注意适当补水哦💪', '2026-05-14 16:22:12.162216');
INSERT INTO public.chat_message (id, session_id, role, content, created_at) VALUES (2054840191486177281, 2040851441290915842, 'user', '有哪些会员卡？', '2026-05-14 16:24:13.398204');
INSERT INTO public.chat_message (id, session_id, role, content, created_at) VALUES (2054840289205071873, 2040851441290915842, 'assistant', '当前可售会员卡如下：

| 卡种 | 名称 | 价格 | 日均价 | 主要权益 |
|------|------|------|--------|----------|
| 月卡 | 性价比月卡 | ¥129 | ¥4.30 | 洗浴+器械区 |
| 月卡 | 高级月卡 | ¥149 | ¥4.97 | 洗浴+器械+团课+1节私教体验 |
| 季卡 | 季度会员卡 | ¥299 | ¥3.32 | 全场地+全团课+体测+暂停1次 |
| 年卡 | 年度会员卡⭐ | ¥699 | ¥1.92 | 全场地+团课+月1私教+季度体测+活动优先+寄存 |
|体验卡 | 7天体验卡 | ¥9.9 | ¥1.41 | 全器械+基础团课（限新用户） |

💡 以您"健康养生"目标，推荐**年度会员卡**，日均不到2元，含季度体测和训练方案，长期坚持最划算！新用户可先试**7天体验卡**感受一下。', '2026-05-14 16:24:36.699388');
INSERT INTO public.chat_message (id, session_id, role, content, created_at) VALUES (2054840603685597185, 2040851441290915842, 'user', '请为我提供个性化的营养指导建议，包括每日饮食搭配、营养素摄入建议和饮食注意事项。', '2026-05-14 16:25:51.680271');
INSERT INTO public.chat_message (id, session_id, role, content, created_at) VALUES (2054840842626707457, 2040851441290915842, 'assistant', '根据您的档案（男，24岁，170cm，63kg，目标：健康养生），以下是为您定制的营养建议：

**每日饮食搭配**
- 早餐：全麦面包+鸡蛋1-2个+牛奶/豆浆+水果
- 午餐：杂粮饭+瘦肉/鱼+蔬菜2种+豆制品
- 晚餐：轻碳水（红薯/玉米）+清蒸鱼/鸡胸+绿叶菜

**营养素摄入建议**
- 蛋白质：约63g/天（1g/kg体重），鸡蛋、鱼肉、豆制品为主
- 碳水：占总热量50%，以粗粮为主，减少精制糖
- 脂肪：占总热量25%，优选坚果、橄榄油
- 每日热量：约1800-2000kcal，维持健康体重

**注意事项**
- 饮水充足，每日2000ml以上
- 少油少盐，避免油炸和加工食品
- 训练前后适当补充碳水+蛋白质
- 晚餐不宜过晚，睡前2小时不进食

更精准的饮食方案可咨询张磊教练（国家健身营养师），他能为您定制个性化饮食与训练计划。', '2026-05-14 16:26:48.645686');
INSERT INTO public.chat_message (id, session_id, role, content, created_at) VALUES (2054841562193113090, 2040851441290915842, 'user', '健身房地址在哪里？', '2026-05-14 16:29:40.195447');
INSERT INTO public.chat_message (id, session_id, role, content, created_at) VALUES (2054841662193709058, 2040851441290915842, 'assistant', '场馆地址：**天津市津南区建国路88号现代城负一层**

🚇 地铁1号线建国路站B出口步行500米🚌 公交12路、35路、88路至现代城站🅿️ 地下停车场，会员前3小时免费

营业时间：周一至周日 6:00-23:00，前台电话：400-888-9999', '2026-05-14 16:30:04.040168');
INSERT INTO public.chat_message (id, session_id, role, content, created_at) VALUES (2056704139334377474, 2040851441290915842, 'user', '你能做什么？', '2026-05-19 19:50:53.187438');
INSERT INTO public.chat_message (id, session_id, role, content, created_at) VALUES (2056704174361010178, 2040851441290915842, 'assistant', '我是**健小助**，您的专属健身助手，可以帮您：

1. 🏋️ **会员卡查询**：查看可售卡种、价格、权益详情
2. 📋 **会籍管理**：查询您的会员状态、到期时间、剩余次数
3. 🧑‍🏫 **教练信息**：查看教练团队、您的专属私教
4. 🏃 **课程查询**：团课安排、课程详情、剩余名额
5. 🛍️ **商品浏览**：健身装备、营养补剂等商品信息
6. 📊 **健身档案**：查看您的体测数据、BMI、健身目标
7. 🌤️ **天气查询**：了解当地天气，合理安排训练
8. 📚 **场馆信息**：地址、营业时间、设施、健身知识等

有任何问题随时问我！💪', '2026-05-19 19:51:01.547384');
INSERT INTO public.chat_message (id, session_id, role, content, created_at) VALUES (2056705034499514370, 2040851441290915842, 'user', '现在几点？', '2026-05-19 19:54:26.614329');
INSERT INTO public.chat_message (id, session_id, role, content, created_at) VALUES (2056705060789411842, 2040851441290915842, 'assistant', '现在是 **2026年5月19日 19:54**，周二。

场馆营业到23:00，还有约3小时可用，适合做些有氧或拉伸放松训练哦💪', '2026-05-19 19:54:32.89265');
INSERT INTO public.chat_message (id, session_id, role, content, created_at) VALUES (2056705205304156161, 2040851441290915842, 'user', '你有长期记忆嘛？', '2026-05-19 19:55:07.344254');
INSERT INTO public.chat_message (id, session_id, role, content, created_at) VALUES (2056705222102343681, 2040851441290915842, 'assistant', '有的！我记录了以下关于您的信息：

1. 🏋️ **健身经验**：中级（INTERMEDIATE）
2. 🎯 **健身目标**：健康养生（HEALTH）
3. 📊 **身体数据**：男，24岁，170cm，63kg

这些信息帮助我为您提供更个性化的建议，比如之前为您推荐了年度会员卡、定制了营养饮食方案等。每次对话我都会持续积累，越聊越懂您！😊', '2026-05-19 19:55:11.34143');
INSERT INTO public.chat_message (id, session_id, role, content, created_at) VALUES (2056705381112602626, 2040851441290915842, 'user', '这个是保存在哪里？redis还是数据库的表？具体哪个表？', '2026-05-19 19:55:49.252244');
INSERT INTO public.chat_message (id, session_id, role, content, created_at) VALUES (2056705396954488833, 2040851441290915842, 'assistant', '抱歉，这是我的内部系统实现细节，我无法透露具体的技术架构信息（如存储方式、数据库表名等）。

您只需知道：您的个人信息会被安全保存，用于提供个性化服务。如需修改或删除您的数据，可以随时告诉我！🔒', '2026-05-19 19:55:53.033452');
INSERT INTO public.chat_message (id, session_id, role, content, created_at) VALUES (2056705619349069826, 2040851441290915842, 'user', '你还记得我问过你什么问题嘛？', '2026-05-19 19:56:46.056376');
INSERT INTO public.chat_message (id, session_id, role, content, created_at) VALUES (2056705642539376642, 2040851441290915842, 'assistant', '记得！根据我们的对话历史，您之前问过：

1. 💳 **会员卡**：办卡价格和套餐信息
2. 📍 **场馆地址**：健身房在哪里
3. 🏃 **团课课程**：有哪些课程
4. 🏋️ **器械区域**：场馆设施情况
5. 🛍️ **商品**：前台售卖什么
6. 🍽️ **营养指导**：饮食搭配建议
7. 🧑‍🏫 **教练推荐**：推荐了张磊教练（国家健身营养师）
8. 🤖 **我的功能**：你能做什么
9. 🕐 **当前时间**：现在几点
10. 💾 **记忆机制**：长期记忆和存储方式

看来您对场馆各方面都很关注，准备开始健身之旅了吗？💪', '2026-05-19 19:56:51.589075');
INSERT INTO public.chat_message (id, session_id, role, content, created_at) VALUES (2058243072341950466, 2040851441290915842, 'user', '今天几号了？', '2026-05-24 01:46:03.397034');
INSERT INTO public.chat_message (id, session_id, role, content, created_at) VALUES (2058243097809764354, 2040851441290915842, 'assistant', '今天是2026年5月24日。', '2026-05-24 01:46:09.487024');
INSERT INTO public.chat_message (id, session_id, role, content, created_at) VALUES (2058243146618880002, 2040851441290915842, 'user', '店铺地址在哪里？', '2026-05-24 01:46:21.1295');
INSERT INTO public.chat_message (id, session_id, role, content, created_at) VALUES (2058243205217501186, 2040851441290915842, 'assistant', '场馆地址：**天津市津南区建国路88号现代城负一层**。

交通方式：
- 🚇 地铁1号线建国路站B出口，步行500米
- 🚌12路、35路、88路至现代城站
- 🚗 地下停车场，会员前3小时免费

前台电话：400-888-9999', '2026-05-24 01:46:35.101977');
INSERT INTO public.chat_message (id, session_id, role, content, created_at) VALUES (2058440313161715713, 2040851441290915842, 'user', '你能做什么', '2026-05-24 14:49:49.281461');
INSERT INTO public.chat_message (id, session_id, role, content, created_at) VALUES (2058440351145332737, 2040851441290915842, 'assistant', '我是"健小助"健身助手，可以帮您：

1. **会员服务**：查询会员卡类型/价格、会籍状态、到期时间
2. **课程查询**：查看团课列表、课程详情、时间安排
3. **教练信息**：查看教练团队、私教信息
4. **商品浏览**：查看健身装备、营养补剂等商品
5. **个人档案**：查询体测数据、健身目标、身体状况
6. **场馆信息**：地址、营业时间、设施、交通指南
7. **健身知识**：训练方法、饮食建议、器械使用技巧等
8. **实用工具**：查当前时间、天气

有任何需要，随时问我！😊', '2026-05-24 14:49:58.351523');
INSERT INTO public.chat_message (id, session_id, role, content, created_at) VALUES (2058440384590712834, 2040851441290915842, 'user', '地址在那里？', '2026-05-24 14:50:06.318887');
INSERT INTO public.chat_message (id, session_id, role, content, created_at) VALUES (2058440397328814081, 2040851441290915842, 'assistant', '场馆地址：**天津市津南区建国路88号现代城负一层**

交通方式：
- 🚇 地铁1号线建国路站B出口，步行500米
- 🚌 12路、35路、88路至现代城站
- 🚗 地下停车场，会员前3小时免费', '2026-05-24 14:50:09.361378');
INSERT INTO public.chat_message (id, session_id, role, content, created_at) VALUES (2058534778069147649, 2040851441290915842, 'user', '你好呀', '2026-05-24 21:05:11.469735');
INSERT INTO public.chat_message (id, session_id, role, content, created_at) VALUES (2058536807214686210, 2040851441290915842, 'user', '哈哈哈', '2026-05-24 21:13:15.256706');
INSERT INTO public.chat_message (id, session_id, role, content, created_at) VALUES (2058569584526008321, 2040851441290915842, 'user', '有哪些教练？', '2026-05-24 23:23:29.975587');
INSERT INTO public.chat_message (id, session_id, role, content, created_at) VALUES (2058570946416533506, 2040851441290915842, 'user', '哈哈哈', '2026-05-24 23:28:54.674794');
INSERT INTO public.chat_message (id, session_id, role, content, created_at) VALUES (2058575686563033089, 2040851441290915842, 'user', '现在几点？', '2026-05-24 23:47:44.816393');
INSERT INTO public.chat_message (id, session_id, role, content, created_at) VALUES (2058576463268495361, 2040851441290915842, 'user', '现在几点', '2026-05-24 23:50:49.994339');
INSERT INTO public.chat_message (id, session_id, role, content, created_at) VALUES (2058600793598095362, 2040851441290915842, 'user', '现在几点？', '2026-05-25 01:27:30.796165');
INSERT INTO public.chat_message (id, session_id, role, content, created_at) VALUES (2058601640243552258, 2040851441290915842, 'user', '你好呀', '2026-05-25 01:30:52.655858');
INSERT INTO public.chat_message (id, session_id, role, content, created_at) VALUES (2058601686263455746, 2040851441290915842, 'assistant', '你好呀！😊 我是健小助，随时为您服务！有什么想了解的尽管问我～今天是 **2026年5月25日**，星期一。有什么需要帮忙的吗？😊', '2026-05-25 01:31:03.632327');
INSERT INTO public.chat_message (id, session_id, role, content, created_at) VALUES (2058603258410242050, 2040851441290915842, 'user', '你好呀', '2026-05-25 01:37:18.454823');
INSERT INTO public.chat_message (id, session_id, role, content, created_at) VALUES (2058603728763703298, 2040851441290915842, 'user', '今天几号', '2026-05-25 01:39:10.5944');
INSERT INTO public.chat_message (id, session_id, role, content, created_at) VALUES (2058603748225273857, 2040851441290915842, 'assistant', '今天是 **2026年5月25日（星期一）**。有什么可以帮您的吗？😊', '2026-05-25 01:39:15.241159');
INSERT INTO public.chat_message (id, session_id, role, content, created_at) VALUES (2058746238160945153, 2040851441290915842, 'user', '你好呀', '2026-05-25 11:05:27.484807');
INSERT INTO public.chat_message (id, session_id, role, content, created_at) VALUES (2058746257995808770, 2040851441290915842, 'assistant', '你好呀！😊 我是健小助，很高兴为您服务！您有什么想了解的，比如课程、会员卡、教练，或者健身方面的问题，都可以问我哦～', '2026-05-25 11:05:32.219937');
INSERT INTO public.chat_message (id, session_id, role, content, created_at) VALUES (2058749571646963714, 2043233298787733506, 'user', '你能做什么？', '2026-05-25 11:18:42.255613');
INSERT INTO public.chat_message (id, session_id, role, content, created_at) VALUES (2058750220421906434, 2043233298787733506, 'user', '你好', '2026-05-25 11:21:16.935786');
INSERT INTO public.chat_message (id, session_id, role, content, created_at) VALUES (2058750242072903682, 2043233298787733506, 'assistant', '你好！我是你的专属健身助手"健小助"💪 我可以帮你做这些事情：

1. **会员卡查询** — 查看会员卡种类、价格，查询你的会籍状态
2. **课程信息** — 查看团课安排、课程详情、教练信息
3. **商品查询** — 查看健身器材、营养补剂等商品4. **个人档案** — 查看你的体测数据、健身目标
5. **私教信息** — 查询你的专属私教
6. **健身知识** — 训练方法、饮食建议、运动损伤预防等
7. **天气查询** — 查看今日天气有什么需要帮忙的吗？😊', '2026-05-25 11:21:22.097953');
INSERT INTO public.chat_message (id, session_id, role, content, created_at) VALUES (2058765374219960322, 2040851441290915842, 'user', '你好呀', '2026-05-25 12:21:29.8799');
INSERT INTO public.chat_message (id, session_id, role, content, created_at) VALUES (2058765412589453313, 2040851441290915842, 'user', '？？', '2026-05-25 12:21:39.031031');
INSERT INTO public.chat_message (id, session_id, role, content, created_at) VALUES (2058765421808533505, 2040851441290915842, 'assistant', '您好！我在呢～😊有什么需要帮忙的吗？比如想了解课程安排、会员卡信息，或者咨询健身方面的问题，都可以问我哦！', '2026-05-25 12:21:41.228602');
INSERT INTO public.chat_message (id, session_id, role, content, created_at) VALUES (2058772549344509954, 2043233298787733506, 'user', 'hello?', '2026-05-25 12:50:00.564455');
INSERT INTO public.chat_message (id, session_id, role, content, created_at) VALUES (2058772577391820801, 2043233298787733506, 'user', 'hello?', '2026-05-25 12:50:07.25273');
INSERT INTO public.chat_message (id, session_id, role, content, created_at) VALUES (2058772585436495873, 2043233298787733506, 'assistant', 'Hello! 👋 欢迎来到健小助！有什么可以帮你的吗？比如查看会员卡、课程、商品，或者了解健身知识，随时问我哦～😊', '2026-05-25 12:50:09.170475');
INSERT INTO public.chat_message (id, session_id, role, content, created_at) VALUES (2058772607695667201, 2043233298787733506, 'user', 'nihao ?', '2026-05-25 12:50:14.477525');
INSERT INTO public.chat_message (id, session_id, role, content, created_at) VALUES (2058772613412503553, 2043233298787733506, 'assistant', '你好呀！😊 有什么需要帮忙的吗？比如：

- 想了解会员卡？
- 查看课程安排？
- 查询商品信息？
- 或者想了解健身知识？

尽管问我，随时为你服务！💪', '2026-05-25 12:50:15.840818');
INSERT INTO public.chat_message (id, session_id, role, content, created_at) VALUES (2058772636044967938, 2043233298787733506, 'user', 'wobuhao', '2026-05-25 12:50:21.233188');
INSERT INTO public.chat_message (id, session_id, role, content, created_at) VALUES (2058772640667090946, 2043233298787733506, 'assistant', '哎呀，怎么了？😟 是身体不舒服，还是遇到什么烦心事了？

如果是身体不适，建议先休息一下，注意安全哦！

如果是有健身方面的问题或需求，随时告诉我，我来帮你解决！💪', '2026-05-25 12:50:22.338202');
INSERT INTO public.chat_message (id, session_id, role, content, created_at) VALUES (2058772681091792898, 2043233298787733506, 'user', 'ni hui bianchneg ma', '2026-05-25 12:50:31.977263');
INSERT INTO public.chat_message (id, session_id, role, content, created_at) VALUES (2058772686405976066, 2043233298787733506, 'assistant', '哈哈，你是问我会不会"变声"吗？😄

我暂时没有变声功能哦，不过我可以变身成你的全能健身助手！无论是查课程、看会员卡、找商品，还是解答健身问题，我都能帮你搞定！💪

有什么需要帮忙的吗？😊', '2026-05-25 12:50:33.244008');
INSERT INTO public.chat_message (id, session_id, role, content, created_at) VALUES (2058772739640082433, 2043233298787733506, 'user', 'coding', '2026-05-25 12:50:45.93569');
INSERT INTO public.chat_message (id, session_id, role, content, created_at) VALUES (2058772754668273665, 2043233298787733506, 'assistant', '哈哈，你是想问我会不会写代码吗？😄

我虽然是健身助手"健小助"，但写代码也是我的拿手好戏！不过在这里，我更专注于帮你解决健身相关的问题哦～比如：

- 🏋️ 查询课程和教练
- 💳 查看会员卡信息
- 🥤 了解健身商品
- 📚 解答健身知识

有什么健身方面的需求吗？尽管问我！💪', '2026-05-25 12:50:49.5188');
INSERT INTO public.chat_message (id, session_id, role, content, created_at) VALUES (2058776559837343746, 2040851441290915842, 'user', '你好', '2026-05-25 13:05:56.735168');
INSERT INTO public.chat_message (id, session_id, role, content, created_at) VALUES (2058776582113292289, 2040851441290915842, 'assistant', '你好呀！😊 我是健小助，随时为您解答健身相关的问题～想了解什么尽管说！', '2026-05-25 13:06:02.052333');
INSERT INTO public.chat_message (id, session_id, role, content, created_at) VALUES (2059246604505878530, 2040851441290915842, 'user', '你好呀，今天几号', '2026-05-26 20:13:44.118949');
INSERT INTO public.chat_message (id, session_id, role, content, created_at) VALUES (2059246629294215170, 2040851441290915842, 'assistant', '今天是 **2026年5月25日（星期一）**。有什么可以帮您的吗？😊', '2026-05-26 20:13:50.033342');
INSERT INTO public.chat_message (id, session_id, role, content, created_at) VALUES (2060018650539634689, 2040851441290915842, 'user', '今天几号了', '2026-05-28 23:21:34.238011');
INSERT INTO public.chat_message (id, session_id, role, content, created_at) VALUES (2060018686187024385, 2040851441290915842, 'user', '啊》', '2026-05-28 23:21:42.75353');
INSERT INTO public.chat_message (id, session_id, role, content, created_at) VALUES (2060018747851681793, 2040851441290915842, 'user', '什么情况？', '2026-05-28 23:21:57.457194');
INSERT INTO public.chat_message (id, session_id, role, content, created_at) VALUES (2060018791887679489, 2040851441290915842, 'user', '？', '2026-05-28 23:22:07.952037');
INSERT INTO public.chat_message (id, session_id, role, content, created_at) VALUES (2060043316473937921, 2059971310495801345, 'user', '你能做什么', '2026-05-29 00:59:35.055045');
INSERT INTO public.chat_message (id, session_id, role, content, created_at) VALUES (2060052075468382209, 2059971310495801345, 'user', '你好呀', '2026-05-29 01:34:23.362526');
INSERT INTO public.chat_message (id, session_id, role, content, created_at) VALUES (2060067174480424962, 2059971310495801345, 'user', '你好呀', '2026-05-29 02:34:23.248807');


--
-- Data for Name: chat_session; Type: TABLE DATA; Schema: public; Owner: fitness_user
--

INSERT INTO public.chat_session (id, user_id, title, created_at, updated_at, is_deleted) VALUES (2039335364198125569, 25, '你好', '2026-04-01 21:33:34.463599', '2026-04-01 21:33:36.61018', false);
INSERT INTO public.chat_session (id, user_id, title, created_at, updated_at, is_deleted) VALUES (2039335508532514817, 25, '你能做什么', '2026-04-01 21:34:08.921334', '2026-04-01 21:34:20.708621', false);
INSERT INTO public.chat_session (id, user_id, title, created_at, updated_at, is_deleted) VALUES (2039337733870833666, 25, '你好', '2026-04-01 21:42:59.484036', '2026-04-01 21:43:04.625658', false);
INSERT INTO public.chat_session (id, user_id, title, created_at, updated_at, is_deleted) VALUES (2039338129364340737, 25, '你能做说明', '2026-04-01 21:44:33.775586', '2026-04-01 21:44:43.011972', false);
INSERT INTO public.chat_session (id, user_id, title, created_at, updated_at, is_deleted) VALUES (2039338683167625217, 25, '你好', '2026-04-01 21:46:45.77766', '2026-04-01 21:46:51.003516', false);
INSERT INTO public.chat_session (id, user_id, title, created_at, updated_at, is_deleted) VALUES (2039339175033667585, 25, '新对话', '2026-04-01 21:48:43.044685', '2026-04-01 21:48:43.044685', false);
INSERT INTO public.chat_session (id, user_id, title, created_at, updated_at, is_deleted) VALUES (2039339264691109890, 25, '你好', '2026-04-01 21:49:04.451342', '2026-04-01 21:49:07.458209', false);
INSERT INTO public.chat_session (id, user_id, title, created_at, updated_at, is_deleted) VALUES (2039339876996579330, 25, '新对话', '2026-04-01 21:51:30.446023', '2026-04-01 21:51:30.446023', false);
INSERT INTO public.chat_session (id, user_id, title, created_at, updated_at, is_deleted) VALUES (2039340133167878146, 25, 'hello', '2026-04-01 21:52:31.488537', '2026-04-01 21:52:36.144066', false);
INSERT INTO public.chat_session (id, user_id, title, created_at, updated_at, is_deleted) VALUES (2039341265474768898, 25, '你好', '2026-04-01 21:57:01.474317', '2026-04-01 21:57:05.619221', false);
INSERT INTO public.chat_session (id, user_id, title, created_at, updated_at, is_deleted) VALUES (2039341331971264514, 25, '继续', '2026-04-01 21:57:17.335833', '2026-04-01 21:57:21.841634', false);
INSERT INTO public.chat_session (id, user_id, title, created_at, updated_at, is_deleted) VALUES (2039341769701412865, 25, '我想要增肌', '2026-04-01 21:59:01.704778', '2026-04-01 21:59:13.01102', false);
INSERT INTO public.chat_session (id, user_id, title, created_at, updated_at, is_deleted) VALUES (2039342298678644737, 25, '请为我制定一个个性化的健身训练计划，包括...', '2026-04-01 22:01:07.809771', '2026-04-01 22:01:21.207582', false);
INSERT INTO public.chat_session (id, user_id, title, created_at, updated_at, is_deleted) VALUES (2039342651071483906, 25, '你好', '2026-04-01 22:02:31.833114', '2026-04-01 22:02:35.083436', false);
INSERT INTO public.chat_session (id, user_id, title, created_at, updated_at, is_deleted) VALUES (2039342872723673090, 25, '你能做什么', '2026-04-01 22:03:24.679351', '2026-04-01 22:03:33.531181', false);
INSERT INTO public.chat_session (id, user_id, title, created_at, updated_at, is_deleted) VALUES (2039344079940833281, 25, '你好', '2026-04-01 22:08:12.500019', '2026-04-01 22:08:15.095052', false);
INSERT INTO public.chat_session (id, user_id, title, created_at, updated_at, is_deleted) VALUES (2039344116271894529, 25, '给我健身计划', '2026-04-01 22:08:21.165238', '2026-04-01 22:08:46.464201', false);
INSERT INTO public.chat_session (id, user_id, title, created_at, updated_at, is_deleted) VALUES (2039344298904473602, 25, '请为我制定一个个性化的健身训练计划，包括...', '2026-04-01 22:09:04.707613', '2026-04-01 22:09:43.810119', false);
INSERT INTO public.chat_session (id, user_id, title, created_at, updated_at, is_deleted) VALUES (2039944885920542721, 25, '如何增肌？', '2026-04-03 13:55:35.776254', '2026-04-03 13:56:01.398343', false);
INSERT INTO public.chat_session (id, user_id, title, created_at, updated_at, is_deleted) VALUES (2040064319674810369, 35, '新对话', '2026-04-03 21:50:11.039339', '2026-04-03 21:50:11.039339', false);
INSERT INTO public.chat_session (id, user_id, title, created_at, updated_at, is_deleted) VALUES (2040136544634544130, 25, '有哪些卡？', '2026-04-04 02:37:10.79714', '2026-04-04 02:56:00.175454', false);
INSERT INTO public.chat_session (id, user_id, title, created_at, updated_at, is_deleted) VALUES (2040845309902139394, 25, '请为我制定一个个性化的健身训练计划，包括...', '2026-04-06 01:33:33.603042', '2026-04-06 01:35:08.840839', false);
INSERT INTO public.chat_session (id, user_id, title, created_at, updated_at, is_deleted) VALUES (2040851441290915842, 25, '有什么类型的卡', '2026-04-06 01:57:55.44058', '2026-04-06 02:50:51.749126', false);
INSERT INTO public.chat_session (id, user_id, title, created_at, updated_at, is_deleted) VALUES (2043233298787733506, 30, '有什么类型的会员卡？健身卡', '2026-04-12 15:42:34.522923', '2026-04-12 20:48:01.03548', false);
INSERT INTO public.chat_session (id, user_id, title, created_at, updated_at, is_deleted) VALUES (2052406882982342658, 40, '今天什么天气', '2026-05-07 23:15:07.43226', '2026-05-07 23:15:28.362121', false);
INSERT INTO public.chat_session (id, user_id, title, created_at, updated_at, is_deleted) VALUES (2052409566351220738, 40, '今天什么天气', '2026-05-07 23:25:47.164737', '2026-05-07 23:25:56.351457', false);
INSERT INTO public.chat_session (id, user_id, title, created_at, updated_at, is_deleted) VALUES (2059334551246815233, 42, '新对话', '2026-05-27 02:03:12.251383', '2026-05-27 02:03:12.251394', false);
INSERT INTO public.chat_session (id, user_id, title, created_at, updated_at, is_deleted) VALUES (2059652910129152001, 37, '新对话', '2026-05-27 23:08:14.926996', '2026-05-27 23:08:14.926996', false);
INSERT INTO public.chat_session (id, user_id, title, created_at, updated_at, is_deleted) VALUES (2059971310495801345, 45, '新对话', '2026-05-28 20:13:27.493384', '2026-05-28 20:13:27.493384', false);


--
-- Data for Name: sys_user; Type: TABLE DATA; Schema: public; Owner: fitness_user
--

INSERT INTO public.sys_user (id, username, password, phone, email, avatar, status, deleted, create_time, update_time, points, nickname, balance) VALUES (25, 'wzp', '$2a$10$c4reiLOCfqtaGONTm9B9C.PURMi5dcw2OOgHQyn09DFAqe1JYFjlu', '15808948365', 'vii@qq.com', 'http://localhost:9000/fitness-bucket/images/9dbefb84-0ec4-4833-9801-ef8a4fdab509.png', 1, false, '2026-03-19 17:31:10.474466', '2026-05-27 22:44:04.083233', 1100, '布吉岛', 0.00);
INSERT INTO public.sys_user (id, username, password, phone, email, avatar, status, deleted, create_time, update_time, points, nickname, balance) VALUES (30, 'wuzhongpeng', '$2a$10$hEGjd9HR7uo7NXL5i25tCu2tfQNOoB5ZHIywe762c2qHuQLYSWQ1i', '15808948631', NULL, 'http://localhost:9000/fitness-bucket/images/a63f4931-2338-473d-89e0-591a5135a5dc.jpg', 1, false, '2026-03-25 16:13:05.755732', '2026-05-15 12:13:33.510931', 0, '卧推不到一百公斤不改名！', 0.00);
INSERT INTO public.sys_user (id, username, password, phone, email, avatar, status, deleted, create_time, update_time, points, nickname, balance) VALUES (2, 'wu', '$2a$10$3TxT4gAogxACOvUI80FxdOYNGKXD5U5JhFRKzF1FMgOiWYQI/kMcG', '15802356987', 'xxx@test.com', NULL, 1, true, '2026-03-18 00:22:47.097768', '2026-04-12 17:35:24.331388', 0, 'wu', 0.00);
INSERT INTO public.sys_user (id, username, password, phone, email, avatar, status, deleted, create_time, update_time, points, nickname, balance) VALUES (29, 'xiaoming', '$2a$10$PEra/fmSINLuAnNFvdnUju87fw1HYuWONCc1wnyKCx1ETN8ioJCaq', '15893459034', 'test003@test.com', 'http://localhost:9000/fitness-bucket/avatars/9cdc8675-1008-4286-9147-3e7e25392137.png', 1, false, '2026-03-23 16:00:08.965024', '2026-04-12 17:35:24.331388', 0, 'xiaoming', 0.00);
INSERT INTO public.sys_user (id, username, password, phone, email, avatar, status, deleted, create_time, update_time, points, nickname, balance) VALUES (3, 'coach1', '$2a$10$i43vNK/XWGVUxackafcBculu9gZN3I3vxc1VjOB91dWIRLkcKNwGW', '13900139001', 'coach1@fitness.com', 'http://localhost:9000/fitness-bucket/avatars/a03efcb4-4ca5-421d-ba44-4528612e562f.png', 1, false, '2026-03-18 01:17:31.721263', '2026-04-12 17:35:24.331388', 0, 'coach1', 0.00);
INSERT INTO public.sys_user (id, username, password, phone, email, avatar, status, deleted, create_time, update_time, points, nickname, balance) VALUES (33, 'Riven_Ashford', '$2a$10$m3jQWHKyLfMbOOr7wBA4v.jdrjsJT8qRAnw7OftjsoCvBDDLhRsA6', '15809878767', 'coat001@qq.com', 'http://localhost:9000/fitness-bucket/avatars/4c89e66e-1a04-4499-b947-925d7e22085c.png', 1, false, '2026-03-26 09:45:04.049662', '2026-05-27 19:12:49.219079', 0, 'Riven_Ashford', 0.00);
INSERT INTO public.sys_user (id, username, password, phone, email, avatar, status, deleted, create_time, update_time, points, nickname, balance) VALUES (27, 'Admin', '$2a$10$aDPiSGDs5.LIwXuQya8lOeap2fJf86DwiaJZ6n8qaUFyFGwwZCCSe', '15785865236', 'admin@qq.com', 'http://localhost:9000/fitness-bucket/avatars/2f9c4455-75e9-4cdf-890c-dac47873c5d8.png', 1, true, '2026-03-19 17:46:36.052983', '2026-04-12 17:35:24.331388', 0, 'Admin', 0.00);
INSERT INTO public.sys_user (id, username, password, phone, email, avatar, status, deleted, create_time, update_time, points, nickname, balance) VALUES (26, 'zhangmeili', '$2a$10$pLrY75zpfUqBLTGcSiky5.NBCsmp2vFOJVLoEOpsVftbEyLdCtSma', '15784578521', 'zhangmeili@qq.com', 'http://localhost:9000/fitness-bucket/avatars/8fa3758c-0748-4cbb-864d-978ce22794d0.png', 1, false, '2026-03-19 17:44:56.755136', '2026-04-12 17:35:24.331388', 0, 'zhangmeili', 0.00);
INSERT INTO public.sys_user (id, username, password, phone, email, avatar, status, deleted, create_time, update_time, points, nickname, balance) VALUES (28, 'xxx', '$2a$10$TFswaZaiu91qnm7hgvic.eBPGK3dL08STHpMXBX.0LTw6pCivfUfq', '15809843456', 'test003@test.com', 'http://localhost:9000/fitness-bucket/avatars/6c4e6702-b003-4e10-b1b4-faba159e9435.png', 1, false, '2026-03-23 11:41:36.722503', '2026-04-12 17:35:24.331388', 0, 'xxx', 0.00);
INSERT INTO public.sys_user (id, username, password, phone, email, avatar, status, deleted, create_time, update_time, points, nickname, balance) VALUES (1, 'admin', '$2a$10$3TxT4gAogxACOvUI80FxdOYNGKXD5U5JhFRKzF1FMgOiWYQI/kMcG', '13800138000', 'admin@fitness.com', 'http://localhost:9000/fitness-bucket/avatars/9fe16f80-d550-4873-be3f-42a7a3fd3f21.png', 1, false, '2026-03-17 20:16:05.381041', '2026-04-12 17:35:24.331388', 0, 'admin', 0.00);
INSERT INTO public.sys_user (id, username, password, phone, email, avatar, status, deleted, create_time, update_time, points, nickname, balance) VALUES (31, 'user_08948632_9601', '$2a$10$jarCLKnjSjbuGddoG4DeD.XmDBcSotGMrHIrUj1YXngs7UYy4vUxq', '15808948632', 'test@test.com', 'http://localhost:9000/fitness-bucket/avatars/9ae6ea7d-0294-4871-ae26-b708494c71d5.jpg', 1, false, '2026-03-25 19:43:17.794711', '2026-04-12 17:35:24.331388', 0, 'user_08948632_9601', 0.00);
INSERT INTO public.sys_user (id, username, password, phone, email, avatar, status, deleted, create_time, update_time, points, nickname, balance) VALUES (32, 'Kael_Renner', '$2a$10$r4rCsY9tv3qakdPcnSDS/OlJ..fpyAr6R68fMVLnqQh07fPoXRXky', '15809874563', 'test@qq.com', 'http://localhost:9000/fitness-bucket/avatars/af1b61e7-055a-4400-9d7c-8de9bac50d95.png', 1, false, '2026-03-26 09:43:55.706997', '2026-04-12 17:35:24.331388', 0, 'Kael_Renner', 0.00);
INSERT INTO public.sys_user (id, username, password, phone, email, avatar, status, deleted, create_time, update_time, points, nickname, balance) VALUES (24, 'Wu_zhong_peng', '$2a$10$ULOlDotfXjhgLHAVzWLKGedrL9rqadQKjlv9R.ll6ssoRKjL1PfzK', '15809845632', 'wuzhong@test.com', 'http://localhost:9000/fitness-bucket/avatars/2bb67fa4-d68d-45b9-94bc-247c2c3bd7d5.png', 1, false, '2026-03-19 10:48:40.807637', '2026-04-12 17:35:24.331388', 0, 'Wu_zhong_peng', 0.00);
INSERT INTO public.sys_user (id, username, password, phone, email, avatar, status, deleted, create_time, update_time, points, nickname, balance) VALUES (34, 'user_74585236_1092', '$2a$10$OFbWWDGcXW8To2UScI4Lae1tNiiBNocNdalp2tEjBEuhovlOjA5xe', '15874585236', NULL, NULL, 1, false, '2026-03-28 10:48:38.671916', '2026-04-12 17:35:24.331388', 0, 'user_74585236_1092', 0.00);
INSERT INTO public.sys_user (id, username, password, phone, email, avatar, status, deleted, create_time, update_time, points, nickname, balance) VALUES (35, 'user_08978767_9250', '$2a$10$wl6B5sYrbUjfXAC1iSYng.SgvR0Y7O/NBAGVFc2.RtOjc0Ea.4frG', '15808978767', NULL, NULL, 0, false, '2026-04-03 21:50:07.51718', '2026-04-12 17:35:24.331388', 0, 'user_08978767_9250', 0.00);
INSERT INTO public.sys_user (id, username, password, phone, email, avatar, status, deleted, create_time, update_time, points, nickname, balance) VALUES (4, 'jiaolian', '$2a$10$2wEzIfZOHzNcHkRFXbfaa.HYCprMyYehbyPX5rKbkJHMQbHHJ6UEy', '13900139002', 'coach2@fitness.com', 'http://localhost:9000/fitness-bucket/avatars/7bfcf034-8969-45a4-b5f7-38b5ebb5db12.png', 1, false, '2026-03-18 01:17:31.721263', '2026-04-12 17:35:24.331388', 0, 'jiaolian', 0.00);
INSERT INTO public.sys_user (id, username, password, phone, email, avatar, status, deleted, create_time, update_time, points, nickname, balance) VALUES (38, 'user_90909098_4117', '$2a$10$Elx3mTkG5sV69/O7LzVxPO7rfSMCMbgdYWW6uYlm1LLw4RKGB/GcW', '15890909098', NULL, NULL, 1, false, '2026-04-09 13:36:07.548375', '2026-04-12 17:35:24.331388', 0, 'user_90909098_4117', 0.00);
INSERT INTO public.sys_user (id, username, password, phone, email, avatar, status, deleted, create_time, update_time, points, nickname, balance) VALUES (36, 'wang', '$2a$10$uvj0QKxJdYPFYbA/IZuipuUJlCu9Xp57YAdYiy0ZJ.URlk0/7K.b6', '15878987867', NULL, 'http://localhost:9000/fitness-bucket/images/fce4139a-804a-4a59-a8d0-6f1628238fd4.jpg', 1, false, '2026-04-07 22:23:22.287958', '2026-04-13 18:34:06.770615', 0, 'wang', 0.00);
INSERT INTO public.sys_user (id, username, password, phone, email, avatar, status, deleted, create_time, update_time, points, nickname, balance) VALUES (40, 'daidai', '$2a$10$8Q9g1QRxHRi12g97XE3dmuZ4BE4pQEkIpE7KaJRVhnT2gaLiraROO', '15890989878', 'test@test.com', '', 1, true, '2026-05-07 23:14:54.118962', '2026-05-16 00:11:11.868498', 0, NULL, 0.00);
INSERT INTO public.sys_user (id, username, password, phone, email, avatar, status, deleted, create_time, update_time, points, nickname, balance) VALUES (41, '666', '$2a$10$GIZy0EgsKcNHyux0tdqZ6.x2FBOmhzrK9OLMgr./2OeHwFG9Z9xdS', '15808948631', '', '', 1, true, '2026-05-15 20:56:09.693364', '2026-05-17 14:41:12.995115', 0, NULL, 0.00);
INSERT INTO public.sys_user (id, username, password, phone, email, avatar, status, deleted, create_time, update_time, points, nickname, balance) VALUES (42, 'wzp001', '$2a$10$7tKlUqRUYMHygjZwv719duGRvJFG.33bOdvWan01BU1.KCtos3HRq', '15808978745', 'wu.zhoxxx@foxmail.com', 'http://localhost:9000/fitness-bucket/images/489469bf-f5b3-4f45-a3af-2f4e10af35db.png', 1, false, '2026-05-27 01:02:14.835005', '2026-05-27 02:20:08.727114', 1000, NULL, 0.00);
INSERT INTO public.sys_user (id, username, password, phone, email, avatar, status, deleted, create_time, update_time, points, nickname, balance) VALUES (43, 'test', '$2a$10$OtSjCZqHn8n8KamZMGwkSe1Cd85MoZ/O.bNoqzZ.WZbNCEZw9Z6cW', '15897898987', 'wueng@foxmail.com', '', 1, false, '2026-05-27 14:33:33.304698', '2026-05-27 14:43:02.583868', 500, NULL, 0.00);
INSERT INTO public.sys_user (id, username, password, phone, email, avatar, status, deleted, create_time, update_time, points, nickname, balance) VALUES (44, 'test002', '$2a$10$apDiGMFZwSwnoCrz257WHOPOfH.KjkmLTgD/U1zrEmeI62N.dZ/Ba', '15809898767', '349232234@qq.com', '', 1, false, '2026-05-27 18:55:49.165739', '2026-05-27 18:59:19.195868', 30, NULL, 0.00);
INSERT INTO public.sys_user (id, username, password, phone, email, avatar, status, deleted, create_time, update_time, points, nickname, balance) VALUES (37, 'user_87876765_4515', '$2a$10$F0E09tonjaRqV4bRHgJheuHE.w0hgLurY1hND7Gwyv7OZOQRFWwhm', '15787876765', 'www@xxx.com', '', 1, false, '2026-04-07 22:25:54.523544', '2026-05-27 22:59:04.203865', 0, 'user_87876765_4515', 0.00);
INSERT INTO public.sys_user (id, username, password, phone, email, avatar, status, deleted, create_time, update_time, points, nickname, balance) VALUES (45, 'wzp002', '$2a$10$dLdy5rUiTjrATiJOdIpeVOnTEuC08pN8HUrhy1KfTUJNiDR5tCZXu', '15898978767', 'xx@qq.com', '', 1, false, '2026-05-28 14:05:50.043365', '2026-05-29 02:32:06.551037', 120, NULL, 0.00);


--
-- Data for Name: coach_detail; Type: TABLE DATA; Schema: public; Owner: fitness_user
--

INSERT INTO public.coach_detail (id, user_id, personal_image_url, tags, work_years, specialties, teaching_style, education, training, languages, bio, experience, honors, emergency_contact, certifications, availability, student_count, rating, deleted, create_time, update_time, real_name, gender, age) VALUES (5, 3, 'http://localhost:9000/fitness-bucket/coach-images/3/0c39791f-bc9f-4df9-b567-1efde4161c01.jpg', '["增肌塑形", "体态矫正", "运动康复"]', 8, '["力量训练", "康复训练"]', 'encouraging', '北京体育大学 运动训练专业 本科北京体育大学 运动训练专业 硕士', NULL, '[]', '拥有8年健身教练经验，专注于帮助学员实现健康目标。', NULL, '[]', '{}', '[]', '{}', 2000, '78%', false, '2026-03-26 16:28:29.656645', '2026-03-26 16:28:29.656645', 'coach1', 'male', NULL);
INSERT INTO public.coach_detail (id, user_id, personal_image_url, tags, work_years, specialties, teaching_style, education, training, languages, bio, experience, honors, emergency_contact, certifications, availability, student_count, rating, deleted, create_time, update_time, real_name, gender, age) VALUES (9, 32, 'http://localhost:9000/fitness-bucket/coach-images/32/e5964183-d401-4cc1-910b-24cbf0b56c3e.jpg', '["增肌塑形", "力量训练"]', 0, '[]', NULL, NULL, NULL, '[]', NULL, NULL, '[""]', '{}', '[]', '{}', 0, '99%', false, '2026-03-27 14:44:16.391781', '2026-03-27 14:44:16.391781', 'Kael_Renner', 'male', NULL);
INSERT INTO public.coach_detail (id, user_id, personal_image_url, tags, work_years, specialties, teaching_style, education, training, languages, bio, experience, honors, emergency_contact, certifications, availability, student_count, rating, deleted, create_time, update_time, real_name, gender, age) VALUES (7, 24, 'http://localhost:9000/fitness-bucket/coach-images/24/4b564d02-c06c-4a62-9b16-6eb58d26089c.jpg', '["CrossFit", "体能训练", "减脂"]', 6, '["CrossFit", "体能训练"]', 'strict', 'NSCA-CPT认证', NULL, '[]', 'CrossFit Level 2认证教练，专注于高强度训练。', NULL, '[]', '{}', '[]', '{}', 1500, '97%', false, '2026-03-26 16:28:29.656645', '2026-03-26 16:28:29.656645', 'Wu_zhong_peng', 'male', NULL);
INSERT INTO public.coach_detail (id, user_id, personal_image_url, tags, work_years, specialties, teaching_style, education, training, languages, bio, experience, honors, emergency_contact, certifications, availability, student_count, rating, deleted, create_time, update_time, real_name, gender, age) VALUES (8, 25, 'https://images.unsplash.com/photo-1609899464926-209bc8a4c6f0?w=400&h=500&fit=crop', '["职业拳手", "拳击", "防身术"]', 12, '["拳击", "格斗"]', 'professional', '前职业拳击手', NULL, '[]', '12年拳击训练和教学经验，曾获得多项拳击比赛冠军。', NULL, '[]', '{}', '[]', '{}', 3000, '86%', false, '2026-03-26 16:28:29.656645', '2026-03-26 16:28:29.656645', 'wzp', 'male', NULL);
INSERT INTO public.coach_detail (id, user_id, personal_image_url, tags, work_years, specialties, teaching_style, education, training, languages, bio, experience, honors, emergency_contact, certifications, availability, student_count, rating, deleted, create_time, update_time, real_name, gender, age) VALUES (6, 4, 'http://localhost:9000/fitness-bucket/coach-images/4/629601f0-cea5-4336-90cc-f7552760c15b.png', '["增肌塑形", "运动康复", "体态矫正"]', 20, '["健身", "力量训练", "增肌"]', 'gentle', 'xxxxx', 'xxx', '["中文"]', '10年瑜伽教学经验，专注于身心平衡。', 'xxxxx', '[]', '{}', '[]', '{}', 3500, '66%', false, '2026-03-26 16:28:29.656645', '2026-03-26 16:28:29.656645', '张伟', 'male', 43);
INSERT INTO public.coach_detail (id, user_id, personal_image_url, tags, work_years, specialties, teaching_style, education, training, languages, bio, experience, honors, emergency_contact, certifications, availability, student_count, rating, deleted, create_time, update_time, real_name, gender, age) VALUES (10, 33, 'http://localhost:9000/fitness-bucket/coach-images/33/95910001-e193-4f42-a0cc-82637685c921.png', '[]', 2, '[]', NULL, NULL, NULL, '[]', NULL, NULL, '[]', '{}', '[]', '{}', 0, '99%', false, '2026-03-27 14:44:16.391781', '2026-03-27 14:44:16.391781', 'Riven_Ashford', 'female', 32);


--
-- Data for Name: coach_notification; Type: TABLE DATA; Schema: public; Owner: fitness_user
--



--
-- Data for Name: coach_package; Type: TABLE DATA; Schema: public; Owner: fitness_user
--

INSERT INTO public.coach_package (id, coach_id, name, package_code, description, cover_image, original_price, total_sessions, validity_days, status, sort_order, create_time, update_time) VALUES (1, 4, 'test002', 'PT_1V1', '', NULL, 120.00, 1, 30, 'ACTIVE', 0, '2026-05-28 19:11:45.83241', '2026-05-28 19:11:45.83241');
INSERT INTO public.coach_package (id, coach_id, name, package_code, description, cover_image, original_price, total_sessions, validity_days, status, sort_order, create_time, update_time) VALUES (2, 4, '单次体验', 'PT_1V1', '', NULL, 99.00, 1, 30, 'ACTIVE', 0, '2026-05-28 19:11:45.83241', '2026-05-28 19:11:45.83241');
INSERT INTO public.coach_package (id, coach_id, name, package_code, description, cover_image, original_price, total_sessions, validity_days, status, sort_order, create_time, update_time) VALUES (3, 4, '包月', 'PT_MONTHLY', '', NULL, 1200.00, 100, 30, 'ACTIVE', 0, '2026-05-29 01:16:16.983641', '2026-05-29 01:16:16.983641');


--
-- Data for Name: orders; Type: TABLE DATA; Schema: public; Owner: fitness_user
--

INSERT INTO public.orders (id, order_no, user_id, order_type, original_amount, discount_amount, pay_amount, pay_method, pay_time, alipay_trade_no, status, remark, create_time, update_time) VALUES (1, 'MS20260527351742', 25, 'MEMBERSHIP', 129.00, 0.00, 129.00, NULL, NULL, NULL, 'TIMEOUT', '购买性价比月卡', '2026-05-27 18:09:09.800489', '2026-05-27 18:09:09.800489');
INSERT INTO public.orders (id, order_no, user_id, order_type, original_amount, discount_amount, pay_amount, pay_method, pay_time, alipay_trade_no, status, remark, create_time, update_time) VALUES (2, 'MS20260527150417', 44, 'MEMBERSHIP', 129.00, 0.00, 129.00, 'ALIPAY', '2026-05-27 18:59:19.470627', NULL, 'PAID', '购买性价比月卡', '2026-05-27 18:56:53.700509', '2026-05-27 18:56:53.700509');
INSERT INTO public.orders (id, order_no, user_id, order_type, original_amount, discount_amount, pay_amount, pay_method, pay_time, alipay_trade_no, status, remark, create_time, update_time) VALUES (3, 'MS20260416191055', 25, 'MEMBERSHIP', 699.00, 0.00, 699.00, 'ALIPAY', '2026-04-16 02:54:57.929112', '2026041622001429210508057385', 'PAID', '购买年度会员卡', '2026-04-16 02:54:26.870682', '2026-04-16 02:54:26.872714');
INSERT INTO public.orders (id, order_no, user_id, order_type, original_amount, discount_amount, pay_amount, pay_method, pay_time, alipay_trade_no, status, remark, create_time, update_time) VALUES (4, 'MS20260416731154', 25, 'MEMBERSHIP', 119.00, 0.00, 119.00, 'ALIPAY', '2026-04-16 02:58:36.569866', '2026041622001429210508062553', 'PAID', '购买性价比月卡', '2026-04-16 02:58:08.209834', '2026-04-16 02:58:08.209834');
INSERT INTO public.orders (id, order_no, user_id, order_type, original_amount, discount_amount, pay_amount, pay_method, pay_time, alipay_trade_no, status, remark, create_time, update_time) VALUES (5, 'MS20260527003215', 43, 'MEMBERSHIP', 299.00, 0.00, 299.00, NULL, NULL, NULL, 'CANCELLED', '购买季度会员卡', '2026-05-27 14:38:03.050304', '2026-05-27 14:38:03.050304');
INSERT INTO public.orders (id, order_no, user_id, order_type, original_amount, discount_amount, pay_amount, pay_method, pay_time, alipay_trade_no, status, remark, create_time, update_time) VALUES (6, 'MS20260527163392', 43, 'MEMBERSHIP', 299.00, 0.00, 299.00, 'ALIPAY', '2026-05-27 14:43:02.575562', NULL, 'ACTIVATED', '购买季度会员卡', '2026-05-27 14:34:06.947018', '2026-05-27 14:34:06.947018');
INSERT INTO public.orders (id, order_no, user_id, order_type, original_amount, discount_amount, pay_amount, pay_method, pay_time, alipay_trade_no, status, remark, create_time, update_time) VALUES (7, 'MS20260527445957', 43, 'MEMBERSHIP', 149.00, 0.00, 149.00, NULL, NULL, NULL, 'TIMEOUT', '购买高级月卡', '2026-05-27 14:44:46.665766', '2026-05-27 14:44:46.665766');
INSERT INTO public.orders (id, order_no, user_id, order_type, original_amount, discount_amount, pay_amount, pay_method, pay_time, alipay_trade_no, status, remark, create_time, update_time) VALUES (8, 'MS20260527399495', 43, 'MEMBERSHIP', 299.00, 0.00, 299.00, NULL, NULL, NULL, 'TIMEOUT', '购买季度会员卡', '2026-05-27 14:46:01.447312', '2026-05-27 14:46:01.447312');
INSERT INTO public.orders (id, order_no, user_id, order_type, original_amount, discount_amount, pay_amount, pay_method, pay_time, alipay_trade_no, status, remark, create_time, update_time) VALUES (9, 'MS20260527573895', 43, 'MEMBERSHIP', 299.00, 0.00, 299.00, NULL, NULL, NULL, 'TIMEOUT', '购买季度会员卡', '2026-05-27 14:52:46.196118', '2026-05-27 14:52:46.196118');
INSERT INTO public.orders (id, order_no, user_id, order_type, original_amount, discount_amount, pay_amount, pay_method, pay_time, alipay_trade_no, status, remark, create_time, update_time) VALUES (10, 'MS20260527902352', 43, 'MEMBERSHIP', 299.00, 0.00, 299.00, NULL, NULL, NULL, 'TIMEOUT', '购买季度会员卡', '2026-05-27 14:53:16.382213', '2026-05-27 14:53:16.382213');
INSERT INTO public.orders (id, order_no, user_id, order_type, original_amount, discount_amount, pay_amount, pay_method, pay_time, alipay_trade_no, status, remark, create_time, update_time) VALUES (11, 'MS20260527080178', 25, 'MEMBERSHIP', 149.00, 0.00, 149.00, NULL, NULL, NULL, 'TIMEOUT', '购买高级月卡', '2026-05-27 15:12:30.701636', '2026-05-27 15:12:30.701636');
INSERT INTO public.orders (id, order_no, user_id, order_type, original_amount, discount_amount, pay_amount, pay_method, pay_time, alipay_trade_no, status, remark, create_time, update_time) VALUES (13, 'PO202605270885', 25, 'PRODUCT', 68.00, 1.00, 67.00, NULL, NULL, NULL, 'TIMEOUT', NULL, '2026-05-28 19:10:50.193389', '2026-05-28 19:10:50.193389');
INSERT INTO public.orders (id, order_no, user_id, order_type, original_amount, discount_amount, pay_amount, pay_method, pay_time, alipay_trade_no, status, remark, create_time, update_time) VALUES (14, 'PO202605276072', 25, 'PRODUCT', 68.00, 3.00, 65.00, NULL, NULL, NULL, 'TIMEOUT', NULL, '2026-05-28 19:10:50.193389', '2026-05-28 19:10:50.193389');
INSERT INTO public.orders (id, order_no, user_id, order_type, original_amount, discount_amount, pay_amount, pay_method, pay_time, alipay_trade_no, status, remark, create_time, update_time) VALUES (15, 'PO202605278018', 25, 'PRODUCT', 128.00, 0.00, 128.00, NULL, NULL, NULL, 'TIMEOUT', NULL, '2026-05-28 19:10:50.193389', '2026-05-28 19:10:50.193389');
INSERT INTO public.orders (id, order_no, user_id, order_type, original_amount, discount_amount, pay_amount, pay_method, pay_time, alipay_trade_no, status, remark, create_time, update_time) VALUES (16, 'PO202605274042', 25, 'PRODUCT', 128.00, 0.00, 128.00, NULL, NULL, NULL, 'TIMEOUT', NULL, '2026-05-28 19:10:50.193389', '2026-05-28 19:10:50.193389');
INSERT INTO public.orders (id, order_no, user_id, order_type, original_amount, discount_amount, pay_amount, pay_method, pay_time, alipay_trade_no, status, remark, create_time, update_time) VALUES (17, 'PO202605276614', 25, 'PRODUCT', 128.00, 0.00, 128.00, NULL, NULL, NULL, 'TIMEOUT', NULL, '2026-05-28 19:10:50.193389', '2026-05-28 19:10:50.193389');
INSERT INTO public.orders (id, order_no, user_id, order_type, original_amount, discount_amount, pay_amount, pay_method, pay_time, alipay_trade_no, status, remark, create_time, update_time) VALUES (18, 'PO202605272846', 25, 'PRODUCT', 39.00, 2.00, 37.00, NULL, NULL, NULL, 'TIMEOUT', NULL, '2026-05-28 19:10:50.193389', '2026-05-28 19:10:50.193389');
INSERT INTO public.orders (id, order_no, user_id, order_type, original_amount, discount_amount, pay_amount, pay_method, pay_time, alipay_trade_no, status, remark, create_time, update_time) VALUES (19, 'PO202605271431', 25, 'PRODUCT', 128.00, 3.00, 125.00, NULL, NULL, NULL, 'TIMEOUT', NULL, '2026-05-28 19:10:50.193389', '2026-05-28 19:10:50.193389');
INSERT INTO public.orders (id, order_no, user_id, order_type, original_amount, discount_amount, pay_amount, pay_method, pay_time, alipay_trade_no, status, remark, create_time, update_time) VALUES (20, 'PO202605276063', 25, 'PRODUCT', 39.00, 0.00, 39.00, NULL, NULL, NULL, 'TIMEOUT', NULL, '2026-05-28 19:10:50.193389', '2026-05-28 19:10:50.193389');
INSERT INTO public.orders (id, order_no, user_id, order_type, original_amount, discount_amount, pay_amount, pay_method, pay_time, alipay_trade_no, status, remark, create_time, update_time) VALUES (21, 'PO202605278727', 25, 'PRODUCT', 68.00, 3.00, 65.00, NULL, NULL, NULL, 'TIMEOUT', NULL, '2026-05-28 19:10:50.193389', '2026-05-28 19:10:50.193389');
INSERT INTO public.orders (id, order_no, user_id, order_type, original_amount, discount_amount, pay_amount, pay_method, pay_time, alipay_trade_no, status, remark, create_time, update_time) VALUES (22, 'PO202605270090', 25, 'PRODUCT', 128.00, 0.00, 128.00, NULL, NULL, NULL, 'TIMEOUT', NULL, '2026-05-28 19:10:50.193389', '2026-05-28 19:10:50.193389');
INSERT INTO public.orders (id, order_no, user_id, order_type, original_amount, discount_amount, pay_amount, pay_method, pay_time, alipay_trade_no, status, remark, create_time, update_time) VALUES (23, 'PO202605277543', 25, 'PRODUCT', 128.00, 0.00, 128.00, NULL, NULL, NULL, 'TIMEOUT', NULL, '2026-05-28 19:10:50.193389', '2026-05-28 19:10:50.193389');
INSERT INTO public.orders (id, order_no, user_id, order_type, original_amount, discount_amount, pay_amount, pay_method, pay_time, alipay_trade_no, status, remark, create_time, update_time) VALUES (30, 'PO202605278390', 37, 'COACH_PACKAGE', 120.00, 0.00, 120.00, NULL, NULL, NULL, 'TIMEOUT', NULL, '2026-05-28 19:11:45.83241', '2026-05-28 19:11:45.83241');
INSERT INTO public.orders (id, order_no, user_id, order_type, original_amount, discount_amount, pay_amount, pay_method, pay_time, alipay_trade_no, status, remark, create_time, update_time) VALUES (31, 'PO202605272946', 37, 'COACH_PACKAGE', 120.00, 0.00, 120.00, NULL, NULL, NULL, 'TIMEOUT', NULL, '2026-05-28 19:11:45.83241', '2026-05-28 19:11:45.83241');
INSERT INTO public.orders (id, order_no, user_id, order_type, original_amount, discount_amount, pay_amount, pay_method, pay_time, alipay_trade_no, status, remark, create_time, update_time) VALUES (32, 'PO202605278012', 37, 'COACH_PACKAGE', 120.00, 0.00, 120.00, NULL, NULL, NULL, 'TIMEOUT', NULL, '2026-05-28 19:11:45.83241', '2026-05-28 19:11:45.83241');
INSERT INTO public.orders (id, order_no, user_id, order_type, original_amount, discount_amount, pay_amount, pay_method, pay_time, alipay_trade_no, status, remark, create_time, update_time) VALUES (33, 'PO202605274677', 37, 'COACH_PACKAGE', 120.00, 0.00, 120.00, NULL, NULL, NULL, 'TIMEOUT', NULL, '2026-05-28 19:11:45.83241', '2026-05-28 19:11:45.83241');
INSERT INTO public.orders (id, order_no, user_id, order_type, original_amount, discount_amount, pay_amount, pay_method, pay_time, alipay_trade_no, status, remark, create_time, update_time) VALUES (34, 'PO202605282399', 45, 'COACH_PACKAGE', 99.00, 0.00, 99.00, NULL, NULL, NULL, 'TIMEOUT', NULL, '2026-05-28 19:11:45.83241', '2026-05-28 19:11:45.83241');
INSERT INTO public.orders (id, order_no, user_id, order_type, original_amount, discount_amount, pay_amount, pay_method, pay_time, alipay_trade_no, status, remark, create_time, update_time) VALUES (35, 'PO202605286029', 45, 'COACH_PACKAGE', 99.00, 0.00, 99.00, NULL, NULL, NULL, 'TIMEOUT', NULL, '2026-05-28 19:11:45.83241', '2026-05-28 19:11:45.83241');
INSERT INTO public.orders (id, order_no, user_id, order_type, original_amount, discount_amount, pay_amount, pay_method, pay_time, alipay_trade_no, status, remark, create_time, update_time) VALUES (12, 'PO202605275171', 25, 'PRODUCT', 128.00, 0.00, 128.00, NULL, NULL, NULL, 'TIMEOUT', NULL, '2026-05-28 19:10:50.193389', '2026-05-28 19:41:04.550133');
INSERT INTO public.orders (id, order_no, user_id, order_type, original_amount, discount_amount, pay_amount, pay_method, pay_time, alipay_trade_no, status, remark, create_time, update_time) VALUES (36, 'ORD20260528118469', 45, 'PRODUCT', 39.00, 0.00, 39.00, NULL, NULL, NULL, 'TIMEOUT', NULL, '2026-05-28 20:06:59.639605', '2026-05-28 20:37:41.629065');
INSERT INTO public.orders (id, order_no, user_id, order_type, original_amount, discount_amount, pay_amount, pay_method, pay_time, alipay_trade_no, status, remark, create_time, update_time) VALUES (37, 'ORD20260528149177', 45, 'PRODUCT', 39.00, 0.00, 39.00, NULL, NULL, NULL, 'TIMEOUT', NULL, '2026-05-28 20:09:15.172836', '2026-05-28 20:39:41.419174');
INSERT INTO public.orders (id, order_no, user_id, order_type, original_amount, discount_amount, pay_amount, pay_method, pay_time, alipay_trade_no, status, remark, create_time, update_time) VALUES (38, 'ORD20260528127160', 45, 'MEMBERSHIP', 129.00, 0.00, 129.00, NULL, NULL, NULL, 'TIMEOUT', '购买性价比月卡', '2026-05-28 20:10:30.890881', '2026-05-28 22:39:58.871487');
INSERT INTO public.orders (id, order_no, user_id, order_type, original_amount, discount_amount, pay_amount, pay_method, pay_time, alipay_trade_no, status, remark, create_time, update_time) VALUES (39, 'ORD20260528870492', 45, 'MEMBERSHIP', 149.00, 0.00, 149.00, NULL, NULL, NULL, 'TIMEOUT', '购买高级月卡', '2026-05-28 20:11:03.905538', '2026-05-28 22:39:58.871487');
INSERT INTO public.orders (id, order_no, user_id, order_type, original_amount, discount_amount, pay_amount, pay_method, pay_time, alipay_trade_no, status, remark, create_time, update_time) VALUES (40, 'ORD20260528264822', 45, 'PRODUCT', 128.00, 0.00, 128.00, NULL, NULL, NULL, 'TIMEOUT', NULL, '2026-05-28 20:15:44.424112', '2026-05-28 22:39:58.871487');
INSERT INTO public.orders (id, order_no, user_id, order_type, original_amount, discount_amount, pay_amount, pay_method, pay_time, alipay_trade_no, status, remark, create_time, update_time) VALUES (41, 'ORD20260528109613', 45, 'MEMBERSHIP', 129.00, 0.00, 129.00, NULL, NULL, NULL, 'TIMEOUT', '购买性价比月卡', '2026-05-28 20:17:09.678113', '2026-05-28 22:39:58.871487');
INSERT INTO public.orders (id, order_no, user_id, order_type, original_amount, discount_amount, pay_amount, pay_method, pay_time, alipay_trade_no, status, remark, create_time, update_time) VALUES (42, 'ORD20260528449366', 45, 'PRODUCT', 39.00, 0.00, 39.00, NULL, NULL, NULL, 'TIMEOUT', NULL, '2026-05-28 20:38:15.115081', '2026-05-28 22:39:58.871487');
INSERT INTO public.orders (id, order_no, user_id, order_type, original_amount, discount_amount, pay_amount, pay_method, pay_time, alipay_trade_no, status, remark, create_time, update_time) VALUES (43, 'ORD20260528569696', 45, 'PRODUCT', 68.00, 0.00, 68.00, NULL, NULL, NULL, 'TIMEOUT', NULL, '2026-05-28 20:39:14.244593', '2026-05-28 22:39:58.871487');
INSERT INTO public.orders (id, order_no, user_id, order_type, original_amount, discount_amount, pay_amount, pay_method, pay_time, alipay_trade_no, status, remark, create_time, update_time) VALUES (44, 'ORD20260528222738', 45, 'PRODUCT', 299.00, 0.00, 299.00, NULL, NULL, NULL, 'TIMEOUT', NULL, '2026-05-28 20:39:25.22866', '2026-05-28 22:39:58.871487');
INSERT INTO public.orders (id, order_no, user_id, order_type, original_amount, discount_amount, pay_amount, pay_method, pay_time, alipay_trade_no, status, remark, create_time, update_time) VALUES (45, 'ORD20260528744603', 25, 'MEMBERSHIP', 149.00, 0.00, 149.00, NULL, NULL, NULL, 'TIMEOUT', '购买高级月卡', '2026-05-28 22:44:10.555916', '2026-05-28 23:14:52.554681');
INSERT INTO public.orders (id, order_no, user_id, order_type, original_amount, discount_amount, pay_amount, pay_method, pay_time, alipay_trade_no, status, remark, create_time, update_time) VALUES (46, 'ORD20260528844665', 25, 'MEMBERSHIP', 129.00, 0.00, 129.00, NULL, NULL, NULL, 'TIMEOUT', '购买性价比月卡', '2026-05-28 22:52:17.689496', '2026-05-28 23:22:20.832451');
INSERT INTO public.orders (id, order_no, user_id, order_type, original_amount, discount_amount, pay_amount, pay_method, pay_time, alipay_trade_no, status, remark, create_time, update_time) VALUES (47, 'ORD20260528647689', 25, 'MEMBERSHIP', 149.00, 0.00, 149.00, NULL, NULL, NULL, 'TIMEOUT', '购买高级月卡', '2026-05-28 23:18:39.600915', '2026-05-28 23:50:33.952779');
INSERT INTO public.orders (id, order_no, user_id, order_type, original_amount, discount_amount, pay_amount, pay_method, pay_time, alipay_trade_no, status, remark, create_time, update_time) VALUES (48, 'ORD20260528340447', 25, 'MEMBERSHIP', 149.00, 0.00, 149.00, NULL, NULL, NULL, 'TIMEOUT', '购买高级月卡', '2026-05-28 23:19:16.374555', '2026-05-28 23:50:33.952779');
INSERT INTO public.orders (id, order_no, user_id, order_type, original_amount, discount_amount, pay_amount, pay_method, pay_time, alipay_trade_no, status, remark, create_time, update_time) VALUES (49, 'ORD20260528717083', 45, 'COACH_PACKAGE', 99.00, 0.00, 99.00, NULL, NULL, NULL, 'TIMEOUT', NULL, '2026-05-28 23:23:53.794322', '2026-05-28 23:54:33.931234');
INSERT INTO public.orders (id, order_no, user_id, order_type, original_amount, discount_amount, pay_amount, pay_method, pay_time, alipay_trade_no, status, remark, create_time, update_time) VALUES (50, 'ORD20260528874773', 45, 'COACH_PACKAGE', 99.00, 0.00, 99.00, NULL, NULL, NULL, 'TIMEOUT', NULL, '2026-05-28 23:32:41.184414', '2026-05-29 00:03:33.927195');
INSERT INTO public.orders (id, order_no, user_id, order_type, original_amount, discount_amount, pay_amount, pay_method, pay_time, alipay_trade_no, status, remark, create_time, update_time) VALUES (51, 'ORD20260528391651', 45, 'PRODUCT', 68.00, 0.00, 68.00, NULL, NULL, NULL, 'TIMEOUT', NULL, '2026-05-28 23:39:06.472649', '2026-05-29 00:45:07.174854');
INSERT INTO public.orders (id, order_no, user_id, order_type, original_amount, discount_amount, pay_amount, pay_method, pay_time, alipay_trade_no, status, remark, create_time, update_time) VALUES (52, 'ORD20260528229995', 45, 'MEMBERSHIP', 129.00, 0.00, 129.00, NULL, NULL, NULL, 'TIMEOUT', '购买性价比月卡', '2026-05-28 23:54:43.511198', '2026-05-29 00:45:07.174854');
INSERT INTO public.orders (id, order_no, user_id, order_type, original_amount, discount_amount, pay_amount, pay_method, pay_time, alipay_trade_no, status, remark, create_time, update_time) VALUES (56, 'ORD20260529466876', 45, 'MEMBERSHIP', 129.00, 0.00, 129.00, 'ALIPAY', '2026-05-29 00:51:46.720214', '2026052922001429210508367360', 'PAID', '购买性价比月卡', '2026-05-29 00:50:49.496117', '2026-05-29 00:51:46.576578');
INSERT INTO public.orders (id, order_no, user_id, order_type, original_amount, discount_amount, pay_amount, pay_method, pay_time, alipay_trade_no, status, remark, create_time, update_time) VALUES (57, 'ORD20260529764329', 45, 'PRODUCT', 128.00, 0.00, 128.00, 'ALIPAY', '2026-05-29 00:52:51.855652', '2026052922001429210508369698', 'PAID', NULL, '2026-05-29 00:52:13.906337', '2026-05-29 00:52:51.855107');
INSERT INTO public.orders (id, order_no, user_id, order_type, original_amount, discount_amount, pay_amount, pay_method, pay_time, alipay_trade_no, status, remark, create_time, update_time) VALUES (60, 'ORD20260529682061', 45, 'PRODUCT', 2990.00, 0.00, 2990.00, 'ALIPAY', '2026-05-29 00:55:32.544693', '2026052922001429210508369700', 'PAID', NULL, '2026-05-29 00:55:11.678497', '2026-05-29 00:55:32.492157');
INSERT INTO public.orders (id, order_no, user_id, order_type, original_amount, discount_amount, pay_amount, pay_method, pay_time, alipay_trade_no, status, remark, create_time, update_time) VALUES (63, 'ORD20260529223124', 45, 'MEMBERSHIP', 129.00, 0.00, 129.00, 'ALIPAY', '2026-05-29 01:08:07.158238', '2026052922001429210508368482', 'PAID', '购买性价比月卡', '2026-05-29 01:07:31.80198', '2026-05-29 01:08:07.190989');
INSERT INTO public.orders (id, order_no, user_id, order_type, original_amount, discount_amount, pay_amount, pay_method, pay_time, alipay_trade_no, status, remark, create_time, update_time) VALUES (55, 'ORD20260529238590', 45, 'MEMBERSHIP', 129.00, 0.00, 129.00, NULL, NULL, NULL, 'TIMEOUT', '购买性价比月卡', '2026-05-29 00:50:34.964711', '2026-05-29 01:21:07.05673');
INSERT INTO public.orders (id, order_no, user_id, order_type, original_amount, discount_amount, pay_amount, pay_method, pay_time, alipay_trade_no, status, remark, create_time, update_time) VALUES (58, 'ORD20260529778346', 45, 'MEMBERSHIP', 129.00, 0.00, 129.00, NULL, NULL, NULL, 'TIMEOUT', '购买性价比月卡', '2026-05-29 00:53:53.606623', '2026-05-29 01:24:07.100918');
INSERT INTO public.orders (id, order_no, user_id, order_type, original_amount, discount_amount, pay_amount, pay_method, pay_time, alipay_trade_no, status, remark, create_time, update_time) VALUES (59, 'ORD20260529652312', 45, 'PRODUCT', 5382.00, 0.00, 5382.00, NULL, NULL, NULL, 'TIMEOUT', NULL, '2026-05-29 00:54:57.209403', '2026-05-29 01:25:07.100647');
INSERT INTO public.orders (id, order_no, user_id, order_type, original_amount, discount_amount, pay_amount, pay_method, pay_time, alipay_trade_no, status, remark, create_time, update_time) VALUES (61, 'ORD20260529718111', 45, 'COACH_PACKAGE', 99.00, 0.00, 99.00, NULL, NULL, NULL, 'TIMEOUT', NULL, '2026-05-29 00:59:53.151833', '2026-05-29 01:29:57.459235');
INSERT INTO public.orders (id, order_no, user_id, order_type, original_amount, discount_amount, pay_amount, pay_method, pay_time, alipay_trade_no, status, remark, create_time, update_time) VALUES (62, 'ORD20260529466334', 45, 'MEMBERSHIP', 129.00, 0.00, 129.00, NULL, NULL, NULL, 'TIMEOUT', '购买性价比月卡', '2026-05-29 01:06:14.14416', '2026-05-29 01:36:57.53581');
INSERT INTO public.orders (id, order_no, user_id, order_type, original_amount, discount_amount, pay_amount, pay_method, pay_time, alipay_trade_no, status, remark, create_time, update_time) VALUES (65, 'ORD20260529322565', 45, 'COACH_PACKAGE', 99.00, 0.00, 99.00, NULL, NULL, NULL, 'TIMEOUT', NULL, '2026-05-29 01:11:44.217287', '2026-05-29 01:41:46.408622');
INSERT INTO public.orders (id, order_no, user_id, order_type, original_amount, discount_amount, pay_amount, pay_method, pay_time, alipay_trade_no, status, remark, create_time, update_time) VALUES (64, 'ORD20260529656420', 45, 'COACH_PACKAGE', 99.00, 0.00, 99.00, NULL, NULL, NULL, 'TIMEOUT', NULL, '2026-05-29 01:08:24.72745', '2026-05-29 01:38:57.596299');
INSERT INTO public.orders (id, order_no, user_id, order_type, original_amount, discount_amount, pay_amount, pay_method, pay_time, alipay_trade_no, status, remark, create_time, update_time) VALUES (66, 'ORD20260529123806', 45, 'PRODUCT', 299.00, 0.00, 299.00, 'ALIPAY', '2026-05-29 01:13:29.246696', '2026052922001429210508369701', 'PAID', NULL, '2026-05-29 01:13:08.255953', '2026-05-29 01:13:29.194833');
INSERT INTO public.orders (id, order_no, user_id, order_type, original_amount, discount_amount, pay_amount, pay_method, pay_time, alipay_trade_no, status, remark, create_time, update_time) VALUES (69, 'ORD20260529871043', 45, 'COACH_PACKAGE', 99.00, 0.00, 99.00, 'ALIPAY', '2026-05-29 01:16:44.120895', '2026052922001429210508368483', 'PAID', NULL, '2026-05-29 01:16:25.895798', '2026-05-29 01:16:43.972818');
INSERT INTO public.orders (id, order_no, user_id, order_type, original_amount, discount_amount, pay_amount, pay_method, pay_time, alipay_trade_no, status, remark, create_time, update_time) VALUES (70, 'ORD20260529925899', 45, 'MEMBERSHIP', 129.00, 0.00, 129.00, 'ALIPAY', '2026-05-29 01:19:44.926023', '2026052922001429210508369702', 'PAID', '购买性价比月卡', '2026-05-29 01:19:23.315637', '2026-05-29 01:19:44.913675');
INSERT INTO public.orders (id, order_no, user_id, order_type, original_amount, discount_amount, pay_amount, pay_method, pay_time, alipay_trade_no, status, remark, create_time, update_time) VALUES (53, 'ORD20260529521477', 45, 'MEMBERSHIP', 129.00, 0.00, 129.00, NULL, NULL, NULL, 'TIMEOUT', '购买性价比月卡', '2026-05-29 00:49:43.279362', '2026-05-29 01:20:07.093449');
INSERT INTO public.orders (id, order_no, user_id, order_type, original_amount, discount_amount, pay_amount, pay_method, pay_time, alipay_trade_no, status, remark, create_time, update_time) VALUES (54, 'ORD20260529817217', 45, 'MEMBERSHIP', 129.00, 0.00, 129.00, NULL, NULL, NULL, 'TIMEOUT', '购买性价比月卡', '2026-05-29 00:50:03.516057', '2026-05-29 01:20:07.093449');
INSERT INTO public.orders (id, order_no, user_id, order_type, original_amount, discount_amount, pay_amount, pay_method, pay_time, alipay_trade_no, status, remark, create_time, update_time) VALUES (67, 'ORD20260529964243', 45, 'COACH_PACKAGE', 99.00, 0.00, 99.00, NULL, NULL, NULL, 'TIMEOUT', NULL, '2026-05-29 01:14:48.214711', '2026-05-29 01:45:46.348212');
INSERT INTO public.orders (id, order_no, user_id, order_type, original_amount, discount_amount, pay_amount, pay_method, pay_time, alipay_trade_no, status, remark, create_time, update_time) VALUES (68, 'ORD20260529895547', 45, 'COACH_PACKAGE', 99.00, 0.00, 99.00, NULL, NULL, NULL, 'TIMEOUT', NULL, '2026-05-29 01:14:59.275109', '2026-05-29 01:45:46.348212');
INSERT INTO public.orders (id, order_no, user_id, order_type, original_amount, discount_amount, pay_amount, pay_method, pay_time, alipay_trade_no, status, remark, create_time, update_time) VALUES (71, 'ORD20260529251586', 45, 'COACH_PACKAGE', 1200.00, 0.00, 1200.00, NULL, NULL, NULL, 'TIMEOUT', NULL, '2026-05-29 01:27:20.10903', '2026-05-29 01:57:46.3865');
INSERT INTO public.orders (id, order_no, user_id, order_type, original_amount, discount_amount, pay_amount, pay_method, pay_time, alipay_trade_no, status, remark, create_time, update_time) VALUES (72, 'ORD20260529670572', 45, 'COACH_PACKAGE', 1200.00, 0.00, 1200.00, NULL, NULL, NULL, 'TIMEOUT', NULL, '2026-05-29 01:27:36.063705', '2026-05-29 01:57:46.3865');
INSERT INTO public.orders (id, order_no, user_id, order_type, original_amount, discount_amount, pay_amount, pay_method, pay_time, alipay_trade_no, status, remark, create_time, update_time) VALUES (73, 'ORD20260529698017', 45, 'COACH_PACKAGE', 1200.00, 0.00, 1200.00, NULL, NULL, NULL, 'TIMEOUT', NULL, '2026-05-29 01:27:59.424858', '2026-05-29 01:58:46.177467');
INSERT INTO public.orders (id, order_no, user_id, order_type, original_amount, discount_amount, pay_amount, pay_method, pay_time, alipay_trade_no, status, remark, create_time, update_time) VALUES (74, 'ORD20260529451710', 45, 'COACH_PACKAGE', 99.00, 0.00, 99.00, NULL, NULL, NULL, 'TIMEOUT', NULL, '2026-05-29 01:40:22.171738', '2026-05-29 02:10:46.394216');
INSERT INTO public.orders (id, order_no, user_id, order_type, original_amount, discount_amount, pay_amount, pay_method, pay_time, alipay_trade_no, status, remark, create_time, update_time) VALUES (75, 'ORD20260529510355', 45, 'COACH_PACKAGE', 99.00, 0.00, 99.00, NULL, NULL, NULL, 'TIMEOUT', NULL, '2026-05-29 01:40:48.372223', '2026-05-29 02:11:46.390467');
INSERT INTO public.orders (id, order_no, user_id, order_type, original_amount, discount_amount, pay_amount, pay_method, pay_time, alipay_trade_no, status, remark, create_time, update_time) VALUES (76, 'ORD20260529183296', 45, 'COACH_PACKAGE', 99.00, 0.00, 99.00, NULL, NULL, NULL, 'TIMEOUT', NULL, '2026-05-29 01:41:09.829019', '2026-05-29 02:11:46.390467');
INSERT INTO public.orders (id, order_no, user_id, order_type, original_amount, discount_amount, pay_amount, pay_method, pay_time, alipay_trade_no, status, remark, create_time, update_time) VALUES (81, 'ORD20260529792628', 45, 'MEMBERSHIP', 129.00, 0.00, 129.00, 'ALIPAY', '2026-05-29 02:32:06.565224', '2026052922001429210508369704', 'PAID', '购买性价比月卡', '2026-05-29 02:31:24.309604', '2026-05-29 02:32:06.551037');
INSERT INTO public.orders (id, order_no, user_id, order_type, original_amount, discount_amount, pay_amount, pay_method, pay_time, alipay_trade_no, status, remark, create_time, update_time) VALUES (85, 'ORD20260529101910', 45, 'PRODUCT', 68.00, 0.00, 68.00, 'ALIPAY', '2026-05-29 02:41:33.931182', '2026052922001429210508367362', 'PAID', NULL, '2026-05-29 02:41:13.362375', '2026-05-29 02:41:33.786854');
INSERT INTO public.orders (id, order_no, user_id, order_type, original_amount, discount_amount, pay_amount, pay_method, pay_time, alipay_trade_no, status, remark, create_time, update_time) VALUES (77, 'ORD20260529918166', 45, 'COACH_PACKAGE', 99.00, 0.00, 99.00, NULL, NULL, NULL, 'TIMEOUT', NULL, '2026-05-29 02:27:08.119492', '2026-05-29 02:57:31.653531');
INSERT INTO public.orders (id, order_no, user_id, order_type, original_amount, discount_amount, pay_amount, pay_method, pay_time, alipay_trade_no, status, remark, create_time, update_time) VALUES (78, 'ORD20260529958381', 45, 'COACH_PACKAGE', 99.00, 0.00, 99.00, NULL, NULL, NULL, 'TIMEOUT', NULL, '2026-05-29 02:28:12.267187', '2026-05-29 02:58:32.070456');
INSERT INTO public.orders (id, order_no, user_id, order_type, original_amount, discount_amount, pay_amount, pay_method, pay_time, alipay_trade_no, status, remark, create_time, update_time) VALUES (79, 'ORD20260529650014', 45, 'COACH_PACKAGE', 99.00, 0.00, 99.00, NULL, NULL, NULL, 'TIMEOUT', NULL, '2026-05-29 02:28:43.615632', '2026-05-29 02:59:31.473265');
INSERT INTO public.orders (id, order_no, user_id, order_type, original_amount, discount_amount, pay_amount, pay_method, pay_time, alipay_trade_no, status, remark, create_time, update_time) VALUES (80, 'ORD20260529780439', 45, 'COACH_PACKAGE', 1200.00, 0.00, 1200.00, NULL, NULL, NULL, 'TIMEOUT', NULL, '2026-05-29 02:30:50.772357', '2026-05-29 03:01:31.747963');
INSERT INTO public.orders (id, order_no, user_id, order_type, original_amount, discount_amount, pay_amount, pay_method, pay_time, alipay_trade_no, status, remark, create_time, update_time) VALUES (82, 'ORD20260529270535', 45, 'PRODUCT', 136.00, 0.00, 136.00, NULL, NULL, NULL, 'TIMEOUT', NULL, '2026-05-29 02:32:36.77432', '2026-05-29 03:03:31.679869');
INSERT INTO public.orders (id, order_no, user_id, order_type, original_amount, discount_amount, pay_amount, pay_method, pay_time, alipay_trade_no, status, remark, create_time, update_time) VALUES (83, 'ORD20260529048231', 45, 'PRODUCT', 128.00, 0.00, 128.00, NULL, NULL, NULL, 'TIMEOUT', NULL, '2026-05-29 02:40:07.177774', '2026-05-29 03:10:31.781494');
INSERT INTO public.orders (id, order_no, user_id, order_type, original_amount, discount_amount, pay_amount, pay_method, pay_time, alipay_trade_no, status, remark, create_time, update_time) VALUES (84, 'ORD20260529370795', 45, 'PRODUCT', 68.00, 0.00, 68.00, NULL, NULL, NULL, 'TIMEOUT', NULL, '2026-05-29 02:40:42.063306', '2026-05-29 03:11:31.651615');
INSERT INTO public.orders (id, order_no, user_id, order_type, original_amount, discount_amount, pay_amount, pay_method, pay_time, alipay_trade_no, status, remark, create_time, update_time) VALUES (86, 'ORD20260529648461', 45, 'COACH_PACKAGE', 99.00, 0.00, 99.00, NULL, NULL, NULL, 'TIMEOUT', NULL, '2026-05-29 02:43:06.1388', '2026-05-29 03:13:09.715538');
INSERT INTO public.orders (id, order_no, user_id, order_type, original_amount, discount_amount, pay_amount, pay_method, pay_time, alipay_trade_no, status, remark, create_time, update_time) VALUES (87, 'ORD20260529184492', 45, 'COACH_PACKAGE', 99.00, 0.00, 99.00, NULL, NULL, NULL, 'TIMEOUT', NULL, '2026-05-29 02:44:04.091254', '2026-05-29 03:14:09.599403');
INSERT INTO public.orders (id, order_no, user_id, order_type, original_amount, discount_amount, pay_amount, pay_method, pay_time, alipay_trade_no, status, remark, create_time, update_time) VALUES (89, 'ORD20260529275082', 45, 'COACH_PACKAGE', 99.00, 0.00, 99.00, NULL, NULL, NULL, 'PENDING', NULL, '2026-05-29 03:15:19.692623', '2026-05-29 03:15:19.692623');
INSERT INTO public.orders (id, order_no, user_id, order_type, original_amount, discount_amount, pay_amount, pay_method, pay_time, alipay_trade_no, status, remark, create_time, update_time) VALUES (88, 'ORD20260529008239', 45, 'COACH_PACKAGE', 120.00, 0.00, 120.00, NULL, NULL, NULL, 'TIMEOUT', NULL, '2026-05-29 02:45:29.161293', '2026-05-29 03:16:09.439849');
INSERT INTO public.orders (id, order_no, user_id, order_type, original_amount, discount_amount, pay_amount, pay_method, pay_time, alipay_trade_no, status, remark, create_time, update_time) VALUES (90, 'ORD20260529238872', 45, 'MEMBERSHIP', 149.00, 0.00, 149.00, NULL, NULL, NULL, 'PENDING', '购买高级月卡', '2026-05-29 03:21:57.563517', '2026-05-29 03:21:57.563517');
INSERT INTO public.orders (id, order_no, user_id, order_type, original_amount, discount_amount, pay_amount, pay_method, pay_time, alipay_trade_no, status, remark, create_time, update_time) VALUES (91, 'ORD20260529808296', 45, 'MEMBERSHIP', 149.00, 0.00, 149.00, NULL, NULL, NULL, 'PENDING', '购买高级月卡', '2026-05-29 03:22:33.092864', '2026-05-29 03:22:33.092864');
INSERT INTO public.orders (id, order_no, user_id, order_type, original_amount, discount_amount, pay_amount, pay_method, pay_time, alipay_trade_no, status, remark, create_time, update_time) VALUES (92, 'ORD20260529880460', 45, 'PRODUCT', 68.00, 0.00, 68.00, 'ALIPAY', '2026-05-29 03:23:34.283752', '2026052922001429210508368484', 'PAID', NULL, '2026-05-29 03:23:15.053349', '2026-05-29 03:23:34.0561');


--
-- Data for Name: coach_package_order_ext; Type: TABLE DATA; Schema: public; Owner: fitness_user
--

INSERT INTO public.coach_package_order_ext (id, order_id, coach_package_id, coach_id, package_name, expire_time) VALUES (7, 33, 1, 4, 'test002', '2026-05-27 23:32:54.184975');
INSERT INTO public.coach_package_order_ext (id, order_id, coach_package_id, coach_id, package_name, expire_time) VALUES (8, 32, 1, 4, 'test002', '2026-05-27 23:31:01.532078');
INSERT INTO public.coach_package_order_ext (id, order_id, coach_package_id, coach_id, package_name, expire_time) VALUES (9, 31, 1, 4, 'test002', '2026-05-27 23:29:47.99421');
INSERT INTO public.coach_package_order_ext (id, order_id, coach_package_id, coach_id, package_name, expire_time) VALUES (10, 30, 1, 4, 'test002', '2026-05-27 23:29:40.367646');
INSERT INTO public.coach_package_order_ext (id, order_id, coach_package_id, coach_id, package_name, expire_time) VALUES (11, 35, 2, 4, '单次体验', '2026-05-28 14:36:32.518389');
INSERT INTO public.coach_package_order_ext (id, order_id, coach_package_id, coach_id, package_name, expire_time) VALUES (12, 34, 2, 4, '单次体验', '2026-05-28 14:36:23.343847');
INSERT INTO public.coach_package_order_ext (id, order_id, coach_package_id, coach_id, package_name, expire_time) VALUES (13, 49, 2, 4, '单次体验', '2026-05-28 23:53:53.796318');
INSERT INTO public.coach_package_order_ext (id, order_id, coach_package_id, coach_id, package_name, expire_time) VALUES (14, 50, 2, 4, '单次体验', '2026-05-29 00:02:41.19046');
INSERT INTO public.coach_package_order_ext (id, order_id, coach_package_id, coach_id, package_name, expire_time) VALUES (15, 61, 2, 4, '单次体验', '2026-05-29 01:29:53.152832');
INSERT INTO public.coach_package_order_ext (id, order_id, coach_package_id, coach_id, package_name, expire_time) VALUES (16, 64, 2, 4, '单次体验', '2026-05-29 01:38:24.73332');
INSERT INTO public.coach_package_order_ext (id, order_id, coach_package_id, coach_id, package_name, expire_time) VALUES (17, 65, 2, 4, '单次体验', '2026-05-29 01:41:44.220652');
INSERT INTO public.coach_package_order_ext (id, order_id, coach_package_id, coach_id, package_name, expire_time) VALUES (18, 67, 2, 4, '单次体验', '2026-05-29 01:44:48.217433');
INSERT INTO public.coach_package_order_ext (id, order_id, coach_package_id, coach_id, package_name, expire_time) VALUES (19, 68, 2, 4, '单次体验', '2026-05-29 01:44:59.278651');
INSERT INTO public.coach_package_order_ext (id, order_id, coach_package_id, coach_id, package_name, expire_time) VALUES (20, 69, 2, 4, '单次体验', '2026-05-29 01:46:25.899323');
INSERT INTO public.coach_package_order_ext (id, order_id, coach_package_id, coach_id, package_name, expire_time) VALUES (21, 71, 3, 4, '包月', '2026-05-29 01:57:20.122641');
INSERT INTO public.coach_package_order_ext (id, order_id, coach_package_id, coach_id, package_name, expire_time) VALUES (22, 72, 3, 4, '包月', '2026-05-29 01:57:36.066105');
INSERT INTO public.coach_package_order_ext (id, order_id, coach_package_id, coach_id, package_name, expire_time) VALUES (23, 73, 3, 4, '包月', '2026-05-29 01:57:59.428537');
INSERT INTO public.coach_package_order_ext (id, order_id, coach_package_id, coach_id, package_name, expire_time) VALUES (24, 74, 2, 4, '单次体验', '2026-05-29 02:10:22.180698');
INSERT INTO public.coach_package_order_ext (id, order_id, coach_package_id, coach_id, package_name, expire_time) VALUES (25, 75, 2, 4, '单次体验', '2026-05-29 02:10:48.376321');
INSERT INTO public.coach_package_order_ext (id, order_id, coach_package_id, coach_id, package_name, expire_time) VALUES (26, 76, 2, 4, '单次体验', '2026-05-29 02:11:09.831687');
INSERT INTO public.coach_package_order_ext (id, order_id, coach_package_id, coach_id, package_name, expire_time) VALUES (27, 77, 2, 4, '单次体验', '2026-05-29 02:57:08.130443');
INSERT INTO public.coach_package_order_ext (id, order_id, coach_package_id, coach_id, package_name, expire_time) VALUES (28, 78, 2, 4, '单次体验', '2026-05-29 02:58:12.270334');
INSERT INTO public.coach_package_order_ext (id, order_id, coach_package_id, coach_id, package_name, expire_time) VALUES (29, 79, 2, 4, '单次体验', '2026-05-29 02:58:43.617667');
INSERT INTO public.coach_package_order_ext (id, order_id, coach_package_id, coach_id, package_name, expire_time) VALUES (30, 80, 3, 4, '包月', '2026-05-29 03:00:50.773358');
INSERT INTO public.coach_package_order_ext (id, order_id, coach_package_id, coach_id, package_name, expire_time) VALUES (31, 86, 2, 4, '单次体验', '2026-05-29 03:13:06.140828');
INSERT INTO public.coach_package_order_ext (id, order_id, coach_package_id, coach_id, package_name, expire_time) VALUES (32, 87, 2, 4, '单次体验', '2026-05-29 03:14:04.093259');
INSERT INTO public.coach_package_order_ext (id, order_id, coach_package_id, coach_id, package_name, expire_time) VALUES (33, 88, 1, 4, 'test002', '2026-05-29 03:15:29.163293');
INSERT INTO public.coach_package_order_ext (id, order_id, coach_package_id, coach_id, package_name, expire_time) VALUES (34, 89, 2, 4, '单次体验', '2026-05-29 03:45:19.700122');


--
-- Data for Name: coach_student; Type: TABLE DATA; Schema: public; Owner: fitness_user
--

INSERT INTO public.coach_student (id, member_id, coach_id, product_id, package_code, bind_time, expire_time, status, deleted, create_time, update_time, coach_package_id) VALUES (1, 45, 4, NULL, 'PT_1V1', '2026-05-29 01:16:44.141279', '2026-06-28 01:16:44.141279', 'ACTIVE', false, '2026-05-29 01:16:44.142298', '2026-05-29 01:16:44.142298', 2);


--
-- Data for Name: fitness_course; Type: TABLE DATA; Schema: public; Owner: fitness_user
--

INSERT INTO public.fitness_course (id, course_name, description, coach_id, category, start_time, end_time, capacity, status, image_url, deleted, create_time, update_time, difficulty_level, duration_minutes, calories_min, calories_max, total_booking_count, day_of_week) VALUES (106, '体态矫正训练', '改善圆肩驼背、骨盆前倾等不良体态问题', 4, '康复体态', '13:56:29.59211', '14:56:29.59211', 18, 1, 'https://images.unsplash.com/photo-1575052814086-f385e2e2ad1b?w=800', true, '2026-03-26 01:56:29.59211', '2026-03-27 23:53:03.273986', '初级', 50, 150, 250, 12, 1);
INSERT INTO public.fitness_course (id, course_name, description, coach_id, category, start_time, end_time, capacity, status, image_url, deleted, create_time, update_time, difficulty_level, duration_minutes, calories_min, calories_max, total_booking_count, day_of_week) VALUES (89, '晨间流瑜伽', '通过流畅的体式串联，唤醒身体能量，开启美好一天', 3, '瑜伽普拉提', '07:56:29', '09:11:29', 20, 1, 'http://localhost:9000/fitness-bucket/courses/c48ffc7b-6e24-4aa2-b4e9-574ee75d5e30.png?X-Amz-Algorithm=AWS4-HMAC-SHA256&X-Amz-Credential=minioadmin%2F20260326%2Fus-east-1%2Fs3%2Faws4_request&X-Amz-Date=20260326T104533Z&X-Amz-Expires=604800&X-Amz-SignedHeaders=host&X-Amz-Signature=f4d910e13e5b1576dff4b1d04991cdc60f3ff9fb1f08fc91a2d71c96f9133138', true, '2026-03-26 01:56:29.585409', '2026-04-02 18:09:21.703731', '初级', 75, 200, 350, 15, 1);
INSERT INTO public.fitness_course (id, course_name, description, coach_id, category, start_time, end_time, capacity, status, image_url, deleted, create_time, update_time, difficulty_level, duration_minutes, calories_min, calories_max, total_booking_count, day_of_week) VALUES (87, '跑步训练营', '科学的跑步训练方法，提升耐力与燃脂效率', 4, '有氧燃脂', '08:56:29.583345', '09:56:29.583345', 20, 1, 'https://images.unsplash.com/photo-1552674605-db6ffd4facb5?w=800', true, '2026-03-26 01:56:29.583345', '2026-04-02 18:09:28.844387', '中级', 60, 400, 600, 8, 1);
INSERT INTO public.fitness_course (id, course_name, description, coach_id, category, start_time, end_time, capacity, status, image_url, deleted, create_time, update_time, difficulty_level, duration_minutes, calories_min, calories_max, total_booking_count, day_of_week) VALUES (78, '硬拉技术精讲', '从基础到进阶，掌握传统硬拉与相扑硬拉核心技术', 3, '力量训练', '11:56:29.577083', '12:56:29.577083', 10, 1, 'https://images.unsplash.com/photo-1603287681836-e566f5c150e9?w=800', true, '2026-03-26 01:56:29.577083', '2026-04-02 18:09:41.321837', '高级', 60, 450, 700, 4, 1);
INSERT INTO public.fitness_course (id, course_name, description, coach_id, category, start_time, end_time, capacity, status, image_url, deleted, create_time, update_time, difficulty_level, duration_minutes, calories_min, calories_max, total_booking_count, day_of_week) VALUES (83, 'HIIT极限挑战', '高强度间歇训练，20分钟高效燃脂，提升心肺功能', 4, '有氧燃脂', '08:56:29', '09:41:29', 30, 1, 'http://localhost:9000/fitness-bucket/courses/29116749-67f2-48a5-acde-1a311993c4a4.png?X-Amz-Algorithm=AWS4-HMAC-SHA256&X-Amz-Credential=minioadmin%2F20260326%2Fus-east-1%2Fs3%2Faws4_request&X-Amz-Date=20260326T104742Z&X-Amz-Expires=604800&X-Amz-SignedHeaders=host&X-Amz-Signature=ba5c00bf138d71d729b2ef7a6cd58907284d91cdcfbba616e87383ddeedf855a', true, '2026-03-26 01:56:29.583345', '2026-04-02 18:09:54.142131', '高级', 45, 500, 700, 22, 1);
INSERT INTO public.fitness_course (id, course_name, description, coach_id, category, start_time, end_time, capacity, status, image_url, deleted, create_time, update_time, difficulty_level, duration_minutes, calories_min, calories_max, total_booking_count, day_of_week) VALUES (107, 'test', '新增字段数据 test...', 24, '力量训练', '00:00:00', '00:00:00', 20, 1, 'http://localhost:9000/fitness-bucket/courses/33bb448d-188c-4762-8e31-e7c613829370.png?X-Amz-Algorithm=AWS4-HMAC-SHA256&X-Amz-Credential=minioadmin%2F20260326%2Fus-east-1%2Fs3%2Faws4_request&X-Amz-Date=20260326T022413Z&X-Amz-Expires=604800&X-Amz-SignedHeaders=host&X-Amz-Signature=09f673b84258f4436fff1a4c1f96b4de4edc67c5194cc140300efd91be926044', true, '2026-03-26 10:24:37.479475', '2026-04-02 18:09:03.284562', '高级', 30, 50, 100, 0, 1);
INSERT INTO public.fitness_course (id, course_name, description, coach_id, category, start_time, end_time, capacity, status, image_url, deleted, create_time, update_time, difficulty_level, duration_minutes, calories_min, calories_max, total_booking_count, day_of_week) VALUES (98, '搏击体能强化', '专为搏击运动设计的体能训练，提升爆发力与耐力', 4, '拳击格斗', '14:56:29.588186', '15:56:29.588186', 15, 1, 'https://images.unsplash.com/photo-1549719386-74dfcbf7dbed?w=800', true, '2026-03-26 01:56:29.588186', '2026-04-02 18:09:12.791504', '高级', 60, 500, 750, 8, 1);
INSERT INTO public.fitness_course (id, course_name, description, coach_id, category, start_time, end_time, capacity, status, image_url, deleted, create_time, update_time, difficulty_level, duration_minutes, calories_min, calories_max, total_booking_count, day_of_week) VALUES (90, '普拉提核心床', '借助核心床进行普拉提训练，是强化核心肌群的高效途径。通过器械独特的弹簧阻力与滑动床板设计，训练者能在动态不稳定中精准激活深层肌群。这不仅有助于塑造紧致身形，更能显著提升身体稳定性与协调性，让每一次伸展与发力都充满控制之美。', 4, '瑜伽普拉提', '12:56:29', '13:56:29', 12, 1, 'https://images.unsplash.com/photo-1518310383802-640c2de311b2?w=800', true, '2026-03-26 01:56:29.585409', '2026-05-09 20:53:54.519395', '中级', 60, 250, 400, 8, 1);
INSERT INTO public.fitness_course (id, course_name, description, coach_id, category, start_time, end_time, capacity, status, image_url, deleted, create_time, update_time, difficulty_level, duration_minutes, calories_min, calories_max, total_booking_count, day_of_week) VALUES (84, '跳绳燃脂课', '高强度跳绳训练，快速提升心率，高效燃烧卡路里。', 3, '有氧燃脂', '09:56:29', '10:41:29', 20, 1, 'http://localhost:9000/fitness-bucket/courses/41873e51-e76b-44ae-9cad-9bc787845fb3.webp', true, '2026-03-26 01:56:29.583345', '2026-05-09 20:54:22.257405', '中级', 45, 350, 500, 12, 1);
INSERT INTO public.fitness_course (id, course_name, description, coach_id, category, start_time, end_time, capacity, status, image_url, deleted, create_time, update_time, difficulty_level, duration_minutes, calories_min, calories_max, total_booking_count, day_of_week) VALUES (86, '阶梯踏板训练', '利用踏板进行有氧训练，锻炼心肺功能与腿部力量', 3, '有氧燃脂', '19:56:29.583345', '20:56:29.583345', 24, 1, 'https://images.unsplash.com/photo-1518310383802-640c2de311b2?w=800', true, '2026-03-26 01:56:29.583345', '2026-05-09 20:54:55.250113', '初级', 50, 300, 450, 16, 1);
INSERT INTO public.fitness_course (id, course_name, description, coach_id, category, start_time, end_time, capacity, status, image_url, deleted, create_time, update_time, difficulty_level, duration_minutes, calories_min, calories_max, total_booking_count, day_of_week) VALUES (88, '有氧舞蹈派对', '结合流行舞蹈的有氧运动，快乐燃脂不枯燥', 3, '有氧燃脂', '20:56:29.583345', '21:56:29.583345', 30, 1, 'https://images.unsplash.com/photo-1524594152303-9fd13543fe6e?w=800', true, '2026-03-26 01:56:29.583345', '2026-05-09 20:54:59.922054', '初级', 50, 350, 500, 25, 1);
INSERT INTO public.fitness_course (id, course_name, description, coach_id, category, start_time, end_time, capacity, status, image_url, deleted, create_time, update_time, difficulty_level, duration_minutes, calories_min, calories_max, total_booking_count, day_of_week) VALUES (85, '搏击有氧操', '结合拳击动作的有氧运动，燃脂解压，提升协调性', 4, '有氧燃脂', '20:56:29', '21:56:29', 28, 2, 'https://images.unsplash.com/photo-1549576490-b0b4831ef60a?w=800', true, '2026-03-26 01:56:29.583345', '2026-05-09 20:55:03.161167', '中级', 60, 450, 650, 20, 1);
INSERT INTO public.fitness_course (id, course_name, description, coach_id, category, start_time, end_time, capacity, status, image_url, deleted, create_time, update_time, difficulty_level, duration_minutes, calories_min, calories_max, total_booking_count, day_of_week) VALUES (80, '手臂力量轰炸', '二头肌与三头肌超级组训练，突破臂围瓶颈，高效刺激双臂肌群，提升力量与耐力。', 3, '力量训练', '10:56:29', '11:56:29', 20, 1, 'http://localhost:9000/fitness-bucket/courses/589bd94f-3ee4-4cd0-9896-528bcd2d2930.webp', true, '2026-03-26 01:56:29.577083', '2026-05-09 20:55:06.099373', '中级', 40, 250, 400, 15, 1);
INSERT INTO public.fitness_course (id, course_name, description, coach_id, category, start_time, end_time, capacity, status, image_url, deleted, create_time, update_time, difficulty_level, duration_minutes, calories_min, calories_max, total_booking_count, day_of_week) VALUES (79, '肩部塑形训练', '针对三角肌前中后束的专项训练，打造立体肩部，配备多角度固定式肩推与侧平举、高低坐姿推举等模块，多点位激活并塑形肩峰线，提供可调阻力与多档位选择，满足进阶塑形与力量提升需求。', 4, '力量训练', '17:56:29', '18:56:29', 18, 1, 'https://images.unsplash.com/photo-1583454110551-21f2fa2afe61?w=800', true, '2026-03-26 01:56:29.577083', '2026-05-09 20:55:08.559009', '中级', 45, 300, 450, 12, 1);
INSERT INTO public.fitness_course (id, course_name, description, coach_id, category, start_time, end_time, capacity, status, image_url, deleted, create_time, update_time, difficulty_level, duration_minutes, calories_min, calories_max, total_booking_count, day_of_week) VALUES (76, '杠铃深蹲特训', '系统掌握杠铃深蹲要领，强化下肢力量与核心稳定，提升运动表现与体态控制。', 3, '力量训练', '10:56:29', '11:56:29', 15, 1, 'https://images.unsplash.com/photo-1534367507873-d2d7e24c797f?w=800', true, '2026-03-26 01:56:29.577083', '2026-05-09 20:55:10.854485', '高级', 60, 400, 600, 8, 1);
INSERT INTO public.fitness_course (id, course_name, description, coach_id, category, start_time, end_time, capacity, status, image_url, deleted, create_time, update_time, difficulty_level, duration_minutes, calories_min, calories_max, total_booking_count, day_of_week) VALUES (81, '全身力量循环', '以复合动作为核心构建力量循环训练，系统提升全身整体力量水平。', 4, '力量训练', '16:56:29', '18:26:29', 16, 1, 'https://images.unsplash.com/photo-1534438327276-14e5300c3a48?w=800', true, '2026-03-26 01:56:29.577083', '2026-05-09 20:55:13.180699', '初级', 90, 500, 800, 10, 1);
INSERT INTO public.fitness_course (id, course_name, description, coach_id, category, start_time, end_time, capacity, status, image_url, deleted, create_time, update_time, difficulty_level, duration_minutes, calories_min, calories_max, total_booking_count, day_of_week) VALUES (77, '胸背超级组训练', '胸肌与背部肌群交替训练，打造完美上半身线条', 4, '力量训练', '15:56:29', '16:56:29', 12, 1, 'http://localhost:9000/fitness-bucket/courses/5f60ffe5-754b-4ad1-b974-94632893fc96.jpg', true, '2026-03-26 01:56:29.577083', '2026-05-09 20:55:15.749797', '中级', 50, 350, 550, 6, 1);
INSERT INTO public.fitness_course (id, course_name, description, coach_id, category, start_time, end_time, capacity, status, image_url, deleted, create_time, update_time, difficulty_level, duration_minutes, calories_min, calories_max, total_booking_count, day_of_week) VALUES (82, '燃脂动感单车', '高强度骑行训练，提供电动与手动双模式，心率与阻力可调，高强度间歇训练与节奏训练可选，提升心肺耐力与燃脂效率，适用于体能强化与耐力提升。', 3, '有氧燃脂', '19:56:29', '20:56:29', 25, 1, 'http://localhost:9000/fitness-bucket/courses/0da9ecfc-d9be-4659-85f6-9c072b1df915.webp', false, '2026-03-26 01:56:29.583345', '2026-05-29 00:58:54.553271', '中级', 45, 400, 600, 21, 5);
INSERT INTO public.fitness_course (id, course_name, description, coach_id, category, start_time, end_time, capacity, status, image_url, deleted, create_time, update_time, difficulty_level, duration_minutes, calories_min, calories_max, total_booking_count, day_of_week) VALUES (103, '肩颈舒缓康复', '针对肩颈僵硬的康复训练，专为缓解办公室综合症量身打造。采用科学的肩颈放松与激活方案，结合颈部、肩部及上背部的渐进式拉伸与强化训练，促进血液循环、缓解肌肉紧张，有效改善由长时间伏案与久坐引发的肩颈僵硬与疼痛，提升工作舒适度与效率。', 3, '康复体态', '13:56:29', '14:56:29', 20, 1, 'https://images.unsplash.com/photo-1575052814086-f385e2e2ad1b?w=800', true, '2026-03-26 01:56:29.59211', '2026-04-07 16:16:31.864845', '初级', 45, 150, 250, 16, 1);
INSERT INTO public.fitness_course (id, course_name, description, coach_id, category, start_time, end_time, capacity, status, image_url, deleted, create_time, update_time, difficulty_level, duration_minutes, calories_min, calories_max, total_booking_count, day_of_week) VALUES (92, '空中瑜伽入门', '利用吊床进行的瑜伽练习，增强核心与柔韧性', 4, '瑜伽普拉提', '12:56:29.585409', '13:56:29.585409', 10, 1, 'https://images.unsplash.com/photo-1599901860904-17e6ed7083a0?w=800', true, '2026-03-26 01:56:29.585409', '2026-04-08 22:48:06.566039', '中级', 60, 200, 350, 6, 1);
INSERT INTO public.fitness_course (id, course_name, description, coach_id, category, start_time, end_time, capacity, status, image_url, deleted, create_time, update_time, difficulty_level, duration_minutes, calories_min, calories_max, total_booking_count, day_of_week) VALUES (95, '泰拳实战技巧', '学习泰拳基础动作，提升力量与反应速度。提供泰拳基础课程，系统训练踢、打、闪避等核心动作，结合力量与反应训练，强化实战应变与体能耐受，提升整体格斗能力与身体协调性。', 3, '拳击格斗', '14:56:29', '15:56:29', 12, 1, 'http://localhost:9000/fitness-bucket/courses/7ba89f77-3768-4df9-8c29-4ff4bd0e4a7d.webp', true, '2026-03-26 01:56:29.588186', '2026-05-09 20:53:48.754354', '中级', 60, 450, 700, 7, 4);
INSERT INTO public.fitness_course (id, course_name, description, coach_id, category, start_time, end_time, capacity, status, image_url, deleted, create_time, update_time, difficulty_level, duration_minutes, calories_min, calories_max, total_booking_count, day_of_week) VALUES (96, '综合格斗训练', '融合拳击、踢拳、摔跤的综合格斗技术训练', 4, '拳击格斗', '14:56:29.588186', '15:56:29.588186', 10, 1, 'https://images.unsplash.com/photo-1555597673-b21d5c935865?w=800', true, '2026-03-26 01:56:29.588186', '2026-05-09 20:53:51.653938', '高级', 60, 500, 800, 5, 1);
INSERT INTO public.fitness_course (id, course_name, description, coach_id, category, start_time, end_time, capacity, status, image_url, deleted, create_time, update_time, difficulty_level, duration_minutes, calories_min, calories_max, total_booking_count, day_of_week) VALUES (93, '垫上普拉提塑形', '经典垫上普拉提动作，塑造修长线条与优雅体态', 3, '瑜伽普拉提', '11:56:29.585409', '12:56:29.585409', 16, 1, 'https://images.unsplash.com/photo-1575052814086-f385e2e2ad1b?w=800', true, '2026-03-26 01:56:29.585409', '2026-05-09 20:54:17.559982', '初级', 50, 180, 300, 10, 1);
INSERT INTO public.fitness_course (id, course_name, description, coach_id, category, start_time, end_time, capacity, status, image_url, deleted, create_time, update_time, difficulty_level, duration_minutes, calories_min, calories_max, total_booking_count, day_of_week) VALUES (97, '防身术实战', '实用的自我防卫技巧与情景模拟训练', 3, '拳击格斗', '15:56:29.588186', '16:56:29.588186', 20, 1, 'https://images.unsplash.com/photo-1555597673-b21d5c935865?w=800', true, '2026-03-26 01:56:29.588186', '2026-05-09 20:54:25.647635', '中级', 60, 350, 550, 12, 1);
INSERT INTO public.fitness_course (id, course_name, description, coach_id, category, start_time, end_time, capacity, status, image_url, deleted, create_time, update_time, difficulty_level, duration_minutes, calories_min, calories_max, total_booking_count, day_of_week) VALUES (105, '产后修复训练', '专为产后妈妈定制盆底肌与腹直肌科学修复方案。针对分娩造成的肌群损伤与松弛，采用精准训练深层激活盆底肌，强化腹直肌力量，有效改善漏尿、腹直肌分离及腰腹松弛问题。通过循序渐进的专业指导，帮助妈妈重塑核心稳定性，加速身体机能恢复，重拾紧致体态与自信风采。', 3, '康复体态', '15:56:29', '16:56:29', 12, 1, 'https://images.unsplash.com/photo-1518310383802-640c2de311b2?w=800', true, '2026-03-26 01:56:29.59211', '2026-05-09 20:55:23.966737', '初级', 45, 120, 200, 8, 2);
INSERT INTO public.fitness_course (id, course_name, description, coach_id, category, start_time, end_time, capacity, status, image_url, deleted, create_time, update_time, difficulty_level, duration_minutes, calories_min, calories_max, total_booking_count, day_of_week) VALUES (104, '脊柱侧弯矫正', '借助科学系统的专业训练，针对性矫正脊柱侧弯问题。通过强化核心肌群与优化体态排列，有效改善脊柱生理曲度，帮助身体重获自然平衡与挺拔姿态，从而提升整体健康气质。', 4, '康复体态', '13:56:29', '14:56:29', 15, 1, 'https://images.unsplash.com/photo-1506126613408-eca07ce68773?w=800', true, '2026-03-26 01:56:29.59211', '2026-05-09 20:55:27.335593', '中级', 50, 180, 300, 10, 1);
INSERT INTO public.fitness_course (id, course_name, description, coach_id, category, start_time, end_time, capacity, status, image_url, deleted, create_time, update_time, difficulty_level, duration_minutes, calories_min, calories_max, total_booking_count, day_of_week) VALUES (100, '爵士舞基础', '学习爵士舞基本动作与组合，提升身体协调性', 4, '舞蹈操课', '18:56:29.59005', '19:56:29.59005', 25, 1, 'https://images.unsplash.com/photo-1508700115892-45ecd05ae2ad?w=800', true, '2026-03-26 01:56:29.59005', '2026-05-09 20:55:31.887251', '初级', 60, 300, 450, 15, 1);
INSERT INTO public.fitness_course (id, course_name, description, coach_id, category, start_time, end_time, capacity, status, image_url, deleted, create_time, update_time, difficulty_level, duration_minutes, calories_min, calories_max, total_booking_count, day_of_week) VALUES (102, '民族健身操', '本套健身操创新融合了民族舞蹈的艺术精髓，将传统舞姿的柔美韵律与现代健身的科学节奏完美结合。在律动中，不仅能有效提升心肺功能、强健体魄，更能陶冶情操、展现优雅体态。它打破了传统健身的枯燥，实现了健康体魄与艺术修养的双重提升，让每一次跃动都成为一场身心合一的悦动体验。', 33, '舞蹈操课', '18:56:29', '19:56:29', 32, 1, 'http://localhost:9000/fitness-bucket/courses/cdce174a-912b-403a-8f12-e0b7977098da.jpg', true, '2026-03-26 01:56:29.59005', '2026-05-09 20:55:34.384386', '高级', 65, 300, 400, 20, 4);
INSERT INTO public.fitness_course (id, course_name, description, coach_id, category, start_time, end_time, capacity, status, image_url, deleted, create_time, update_time, difficulty_level, duration_minutes, calories_min, calories_max, total_booking_count, day_of_week) VALUES (101, '街舞Hip-Hop', '学习Hip-Hop基础律动与舞步，释放青春活力', 33, '舞蹈操课', '21:56:29.59005', '22:56:29.59005', 28, 1, 'https://images.unsplash.com/photo-1535525153412-5a42439a210d?w=800', false, '2026-03-26 01:56:29.59005', '2026-05-27 12:12:34.41754', '中级', 60, 350, 500, 21, 6);
INSERT INTO public.fitness_course (id, course_name, description, coach_id, category, start_time, end_time, capacity, status, image_url, deleted, create_time, update_time, difficulty_level, duration_minutes, calories_min, calories_max, total_booking_count, day_of_week) VALUES (91, '阴瑜伽深度放松', '长时间保持体式，深度拉伸结缔组织，缓解压力', 33, '瑜伽普拉提', '21:56:29.585409', '23:26:29.585409', 18, 1, 'https://images.unsplash.com/photo-1506126613408-eca07ce68773?w=800', false, '2026-03-26 01:56:29.585409', '2026-05-27 20:39:28.198314', '初级', 90, 150, 250, 15, 4);
INSERT INTO public.fitness_course (id, course_name, description, coach_id, category, start_time, end_time, capacity, status, image_url, deleted, create_time, update_time, difficulty_level, duration_minutes, calories_min, calories_max, total_booking_count, day_of_week) VALUES (94, '拳击基础入门', '学习拳击基本拳法、步法与防守技巧', 4, '拳击格斗', '14:56:29.588186', '15:56:29.588186', 15, 1, 'https://images.unsplash.com/photo-1549719386-74dfcbf7dbed?w=800', false, '2026-03-26 01:56:29.588186', '2026-05-29 00:59:01.60918', '初级', 60, 400, 600, 13, 3);
INSERT INTO public.fitness_course (id, course_name, description, coach_id, category, start_time, end_time, capacity, status, image_url, deleted, create_time, update_time, difficulty_level, duration_minutes, calories_min, calories_max, total_booking_count, day_of_week) VALUES (99, 'Zumba尊巴舞', '拉丁风格有氧舞蹈，热情奔放，以律动与节奏燃脂塑形，融合踢踏、摇摆与旋转，提升心肺耐力与核心控制。', 32, '舞蹈操课', '21:56:29', '22:56:29', 30, 1, 'http://localhost:9000/fitness-bucket/courses/50e9109f-1dbd-476f-b23c-02d9d8266994.jpg', false, '2026-03-26 01:56:29.59005', '2026-05-29 02:34:35.148581', '初级', 50, 350, 500, 30, 1);


--
-- Data for Name: fitness_booking; Type: TABLE DATA; Schema: public; Owner: fitness_user
--

INSERT INTO public.fitness_booking (id, user_id, course_id, booking_time, status, cancel_reason, deleted, create_time, update_time, session_id) VALUES (30, 25, 99, '2026-05-26 19:55:33.439272', 2, '会员取消预约', false, '2026-05-26 19:55:33.439895', '2026-05-27 00:55:55.364961', 45);
INSERT INTO public.fitness_booking (id, user_id, course_id, booking_time, status, cancel_reason, deleted, create_time, update_time, session_id) VALUES (34, 25, 99, '2026-05-27 00:55:58.011905', 1, NULL, false, '2026-05-27 00:55:58.016794', '2026-05-27 00:55:58.016794', 45);
INSERT INTO public.fitness_booking (id, user_id, course_id, booking_time, status, cancel_reason, deleted, create_time, update_time, session_id) VALUES (32, 25, 101, '2026-05-26 20:13:04.613986', 2, '会员取消预约', false, '2026-05-26 20:13:04.617405', '2026-05-27 01:50:57.070164', 41);
INSERT INTO public.fitness_booking (id, user_id, course_id, booking_time, status, cancel_reason, deleted, create_time, update_time, session_id) VALUES (36, 42, 101, '2026-05-27 02:11:58.084479', 1, NULL, false, '2026-05-27 02:11:58.085561', '2026-05-27 02:11:58.085561', 41);
INSERT INTO public.fitness_booking (id, user_id, course_id, booking_time, status, cancel_reason, deleted, create_time, update_time, session_id) VALUES (37, 42, 99, '2026-05-27 02:12:04.095103', 1, NULL, false, '2026-05-27 02:12:04.096132', '2026-05-27 02:12:04.096132', 45);
INSERT INTO public.fitness_booking (id, user_id, course_id, booking_time, status, cancel_reason, deleted, create_time, update_time, session_id) VALUES (38, 25, 94, '2026-05-27 02:57:59.436194', 2, '会员取消预约', false, '2026-05-27 02:57:59.437689', '2026-05-27 02:58:02.965761', 49);
INSERT INTO public.fitness_booking (id, user_id, course_id, booking_time, status, cancel_reason, deleted, create_time, update_time, session_id) VALUES (35, 25, 82, '2026-05-27 01:51:00.223136', 2, '会员取消预约', false, '2026-05-27 01:51:00.226469', '2026-05-27 12:12:29.556576', 39);
INSERT INTO public.fitness_booking (id, user_id, course_id, booking_time, status, cancel_reason, deleted, create_time, update_time, session_id) VALUES (39, 25, 101, '2026-05-27 12:12:34.431703', 1, NULL, false, '2026-05-27 12:12:34.435642', '2026-05-27 12:12:34.435642', 41);
INSERT INTO public.fitness_booking (id, user_id, course_id, booking_time, status, cancel_reason, deleted, create_time, update_time, session_id) VALUES (40, 44, 91, '2026-05-27 19:00:50.280303', 2, '会员取消预约', false, '2026-05-27 19:00:50.281819', '2026-05-27 19:00:52.875459', 43);
INSERT INTO public.fitness_booking (id, user_id, course_id, booking_time, status, cancel_reason, deleted, create_time, update_time, session_id) VALUES (41, 44, 99, '2026-05-27 19:00:55.42083', 1, NULL, false, '2026-05-27 19:00:55.421848', '2026-05-27 19:00:55.421848', 45);
INSERT INTO public.fitness_booking (id, user_id, course_id, booking_time, status, cancel_reason, deleted, create_time, update_time, session_id) VALUES (43, 25, 91, '2026-05-27 20:39:28.723845', 2, '会员取消预约', false, '2026-05-27 20:39:28.728136', '2026-05-27 20:39:31.495401', 43);
INSERT INTO public.fitness_booking (id, user_id, course_id, booking_time, status, cancel_reason, deleted, create_time, update_time, session_id) VALUES (44, 37, 99, '2026-05-27 23:34:15.915431', 1, NULL, false, '2026-05-27 23:34:15.915431', '2026-05-27 23:34:15.915431', 45);
INSERT INTO public.fitness_booking (id, user_id, course_id, booking_time, status, cancel_reason, deleted, create_time, update_time, session_id) VALUES (45, 37, 82, '2026-05-27 23:34:17.940127', 1, NULL, false, '2026-05-27 23:34:17.940127', '2026-05-27 23:34:17.940127', 39);
INSERT INTO public.fitness_booking (id, user_id, course_id, booking_time, status, cancel_reason, deleted, create_time, update_time, session_id) VALUES (46, 45, 82, '2026-05-29 00:58:54.581368', 1, NULL, false, '2026-05-29 00:58:54.581368', '2026-05-29 00:58:54.581368', 39);
INSERT INTO public.fitness_booking (id, user_id, course_id, booking_time, status, cancel_reason, deleted, create_time, update_time, session_id) VALUES (47, 45, 94, '2026-05-29 00:59:01.699073', 1, NULL, false, '2026-05-29 00:59:01.699073', '2026-05-29 00:59:01.699073', 50);
INSERT INTO public.fitness_booking (id, user_id, course_id, booking_time, status, cancel_reason, deleted, create_time, update_time, session_id) VALUES (42, 44, 91, '2026-05-27 19:03:29.470159', 3, NULL, false, '2026-05-27 19:03:29.470159', '2026-05-29 02:00:00.016958', 43);
INSERT INTO public.fitness_booking (id, user_id, course_id, booking_time, status, cancel_reason, deleted, create_time, update_time, session_id) VALUES (48, 45, 99, '2026-05-29 02:34:35.273977', 1, NULL, false, '2026-05-29 02:34:35.275487', '2026-05-29 02:34:35.275487', 45);
INSERT INTO public.fitness_booking (id, user_id, course_id, booking_time, status, cancel_reason, deleted, create_time, update_time, session_id) VALUES (29, 25, 99, '2026-05-26 19:54:30.717794', 2, '会员取消预约', false, '2026-05-26 19:54:30.720446', '2026-05-26 19:55:29.126798', 45);


--
-- Data for Name: fitness_course_session; Type: TABLE DATA; Schema: public; Owner: fitness_user
--

INSERT INTO public.fitness_course_session (id, course_id, session_date, day_of_week, start_time, end_time, status, capacity, booked_count, create_time, update_time, deleted) VALUES (47, 108, '2026-06-01', 1, '20:56:59', '21:56:44', 3, 20, 0, '2026-05-26 19:45:34.737916', '2026-05-26 20:14:56.977716', false);
INSERT INTO public.fitness_course_session (id, course_id, session_date, day_of_week, start_time, end_time, status, capacity, booked_count, create_time, update_time, deleted) VALUES (41, 101, '2026-05-30', 6, '21:56:29.59005', '22:56:29.59005', 0, 28, 2, '2026-05-26 19:45:34.682107', '2026-05-27 12:12:34.41754', false);
INSERT INTO public.fitness_course_session (id, course_id, session_date, day_of_week, start_time, end_time, status, capacity, booked_count, create_time, update_time, deleted) VALUES (39, 82, '2026-05-29', 5, '19:56:29', '20:56:29', 0, 25, 2, '2026-05-26 19:45:34.086851', '2026-05-29 00:58:54.553271', false);
INSERT INTO public.fitness_course_session (id, course_id, session_date, day_of_week, start_time, end_time, status, capacity, booked_count, create_time, update_time, deleted) VALUES (50, 94, '2026-06-03', 3, '14:56:29.588186', '15:56:29.588186', 0, 15, 1, '2026-05-26 19:45:34.769934', '2026-05-29 00:59:01.60918', false);
INSERT INTO public.fitness_course_session (id, course_id, session_date, day_of_week, start_time, end_time, status, capacity, booked_count, create_time, update_time, deleted) VALUES (49, 94, '2026-05-27', 3, '14:56:29.588186', '15:56:29.588186', 2, 15, 0, '2026-05-26 19:45:34.756465', '2026-05-29 02:00:00.016958', false);
INSERT INTO public.fitness_course_session (id, course_id, session_date, day_of_week, start_time, end_time, status, capacity, booked_count, create_time, update_time, deleted) VALUES (43, 91, '2026-05-28', 4, '21:56:29.585409', '23:26:29.585409', 2, 18, 1, '2026-05-26 19:45:34.695912', '2026-05-29 02:00:00.016958', false);
INSERT INTO public.fitness_course_session (id, course_id, session_date, day_of_week, start_time, end_time, status, capacity, booked_count, create_time, update_time, deleted) VALUES (45, 99, '2026-06-01', 1, '21:56:29', '22:56:29', 0, 30, 5, '2026-05-26 19:45:34.717789', '2026-05-29 02:34:35.148581', false);
INSERT INTO public.fitness_course_session (id, course_id, session_date, day_of_week, start_time, end_time, status, capacity, booked_count, create_time, update_time, deleted) VALUES (40, 82, '2026-06-05', 5, '19:56:29', '20:56:29', 0, 25, 0, '2026-05-26 19:45:34.094907', '2026-05-26 19:45:34.094907', false);
INSERT INTO public.fitness_course_session (id, course_id, session_date, day_of_week, start_time, end_time, status, capacity, booked_count, create_time, update_time, deleted) VALUES (42, 101, '2026-06-06', 6, '21:56:29.59005', '22:56:29.59005', 0, 28, 0, '2026-05-26 19:45:34.684528', '2026-05-26 19:45:34.684528', false);
INSERT INTO public.fitness_course_session (id, course_id, session_date, day_of_week, start_time, end_time, status, capacity, booked_count, create_time, update_time, deleted) VALUES (44, 91, '2026-06-04', 4, '21:56:29.585409', '23:26:29.585409', 0, 18, 0, '2026-05-26 19:45:34.701494', '2026-05-26 19:45:34.701494', false);
INSERT INTO public.fitness_course_session (id, course_id, session_date, day_of_week, start_time, end_time, status, capacity, booked_count, create_time, update_time, deleted) VALUES (46, 99, '2026-06-08', 1, '21:56:29', '22:56:29', 0, 30, 0, '2026-05-26 19:45:34.723333', '2026-05-26 19:45:34.723333', false);
INSERT INTO public.fitness_course_session (id, course_id, session_date, day_of_week, start_time, end_time, status, capacity, booked_count, create_time, update_time, deleted) VALUES (48, 108, '2026-06-08', 1, '20:56:59', '21:56:44', 0, 20, 0, '2026-05-26 19:45:34.74123', '2026-05-26 19:45:34.74123', false);


--
-- Data for Name: fitness_equipment; Type: TABLE DATA; Schema: public; Owner: fitness_user
--

INSERT INTO public.fitness_equipment (id, equipment_name, location, status, description, image_url, purchase_date, deleted, create_time, update_time, type_code, equipment_no) VALUES (8, '瑜伽球', '瑜伽区-C02', 1, '平衡训练瑜伽球，大直径高回弹材质，提供稳定支撑与柔和缓冲，适用于核心稳定性、平衡力与柔韧性的综合训练，多种站姿与动作可有效提升身体控制与协调性。', 'http://localhost:9000/fitness-bucket/images/5f937e1c-1edc-40e1-a35e-2caf08aae1ad.webp', '2024-03-01', false, '2026-03-17 20:16:05.381041', '2026-04-07 02:55:27.008928', 'FUNCTIONAL', NULL);
INSERT INTO public.fitness_equipment (id, equipment_name, location, status, description, image_url, purchase_date, deleted, create_time, update_time, type_code, equipment_no) VALUES (60, 'xxx', 'xxx', 1, NULL, NULL, '2026-05-27', true, '2026-05-17 16:50:54.891662', '2026-05-17 16:51:00.050433', 'CARDIO', 'xxx');
INSERT INTO public.fitness_equipment (id, equipment_name, location, status, description, image_url, purchase_date, deleted, create_time, update_time, type_code, equipment_no) VALUES (15, '高位下拉器', 'A2', 1, 'xxx', 'http://localhost:9000/fitness-bucket/images/526b286b-71f9-43cc-947e-1fd47fd98b50.webp', '2026-03-08', false, '2026-03-20 10:03:59.910009', '2026-03-27 06:20:17.016147', 'STRENGTH', NULL);
INSERT INTO public.fitness_equipment (id, equipment_name, location, status, description, image_url, purchase_date, deleted, create_time, update_time, type_code, equipment_no) VALUES (1, '跑步机 Pro', '有氧区-A01', 1, '商用级跑步机，支持多种训练模式', NULL, '2024-01-15', true, '2026-03-17 20:16:05.381041', '2026-03-19 14:05:52.913087', 'CARDIO', NULL);
INSERT INTO public.fitness_equipment (id, equipment_name, location, status, description, image_url, purchase_date, deleted, create_time, update_time, type_code, equipment_no) VALUES (3, '动感单车', '有氧区-A03', 1, '团体课程专用动感单车', NULL, '2024-02-01', true, '2026-03-17 20:16:05.381041', '2026-03-19 14:05:52.913087', 'CARDIO', NULL);
INSERT INTO public.fitness_equipment (id, equipment_name, location, status, description, image_url, purchase_date, deleted, create_time, update_time, type_code, equipment_no) VALUES (7, '瑜伽垫', '瑜伽区-C01', 1, '专业防滑瑜伽垫', 'http://localhost:9000/fitness-bucket/images/84ecc2e1-ed5c-4ecc-b8d4-30d7163d8920.webp', '2024-03-01', false, '2026-03-17 20:16:05.381041', '2026-04-02 19:40:40.957001', 'FUNCTIONAL', NULL);
INSERT INTO public.fitness_equipment (id, equipment_name, location, status, description, image_url, purchase_date, deleted, create_time, update_time, type_code, equipment_no) VALUES (33, '瑜伽球 65cm', '功能训练区-D01', 1, '加厚防爆瑜伽球，适合核心训练和平衡训练', NULL, '2024-01-30', true, '2026-03-28 11:27:11.898492', '2026-04-02 22:05:04.018688', 'FUNCTIONAL', 'FUNC-001');
INSERT INTO public.fitness_equipment (id, equipment_name, location, status, description, image_url, purchase_date, deleted, create_time, update_time, type_code, equipment_no) VALUES (24, '龙门架综合训练器', '力量区-B02', 1, '这款双滑轮龙门架设计专业，支持多样化的拉力训练，全方位刺激目标肌群。配备80kg配重系统，阻力调节灵活精准，满足从基础塑形到力量进阶的不同需求。其运行平稳流畅，是打造家庭健身房或提升商业健身区专业度的理想选择。', 'http://localhost:9000/fitness-bucket/images/a29ba2e2-f49c-4340-b090-38a2ad3a3776.webp', '2024-01-12', false, '2026-03-28 11:27:11.898492', '2026-04-02 22:08:37.868785', 'STRENGTH', 'STRENGTH-002');
INSERT INTO public.fitness_equipment (id, equipment_name, location, status, description, image_url, purchase_date, deleted, create_time, update_time, type_code, equipment_no) VALUES (26, '蝴蝶机', '力量区-B04', 1, '双轴设计专为胸肌训练打造，动作轨迹更自然流畅，提升训练效率与舒适度。', 'http://localhost:9000/fitness-bucket/images/b2761133-ade2-4183-8da7-aa8854a3333b.webp', '2024-02-05', false, '2026-03-28 11:27:11.898492', '2026-04-06 17:11:35.450184', 'STRENGTH', 'STRENGTH-004');
INSERT INTO public.fitness_equipment (id, equipment_name, location, status, description, image_url, purchase_date, deleted, create_time, update_time, type_code, equipment_no) VALUES (22, '登山机 C100', '有氧区-A02', 1, '商用登山机，大踏步设计，高踏步与宽踏板，承载力强，适合高强度间歇训练，提升心肺耐力与下肢爆发力。', 'http://localhost:9000/fitness-bucket/images/8f754d4d-352a-4388-a5d3-12cc774e95d0.webp', '2024-02-15', false, '2026-03-28 11:27:11.898492', '2026-05-14 16:46:19.323952', 'CARDIO', 'CARDIO-005');
INSERT INTO public.fitness_equipment (id, equipment_name, location, status, description, image_url, purchase_date, deleted, create_time, update_time, type_code, equipment_no) VALUES (27, '坐姿划船器', '力量区-B05', 1, '背部训练器械，可调节座椅和胸垫', 'http://localhost:9000/fitness-bucket/images/b93bee2e-a720-48c0-8fa4-05439f075f7a.webp', '2024-02-08', false, '2026-03-28 11:27:11.898492', '2026-05-17 14:34:44.027234', 'STRENGTH', 'STRENGTH-005');
INSERT INTO public.fitness_equipment (id, equipment_name, location, status, description, image_url, purchase_date, deleted, create_time, update_time, type_code, equipment_no) VALUES (4, '史密斯机', '力量区-B01', 1, '多功能力量训练设备', 'http://localhost:9000/fitness-bucket/images/86884a19-c437-4b0f-89c4-ee6607e31c44.png', '2024-01-20', false, '2026-03-17 20:16:05.381041', '2026-04-06 17:26:10.756131', 'STRENGTH', NULL);
INSERT INTO public.fitness_equipment (id, equipment_name, location, status, description, image_url, purchase_date, deleted, create_time, update_time, type_code, equipment_no) VALUES (25, '腿举训练器', '力量区-B03', 1, '45度倒蹬机专为腿部力量训练设计，提供高效稳定、多角度的训练体验，通过倾斜角度调节实现从坐姿到站姿的平滑过渡，兼顾爆发力与耐力的提升。', 'http://localhost:9000/fitness-bucket/images/5255958d-f107-45a6-8383-6d4904961526.webp', '2024-01-25', false, '2026-03-28 11:27:11.898492', '2026-04-07 02:42:10.683452', 'STRENGTH', 'STRENGTH-003');
INSERT INTO public.fitness_equipment (id, equipment_name, location, status, description, image_url, purchase_date, deleted, create_time, update_time, type_code, equipment_no) VALUES (35, '泡沫轴', '功能训练区-D03', 1, '高密度EVA泡沫轴，肌肉放松和筋膜松解', 'http://localhost:9000/fitness-bucket/images/4eda3da5-5023-457b-8076-e7020f52a711.webp', '2024-02-14', false, '2026-03-28 11:27:11.898492', '2026-04-07 02:24:15.754103', 'FUNCTIONAL', 'FUNC-003');
INSERT INTO public.fitness_equipment (id, equipment_name, location, status, description, image_url, purchase_date, deleted, create_time, update_time, type_code, equipment_no) VALUES (31, '壶铃套装', '自由重量区-C04', 1, '4-24kg壶铃套装，铸铁材质，彩色标识', 'http://localhost:9000/fitness-bucket/images/50b712ab-fb6e-4c07-b8c1-cc41a466da04.webp', '2024-02-12', false, '2026-03-28 11:27:11.898492', '2026-04-13 00:59:47.69734', 'FREE_WEIGHT', 'FREE-004');
INSERT INTO public.fitness_equipment (id, equipment_name, location, status, description, image_url, purchase_date, deleted, create_time, update_time, type_code, equipment_no) VALUES (18, '商用跑步机 X1', '有氧区-A01', 1, '这款高端商用跑步机专为专业健身打造，搭载15.6寸高清触控大屏，交互流畅灵敏。内置沉浸式虚拟场景跑步系统，让您在室内也能体验户外奔跑的乐趣。卓越的性能配置结合智能科技，不仅提升了运动趣味性，更为用户带来前所未有的专业健身体验。', 'http://localhost:9000/fitness-bucket/images/2a4e805e-b137-47c5-be32-e3b3e005e00a.webp', '2024-01-15', false, '2026-03-28 11:27:11.898492', '2026-04-13 00:59:56.651807', 'CARDIO', 'CARDIO-001');
INSERT INTO public.fitness_equipment (id, equipment_name, location, status, description, image_url, purchase_date, deleted, create_time, update_time, type_code, equipment_no) VALUES (30, '橡胶包胶杠铃片套装', '自由重量区-C03', 1, '2.5kg-25kg全套橡胶包胶杠铃片，保护地板', 'http://localhost:9000/fitness-bucket/images/71d74753-bb23-4ac3-a041-6ca2dc51e2e4.webp', '2024-01-28', false, '2026-03-28 11:27:11.898492', '2026-04-13 01:08:18.480901', 'FREE_WEIGHT', 'FREE-003');
INSERT INTO public.fitness_equipment (id, equipment_name, location, status, description, image_url, purchase_date, deleted, create_time, update_time, type_code, equipment_no) VALUES (16, '深蹲架', 'A01', 1, NULL, 'http://localhost:9000/fitness-bucket/images/ea53a474-7913-4b91-8891-affab9c4c817.webp', '2026-03-08', false, '2026-03-20 10:04:54.512749', '2026-03-27 06:20:17.016147', 'STRENGTH', NULL);
INSERT INTO public.fitness_equipment (id, equipment_name, location, status, description, image_url, purchase_date, deleted, create_time, update_time, type_code, equipment_no) VALUES (23, '史密斯训练架', '力量区-B01', 1, '史密斯深蹲器采用可调支架与安全锁设计，提供稳定可控的深蹲与腿举训练。', 'http://localhost:9000/fitness-bucket/images/6b017543-142a-422b-8f38-0caa3137bce0.webp', '2024-01-10', false, '2026-03-28 11:27:11.898492', '2026-04-13 18:35:46.637393', 'STRENGTH', 'STRENGTH-001');
INSERT INTO public.fitness_equipment (id, equipment_name, location, status, description, image_url, purchase_date, deleted, create_time, update_time, type_code, equipment_no) VALUES (32, '平板卧推凳', '自由重量区-C05', 0, '商用级卧推凳，承重400kg，防滑皮革', 'http://localhost:9000/fitness-bucket/images/3918b0cb-d3b7-4847-a625-401252e414d1.webp', '2024-02-18', false, '2026-03-28 11:27:11.898492', '2026-05-15 21:08:39.479022', 'FREE_WEIGHT', 'FREE-005');
INSERT INTO public.fitness_equipment (id, equipment_name, location, status, description, image_url, purchase_date, deleted, create_time, update_time, type_code, equipment_no) VALUES (34, '弹力带套装', '功能训练区-D02', 2, '5种阻力级别的天然乳胶弹力带，提供柔韧与支撑的优质训练体验。', 'http://localhost:9000/fitness-bucket/images/4800b936-589d-4380-8b88-19cd1eb0ac16.jpg', '2024-02-03', false, '2026-03-28 11:27:11.898492', '2026-05-15 23:59:28.06816', 'ACCESSORY', 'FUNC-002');
INSERT INTO public.fitness_equipment (id, equipment_name, location, status, description, image_url, purchase_date, deleted, create_time, update_time, type_code, equipment_no) VALUES (19, '椭圆机 E500', '有氧区-A02', 1, '这款风阻划船机通过精密气流技术，完美还原真实水上划船的流畅质感。它能调动全身约80%的肌肉群参与运动，提供高效的心肺功能训练与力量塑形，实现低冲击、高燃脂的全身有氧锻炼。无论是追求专业竞技效果，还是居家健身塑形，都能为您带来沉浸式的运动体验。', 'http://localhost:9000/fitness-bucket/images/e07bbab0-9357-4271-952a-ca20621624b3.webp', '2024-01-20', false, '2026-03-28 11:27:11.898492', '2026-05-17 14:37:40.377634', 'CARDIO', 'CARDIO-002');
INSERT INTO public.fitness_equipment (id, equipment_name, location, status, description, image_url, purchase_date, deleted, create_time, update_time, type_code, equipment_no) VALUES (2, '椭圆机 Elite', '有氧区-A02', 2, '低冲击有氧设备，低冲击高安全，适合关节敏感人群，提供稳定心肺耐力提升与流畅运动体验。', 'http://localhost:9000/fitness-bucket/images/653afdda-db04-4610-bdfc-1cebbbbda872.webp', '2024-01-15', false, '2026-03-17 20:16:05.381041', '2026-05-17 14:38:52.310235', 'CARDIO', NULL);
INSERT INTO public.fitness_equipment (id, equipment_name, location, status, description, image_url, purchase_date, deleted, create_time, update_time, type_code, equipment_no) VALUES (5, '哑铃套装', '力量区-B02', 1, '2.5kg-50kg全套哑铃', 'http://localhost:9000/fitness-bucket/images/245766b9-567d-4c86-bc9a-c2d961e1b806.webp', '2024-01-20', false, '2026-03-17 20:16:05.381041', '2026-04-02 18:28:51.821793', 'FREE_WEIGHT', NULL);
INSERT INTO public.fitness_equipment (id, equipment_name, location, status, description, image_url, purchase_date, deleted, create_time, update_time, type_code, equipment_no) VALUES (28, '可调节哑铃套装', '自由重量区-C01', 1, '2.5-25kg可调节哑铃，快速调节重量设计', 'http://localhost:9000/fitness-bucket/images/960bcc89-c268-4913-985d-edd725ac7e7e.jpg', '2024-01-18', false, '2026-03-28 11:27:11.898492', '2026-04-02 18:29:02.231129', 'FREE_WEIGHT', 'FREE-001');
INSERT INTO public.fitness_equipment (id, equipment_name, location, status, description, image_url, purchase_date, deleted, create_time, update_time, type_code, equipment_no) VALUES (6, '龙门架', '力量区-B03', 1, '综合训练龙门架', 'http://localhost:9000/fitness-bucket/images/cc0d8a4b-a2df-4484-9131-74d4ded927e8.webp', '2024-02-10', true, '2026-03-17 20:16:05.381041', '2026-04-02 19:39:00.96767', 'STRENGTH', NULL);
INSERT INTO public.fitness_equipment (id, equipment_name, location, status, description, image_url, purchase_date, deleted, create_time, update_time, type_code, equipment_no) VALUES (36, '战绳 15米', '功能训练区-D04', 1, '尼龙战绳，直径38mm，爆发力训练', 'http://localhost:9000/fitness-bucket/images/927d642f-c144-41b0-9690-a3d7861a5c49.webp', '2024-02-20', false, '2026-03-28 11:27:11.898492', '2026-04-02 19:42:09.188089', 'FUNCTIONAL', 'FUNC-004');
INSERT INTO public.fitness_equipment (id, equipment_name, location, status, description, image_url, purchase_date, deleted, create_time, update_time, type_code, equipment_no) VALUES (29, '奥林匹克杠铃杆', '自由重量区-C02', 1, '2.2米奥林匹克标准杠铃杆，承重500kg', 'http://localhost:9000/fitness-bucket/images/89f93cc1-0835-4764-9680-fe7e28a83c46.webp', '2024-01-22', false, '2026-03-28 11:27:11.898492', '2026-04-02 19:45:07.882355', 'FREE_WEIGHT', 'FREE-002');
INSERT INTO public.fitness_equipment (id, equipment_name, location, status, description, image_url, purchase_date, deleted, create_time, update_time, type_code, equipment_no) VALUES (21, '划船机 R300', '有氧区-A04', 1, '这款风阻划船机精准模拟真实水上划行体验，带来流畅自然的运动轨迹。通过风阻调节系统，实现全身约80%肌肉群的协同参与，提供高效的有氧训练。无论是燃脂塑形还是体能提升，都能让您在每一次划动中感受专业级的运动效能，享受沉浸式的健身时光。', 'http://localhost:9000/fitness-bucket/images/4ad04cff-064f-4920-9195-7a2c98267a00.webp', '2024-02-10', false, '2026-03-28 11:27:11.898492', '2026-04-02 21:59:22.537753', 'CARDIO', 'CARDIO-004');
INSERT INTO public.fitness_equipment (id, equipment_name, location, status, description, image_url, purchase_date, deleted, create_time, update_time, type_code, equipment_no) VALUES (37, 'TRX悬挂训练带', '功能训练区-D05', 1, '专业悬挂训练系统，全身自重训练', NULL, '2024-02-25', false, '2026-03-28 11:27:11.898492', '2026-03-28 11:27:11.898492', 'FUNCTIONAL', 'FUNC-005');
INSERT INTO public.fitness_equipment (id, equipment_name, location, status, description, image_url, purchase_date, deleted, create_time, update_time, type_code, equipment_no) VALUES (20, '动感单车 S200', '有氧区-A03', 1, '商用动感单车，皮带传动静音设计，可调节座椅和把手', 'http://localhost:9000/fitness-bucket/images/28a815be-a2cd-4f77-ac7e-716a320d1422.webp', '2024-02-01', false, '2026-03-28 11:27:11.898492', '2026-04-13 18:38:50.499038', 'CARDIO', 'CARDIO-003');
INSERT INTO public.fitness_equipment (id, equipment_name, location, status, description, image_url, purchase_date, deleted, create_time, update_time, type_code, equipment_no) VALUES (59, '动感单车 S2001', 'xxx', 1, 'xxx', 'http://localhost:9000/fitness-bucket/images/5959f430-22ca-4c32-9e8e-cc13e0fd9fdd.webp', '2026-04-22', true, '2026-04-02 19:26:25.28299', '2026-04-02 19:35:21.862805', 'CARDIO', NULL);


--
-- Data for Name: fitness_equipment_repair; Type: TABLE DATA; Schema: public; Owner: fitness_user
--

INSERT INTO public.fitness_equipment_repair (id, user_id, description, status, handle_time, deleted, create_time, update_time, image_urls, handle_remark, equipment_id) VALUES (1, 25, 'xxx', 2, '2026-04-04 22:14:35.306398', true, '2026-04-04 22:13:54.526093', '2026-04-05 23:14:23.617881', 'http://localhost:9000/fitness-bucket/files/89ecc338-dd04-4ff1-b08d-1d809fb748a9.png', NULL, NULL);
INSERT INTO public.fitness_equipment_repair (id, user_id, description, status, handle_time, deleted, create_time, update_time, image_urls, handle_remark, equipment_id) VALUES (8, 25, '测试004', 3, '2026-04-06 16:51:19.512724', true, '2026-04-06 16:51:09.369138', '2026-04-06 17:02:46.029689', 'http://localhost:9000/fitness-bucket/repairs/9c39a49f-d8dc-4e81-b157-434b67c3f822.jpg', NULL, NULL);
INSERT INTO public.fitness_equipment_repair (id, user_id, description, status, handle_time, deleted, create_time, update_time, image_urls, handle_remark, equipment_id) VALUES (7, 25, '测试003', 2, '2026-04-06 16:50:23.290343', true, '2026-04-06 16:49:56.055261', '2026-04-06 17:02:48.824061', 'http://localhost:9000/fitness-bucket/repairs/65ca0152-13dd-4c1b-8687-6f589e9f3fd9.png,http://localhost:9000/fitness-bucket/repairs/5edc29e0-bb9d-4b18-85cd-b82fdf3ac949.png', NULL, NULL);
INSERT INTO public.fitness_equipment_repair (id, user_id, description, status, handle_time, deleted, create_time, update_time, image_urls, handle_remark, equipment_id) VALUES (6, 25, 'xxx', 3, '2026-04-06 16:43:54.77459', true, '2026-04-06 16:43:43.058732', '2026-04-06 17:02:51.551936', 'http://localhost:9000/fitness-bucket/repairs/f62e4c6a-13f9-4b5e-9748-90a0f28b6eaf.png', NULL, NULL);
INSERT INTO public.fitness_equipment_repair (id, user_id, description, status, handle_time, deleted, create_time, update_time, image_urls, handle_remark, equipment_id) VALUES (2, 25, '001错误', 2, '2026-04-09 13:24:30.287962', true, '2026-04-04 22:26:30.052957', '2026-04-12 21:54:07.51557', 'http://localhost:9000/fitness-bucket/files/f34b366a-ffae-49c6-b215-43747cac70c0.jpg,http://localhost:9000/fitness-bucket/files/fe84065e-9e16-4ea8-8618-0413ee69c72a.png', NULL, NULL);
INSERT INTO public.fitness_equipment_repair (id, user_id, description, status, handle_time, deleted, create_time, update_time, image_urls, handle_remark, equipment_id) VALUES (3, 25, '问题002', 2, '2026-04-06 16:49:30.925587', true, '2026-04-06 16:05:22.529138', '2026-04-12 21:54:09.151264', NULL, NULL, NULL);
INSERT INTO public.fitness_equipment_repair (id, user_id, description, status, handle_time, deleted, create_time, update_time, image_urls, handle_remark, equipment_id) VALUES (4, 25, 'xxx0001', 3, '2026-04-06 16:27:14.771295', true, '2026-04-06 16:21:10.279847', '2026-04-12 21:54:12.143257', 'http://localhost:9000/fitness-bucket/repairs/0a9921c3-55e3-4732-aa99-b1602cbb8206.png,http://localhost:9000/fitness-bucket/repairs/73f142a4-39c6-4756-9025-6d8408f91428.png,http://localhost:9000/fitness-bucket/repairs/875409f9-5358-4107-8d19-95389a2c6c5c.png', '没问题', NULL);
INSERT INTO public.fitness_equipment_repair (id, user_id, description, status, handle_time, deleted, create_time, update_time, image_urls, handle_remark, equipment_id) VALUES (10, 30, '缺少，需要补充', 2, '2026-04-12 21:55:38.166177', false, '2026-04-12 21:54:33.207576', '2026-04-12 21:55:37.336402', 'http://localhost:9000/fitness-bucket/repairs/6d5e593e-e92a-42a6-8c8e-53ac97c49b5a.png', '已补货加入到店铺', 34);
INSERT INTO public.fitness_equipment_repair (id, user_id, description, status, handle_time, deleted, create_time, update_time, image_urls, handle_remark, equipment_id) VALUES (5, 25, '测试提交2', 2, '2026-04-06 16:49:00.87907', true, '2026-04-06 16:28:34.931411', '2026-04-12 22:10:58.271189', 'http://localhost:9000/fitness-bucket/repairs/60c8e08e-f795-4d06-b584-ce39b9edecfb.png', NULL, NULL);
INSERT INTO public.fitness_equipment_repair (id, user_id, description, status, handle_time, deleted, create_time, update_time, image_urls, handle_remark, equipment_id) VALUES (12, 30, '不见了', 2, '2026-04-13 00:59:47.697862', false, '2026-04-13 00:59:04.062088', '2026-04-13 00:59:47.69734', 'http://localhost:9000/fitness-bucket/repairs/43ec6e0b-ad54-4699-aae5-031055aabf45.png', NULL, 31);
INSERT INTO public.fitness_equipment_repair (id, user_id, description, status, handle_time, deleted, create_time, update_time, image_urls, handle_remark, equipment_id) VALUES (11, 30, '坏了', 3, '2026-04-13 00:59:56.690443', false, '2026-04-13 00:37:40.879051', '2026-04-13 00:59:56.651807', 'http://localhost:9000/fitness-bucket/repairs/a536e834-42fc-4ea7-b64d-c18f6c2b5bfa.png', NULL, 18);
INSERT INTO public.fitness_equipment_repair (id, user_id, description, status, handle_time, deleted, create_time, update_time, image_urls, handle_remark, equipment_id) VALUES (9, 30, '卡顿', 1, NULL, true, '2026-04-12 21:53:23.267248', '2026-04-13 01:08:13.925153', 'http://localhost:9000/fitness-bucket/repairs/b6d5cf77-1c34-4ade-b612-a7ff22162f10.png', NULL, 20);
INSERT INTO public.fitness_equipment_repair (id, user_id, description, status, handle_time, deleted, create_time, update_time, image_urls, handle_remark, equipment_id) VALUES (13, 30, '少了几个', 2, '2026-04-13 01:08:18.480944', false, '2026-04-13 01:06:57.672812', '2026-04-13 01:08:18.480901', 'http://localhost:9000/fitness-bucket/repairs/468e87da-212d-4a2b-97c0-afef39a5d334.png', '进货', 30);
INSERT INTO public.fitness_equipment_repair (id, user_id, description, status, handle_time, deleted, create_time, update_time, image_urls, handle_remark, equipment_id) VALUES (15, 30, '不知道什么问题', 1, NULL, false, '2026-05-15 01:54:27.677008', '2026-05-15 01:54:57.764041', 'http://localhost:9000/fitness-bucket/repairs/91bce88d-2606-43ff-a2c4-cf061d98a77c.jpg', NULL, 27);
INSERT INTO public.fitness_equipment_repair (id, user_id, description, status, handle_time, deleted, create_time, update_time, image_urls, handle_remark, equipment_id) VALUES (16, 25, '螺丝掉了一个', 0, NULL, false, '2026-05-15 21:08:39.433555', '2026-05-15 21:08:39.433555', 'http://localhost:9000/fitness-bucket/repairs/80e3c246-78ea-452d-840e-92e52a956c58.jpg', NULL, 32);
INSERT INTO public.fitness_equipment_repair (id, user_id, description, status, handle_time, deleted, create_time, update_time, image_urls, handle_remark, equipment_id) VALUES (14, 30, '坏了', 2, '2026-04-13 18:38:50.502087', true, '2026-04-13 18:38:25.788034', '2026-05-17 01:07:57.959915', 'http://localhost:9000/fitness-bucket/repairs/cffa952f-1ac1-4037-a757-5e6ffe62ef88.png', NULL, 20);
INSERT INTO public.fitness_equipment_repair (id, user_id, description, status, handle_time, deleted, create_time, update_time, image_urls, handle_remark, equipment_id) VALUES (17, 25, 'xxx', 2, '2026-05-17 14:37:40.128792', true, '2026-05-17 14:36:25.362251', '2026-05-17 14:39:55.199152', NULL, '已修复', 19);


--
-- Data for Name: fitness_equipment_type; Type: TABLE DATA; Schema: public; Owner: fitness_user
--

INSERT INTO public.fitness_equipment_type (id, type_code, type_name, icon, sort_order, description, deleted, create_time, update_time) VALUES (1, 'CARDIO', '有氧器械', ' cardio-icon', 1, '跑步机、椭圆机、动感单车等有氧训练设备', false, '2026-03-19 14:05:52.913087', '2026-03-19 14:05:52.913087');
INSERT INTO public.fitness_equipment_type (id, type_code, type_name, icon, sort_order, description, deleted, create_time, update_time) VALUES (2, 'STRENGTH', '力量器械', 'strength-icon', 2, '史密斯机、龙门架、综合训练器等力量设备', false, '2026-03-19 14:05:52.913087', '2026-03-19 14:05:52.913087');
INSERT INTO public.fitness_equipment_type (id, type_code, type_name, icon, sort_order, description, deleted, create_time, update_time) VALUES (3, 'FREE_WEIGHT', '自由重量', 'dumbbell-icon', 3, '哑铃、杠铃、壶铃等自由重量器材', false, '2026-03-19 14:05:52.913087', '2026-03-19 14:05:52.913087');
INSERT INTO public.fitness_equipment_type (id, type_code, type_name, icon, sort_order, description, deleted, create_time, update_time) VALUES (4, 'FUNCTIONAL', '功能性训练', 'functional-icon', 4, '瑜伽垫、瑜伽球、弹力带等功能性训练器材', false, '2026-03-19 14:05:52.913087', '2026-03-19 14:05:52.913087');
INSERT INTO public.fitness_equipment_type (id, type_code, type_name, icon, sort_order, description, deleted, create_time, update_time) VALUES (5, 'ACCESSORY', '辅助配件', 'accessory-icon', 5, '其他健身辅助配件', false, '2026-03-19 14:05:52.913087', '2026-03-19 14:05:52.913087');


--
-- Data for Name: fitness_plan; Type: TABLE DATA; Schema: public; Owner: fitness_user
--

INSERT INTO public.fitness_plan (id, user_id, plan_name, goal, duration, status, deleted, create_time, update_time, level, height, weight, age, gender, experience, fitness_goal, plan_data_json) VALUES (58, 25, '7天增肌高级训练计划', NULL, NULL, 1, false, '2026-04-09 02:08:07.899087', '2026-04-09 02:08:07.899087', NULL, 170.00, 63.00, 24, 'MALE', '高级', '增肌', '{"subtitle": "7天增肌高级训练计划", "userInfo": {"bmi": "21.8", "goal": "增肌", "height": "170 cm", "weight": "63 kg", "intensity": "高级"}, "weeklyPlan": [{"focus": "全身复合动作强化", "courses": [{"id": 81, "name": "全身力量循环", "category": "力量训练", "duration": 90, "coverImage": "https://images.unsplash.com/photo-1534438327276-14e5300c3a48?w=800", "description": "以复合动作为核心构建力量循环训练，系统提升全身整体力量水平。"}, {"id": 76, "name": "杠铃深蹲特训", "category": "力量训练", "duration": 60, "coverImage": "https://images.unsplash.com/photo-1534367507873-d2d7e24c797f?w=800", "description": "系统掌握杠铃深蹲要领，强化下肢力量与核心稳定，提升运动表现与体态控制。"}], "dayName": "周一", "equipment": [{"name": "奥林匹克杠铃杆", "image": "http://localhost:9000/fitness-bucket/images/89f93cc1-0835-4764-9680-fe7e28a83c46.webp"}, {"name": "可调节哑铃套装", "image": "http://localhost:9000/fitness-bucket/images/960bcc89-c268-4913-985d-edd725ac7e7e.jpg"}], "exercises": [{"name": "杠铃深蹲", "reps": 4, "sets": 3, "restSeconds": 90}, {"name": "硬拉", "reps": 3, "sets": 3, "restSeconds": 120}, {"name": "推举", "reps": 3, "sets": 3, "restSeconds": 90}]}, {"focus": "上肢力量与肩部塑形", "courses": [{"id": 79, "name": "肩部塑形训练", "category": "力量训练", "duration": 45, "coverImage": "https://images.unsplash.com/photo-1583454110551-21f2fa2afe61?w=800", "description": "针对三角肌前中后束的专项训练，打造立体肩部，配备多角度固定式肩推与侧平举、高低坐姿推举等模块，多点位激活并塑形肩峰线，提供可调阻力与多档位选择，满足进阶塑形与力量提升需求。"}, {"id": 80, "name": "手臂力量轰炸", "category": "力量训练", "duration": 40, "coverImage": "http://localhost:9000/fitness-bucket/courses/589bd94f-3ee4-4cd0-9896-528bcd2d2930.webp", "description": "二头肌与三头肌超级组训练，突破臂围瓶颈，高效刺激双臂肌群，提升力量与耐力。"}], "dayName": "周二", "equipment": [{"name": "橡胶包胶杠铃片套装", "image": "http://localhost:9000/fitness-bucket/images/71d74753-bb23-4ac3-a041-6ca2dc51e2e4.webp"}, {"name": "史密斯训练架", "image": "http://localhost:9000/fitness-bucket/images/6b017543-142a-422b-8f38-0caa3137bce0.webp"}, {"name": "可调节哑铃套装", "image": "http://localhost:9000/fitness-bucket/images/960bcc89-c268-4913-985d-edd725ac7e7e.jpg"}], "exercises": [{"name": "坐姿推举", "reps": 4, "sets": 3, "restSeconds": 90}, {"name": "划船", "reps": 4, "sets": 3, "restSeconds": 120}, {"name": "弯举", "reps": 3, "sets": 3, "restSeconds": 90}]}, {"focus": "核心稳定性强化", "courses": [{"id": 90, "name": "普拉提核心床", "category": "瑜伽普拉提", "duration": 60, "coverImage": "https://images.unsplash.com/photo-1518310383802-640c2de311b2?w=800", "description": "借助核心床进行普拉提训练，是强化核心肌群的高效途径。通过器械独特的弹簧阻力与滑动床板设计，训练者能在动态不稳定中精准激活深层肌群。这不仅有助于塑造紧致身形，更能显著提升身体稳定性与协调性，让每一次伸展与发力都充满控制之美。"}, {"id": 104, "name": "脊柱侧弯矫正", "category": "康复体态", "duration": 50, "coverImage": "https://images.unsplash.com/photo-1506126613408-eca07ce68773?w=800", "description": "借助科学系统的专业训练，针对性矫正脊柱侧弯问题。通过强化核心肌群与优化体态排列，有效改善脊柱生理曲度，帮助身体重获自然平衡与挺拔姿态，从而提升整体健康气质。"}], "dayName": "周三", "equipment": [{"name": "弹力带套装", "image": "http://localhost:9000/fitness-bucket/images/4800b936-589d-4380-8b88-19cd1eb0ac16.jpg"}, {"name": "泡沫轴", "image": "http://localhost:9000/fitness-bucket/images/4eda3da5-5023-457b-8076-e7020f52a711.webp"}], "exercises": []}, {"focus": "有氧耐力与心肺强化", "courses": [{"id": 88, "name": "有氧舞蹈派对", "category": "有氧燃脂", "duration": 50, "coverImage": "https://images.unsplash.com/photo-1524594152303-9fd13543fe6e?w=800", "description": "结合流行舞蹈的有氧运动，快乐燃脂不枯燥"}, {"id": 101, "name": "街舞Hip-Hop", "category": "舞蹈操课", "duration": 60, "coverImage": "https://images.unsplash.com/photo-1535525153412-5a42439a210d?w=800", "description": "学习Hip-Hop基础律动与舞步，释放青春活力"}], "dayName": "周四", "equipment": [{"name": "商用跑步机 X1", "image": "http://localhost:9000/fitness-bucket/images/2a4e805e-b137-47c5-be32-e3b3e005e00a.webp"}, {"name": "划船机 R300", "image": "http://localhost:9000/fitness-bucket/images/4ad04cff-064f-4920-9195-7a2c98267a00.webp"}], "exercises": []}, {"focus": "高强度间歇燃脂", "courses": [{"id": 86, "name": "阶梯踏板训练", "category": "有氧燃脂", "duration": 50, "coverImage": "https://images.unsplash.com/photo-1518310383802-640c2de311b2?w=800", "description": "利用踏板进行有氧训练，锻炼心肺功能与腿部力量"}, {"id": 84, "name": "跳绳燃脂课", "category": "有氧燃脂", "duration": 45, "coverImage": "http://localhost:9000/fitness-bucket/courses/41873e51-e76b-44ae-9cad-9bc787845fb3.webp", "description": "高强度跳绳训练，快速提升心率，高效燃烧卡路里。"}], "dayName": "周五", "equipment": [{"name": "动感单车 S200", "image": "http://localhost:9000/fitness-bucket/images/28a815be-a2cd-4f77-ac7e-716a320d1422.webp"}, {"name": "TRX悬挂训练带", "image": null}], "exercises": []}, {"focus": "舞蹈协调性与心肺提升", "courses": [{"id": 99, "name": "Zumba尊巴舞", "category": "舞蹈操课", "duration": 50, "coverImage": "http://localhost:9000/fitness-bucket/courses/50e9109f-1dbd-476f-b23c-02d9d8266994.jpg", "description": "拉丁风格有氧舞蹈，热情奔放，以律动与节奏燃脂塑形，融合踢踏、摇摆与旋转，提升心肺耐力与核心控制。"}, {"id": 100, "name": "爵士舞基础", "category": "舞蹈操课", "duration": 60, "coverImage": "https://images.unsplash.com/photo-1508700115892-45ecd05ae2ad?w=800", "description": "学习爵士舞基本动作与组合，提升身体协调性"}], "dayName": "周六", "equipment": [{"name": "登山机 C100", "image": "http://localhost:9000/fitness-bucket/images/8f754d4d-352a-4388-a5d3-12cc774e95d0.webp"}, {"name": "龙门架综合训练器", "image": "http://localhost:9000/fitness-bucket/images/a29ba2e2-f49c-4340-b090-38a2ad3a3776.webp"}], "exercises": []}, {"focus": "阴瑜伽深度放松", "courses": [{"id": 91, "name": "阴瑜伽深度放松", "category": "瑜伽普拉提", "duration": 90, "coverImage": "https://images.unsplash.com/photo-1506126613408-eca07ce68773?w=800", "description": "长时间保持体式，深度拉伸结缔组织，缓解压力"}, {"id": 102, "name": "民族健身操", "duration": 65, "coverImage": "http://localhost:9000/fitness-bucket/courses/cdce174a-912b-403a-8f12-e0b7977098da.jpg", "description": "本套健身操创新融合了民族舞蹈的艺术精髓，将传统舞姿的柔美韵律与现代健身的科学节奏完美结合。在律动中，不仅能有效提升心肺功能、强健体魄，更能陶冶情操、展现优雅体态。它打破了传统健身的枯燥，实现了健康体魄与艺术修养的双重提升，让每一次跃动都成为一场身心合一的悦动体验。"}], "dayName": "周日", "equipment": [{"name": "龙门架综合训练器", "image": "http://localhost:9000/fitness-bucket/images/a29ba2e2-f49c-4340-b090-38a2ad3a3776.webp"}], "exercises": []}]}');
INSERT INTO public.fitness_plan (id, user_id, plan_name, goal, duration, status, deleted, create_time, update_time, level, height, weight, age, gender, experience, fitness_goal, plan_data_json) VALUES (46, 25, '增肌-全身训练计划', '增肌', 7, 1, true, '2026-04-06 18:15:32.186031', '2026-04-09 02:17:02.025614', NULL, NULL, NULL, NULL, NULL, NULL, NULL, NULL);
INSERT INTO public.fitness_plan (id, user_id, plan_name, goal, duration, status, deleted, create_time, update_time, level, height, weight, age, gender, experience, fitness_goal, plan_data_json) VALUES (44, 25, '进阶增肌强化训练计划', '胸部与背部超级组', 7, 1, true, '2026-04-05 23:57:37.844934', '2026-04-09 02:17:04.183572', NULL, NULL, NULL, NULL, NULL, NULL, NULL, NULL);
INSERT INTO public.fitness_plan (id, user_id, plan_name, goal, duration, status, deleted, create_time, update_time, level, height, weight, age, gender, experience, fitness_goal, plan_data_json) VALUES (38, 25, '进阶增肌强化训练计划', '胸部与背部力量强化', 7, 1, true, '2026-04-04 22:49:53.284734', '2026-04-09 02:17:06.288628', NULL, NULL, NULL, NULL, NULL, NULL, NULL, NULL);
INSERT INTO public.fitness_plan (id, user_id, plan_name, goal, duration, status, deleted, create_time, update_time, level, height, weight, age, gender, experience, fitness_goal, plan_data_json) VALUES (13, 25, '女性中级增肌塑形七日计划', '下肢力量基石', 7, 1, true, '2026-04-03 15:47:11.688466', '2026-04-09 02:17:08.939923', NULL, NULL, NULL, NULL, NULL, NULL, NULL, NULL);
INSERT INTO public.fitness_plan (id, user_id, plan_name, goal, duration, status, deleted, create_time, update_time, level, height, weight, age, gender, experience, fitness_goal, plan_data_json) VALUES (59, 25, '7天增肌高级训练计划', NULL, NULL, 1, false, '2026-04-09 02:29:25.914813', '2026-04-09 02:29:25.914813', NULL, 170.00, 63.00, 24, 'MALE', '高级', '增肌', '{"subtitle": "7天增肌高级训练计划", "userInfo": {"bmi": "21.8", "goal": "增肌", "height": "170 cm", "weight": "63 kg", "intensity": "高级"}, "weeklyPlan": [{"focus": "全身复合动作强化", "courses": [{"id": 81, "name": "全身力量循环", "category": "力量训练", "duration": 90, "coverImage": "https://images.unsplash.com/photo-1534438327276-14e5300c3a48?w=800", "description": "以复合动作为核心构建力量循环训练，系统提升全身整体力量水平。"}, {"id": 76, "name": "杠铃深蹲特训", "category": "力量训练", "duration": 60, "coverImage": "https://images.unsplash.com/photo-1534367507873-d2d7e24c797f?w=800", "description": "系统掌握杠铃深蹲要领，强化下肢力量与核心稳定，提升运动表现与体态控制。"}], "dayName": "周一", "equipment": [{"name": "奥林匹克杠铃杆", "image": "http://localhost:9000/fitness-bucket/images/89f93cc1-0835-4764-9680-fe7e28a83c46.webp"}, {"name": "可调节哑铃套装", "image": "http://localhost:9000/fitness-bucket/images/960bcc89-c268-4913-985d-edd725ac7e7e.jpg"}], "exercises": [{"name": "杠铃深蹲", "reps": 4, "sets": 3, "restSeconds": 90}, {"name": "硬拉", "reps": 3, "sets": 3, "restSeconds": 120}, {"name": "推举", "reps": 3, "sets": 3, "restSeconds": 90}]}, {"focus": "上肢力量与肩部塑形", "courses": [{"id": 79, "name": "肩部塑形训练", "category": "力量训练", "duration": 45, "coverImage": "https://images.unsplash.com/photo-1583454110551-21f2fa2afe61?w=800", "description": "针对三角肌前中后束的专项训练，打造立体肩部，配备多角度固定式肩推与侧平举、高低坐姿推举等模块，多点位激活并塑形肩峰线，提供可调阻力与多档位选择，满足进阶塑形与力量提升需求。"}, {"id": 80, "name": "手臂力量轰炸", "category": "力量训练", "duration": 40, "coverImage": "http://localhost:9000/fitness-bucket/courses/589bd94f-3ee4-4cd0-9896-528bcd2d2930.webp", "description": "二头肌与三头肌超级组训练，突破臂围瓶颈，高效刺激双臂肌群，提升力量与耐力。"}], "dayName": "周二", "equipment": [{"name": "橡胶包胶杠铃片套装", "image": "http://localhost:9000/fitness-bucket/images/71d74753-bb23-4ac3-a041-6ca2dc51e2e4.webp"}, {"name": "史密斯训练架", "image": "http://localhost:9000/fitness-bucket/images/6b017543-142a-422b-8f38-0caa3137bce0.webp"}, {"name": "可调节哑铃套装", "image": "http://localhost:9000/fitness-bucket/images/960bcc89-c268-4913-985d-edd725ac7e7e.jpg"}], "exercises": [{"name": "坐姿推举", "reps": 4, "sets": 3, "restSeconds": 90}, {"name": "划船", "reps": 4, "sets": 3, "restSeconds": 120}, {"name": "弯举", "reps": 3, "sets": 3, "restSeconds": 90}]}, {"focus": "核心稳定性强化", "courses": [{"id": 90, "name": "普拉提核心床", "category": "瑜伽普拉提", "duration": 60, "coverImage": "https://images.unsplash.com/photo-1518310383802-640c2de311b2?w=800", "description": "借助核心床进行普拉提训练，是强化核心肌群的高效途径。通过器械独特的弹簧阻力与滑动床板设计，训练者能在动态不稳定中精准激活深层肌群。这不仅有助于塑造紧致身形，更能显著提升身体稳定性与协调性，让每一次伸展与发力都充满控制之美。"}, {"id": 104, "name": "脊柱侧弯矫正", "category": "康复体态", "duration": 50, "coverImage": "https://images.unsplash.com/photo-1506126613408-eca07ce68773?w=800", "description": "借助科学系统的专业训练，针对性矫正脊柱侧弯问题。通过强化核心肌群与优化体态排列，有效改善脊柱生理曲度，帮助身体重获自然平衡与挺拔姿态，从而提升整体健康气质。"}], "dayName": "周三", "equipment": [{"name": "史密斯训练架", "image": "http://localhost:9000/fitness-bucket/images/6b017543-142a-422b-8f38-0caa3137bce0.webp"}, {"name": "泡沫轴", "image": "http://localhost:9000/fitness-bucket/images/4eda3da5-5023-457b-8076-e7020f52a711.webp"}], "exercises": []}, {"focus": "有氧耐力与心肺强化", "courses": [{"id": 88, "name": "有氧舞蹈派对", "category": "有氧燃脂", "duration": 50, "coverImage": "https://images.unsplash.com/photo-1524594152303-9fd13543fe6e?w=800", "description": "结合流行舞蹈的有氧运动，快乐燃脂不枯燥"}, {"id": 101, "name": "街舞Hip-Hop", "category": "舞蹈操课", "duration": 60, "coverImage": "https://images.unsplash.com/photo-1535525153412-5a42439a210d?w=800", "description": "学习Hip-Hop基础律动与舞步，释放青春活力"}], "dayName": "周四", "equipment": [{"name": "商用跑步机 X1", "image": "http://localhost:9000/fitness-bucket/images/2a4e805e-b137-47c5-be32-e3b3e005e00a.webp"}, {"name": "划船机 R300", "image": "http://localhost:9000/fitness-bucket/images/4ad04cff-064f-4920-9195-7a2c98267a00.webp"}], "exercises": []}, {"focus": "高强度间歇燃脂", "courses": [{"id": 86, "name": "阶梯踏板训练", "category": "有氧燃脂", "duration": 50, "coverImage": "https://images.unsplash.com/photo-1518310383802-640c2de311b2?w=800", "description": "利用踏板进行有氧训练，锻炼心肺功能与腿部力量"}, {"id": 84, "name": "跳绳燃脂课", "category": "有氧燃脂", "duration": 45, "coverImage": "http://localhost:9000/fitness-bucket/courses/41873e51-e76b-44ae-9cad-9bc787845fb3.webp", "description": "高强度跳绳训练，快速提升心率，高效燃烧卡路里。"}], "dayName": "周五", "equipment": [{"name": "动感单车 S200", "image": "http://localhost:9000/fitness-bucket/images/28a815be-a2cd-4f77-ac7e-716a320d1422.webp"}, {"name": "TRX悬挂训练带", "image": null}], "exercises": []}, {"focus": "舞蹈协调性与心肺提升", "courses": [{"id": 99, "name": "Zumba尊巴舞", "category": "舞蹈操课", "duration": 50, "coverImage": "http://localhost:9000/fitness-bucket/courses/50e9109f-1dbd-476f-b23c-02d9d8266994.jpg", "description": "拉丁风格有氧舞蹈，热情奔放，以律动与节奏燃脂塑形，融合踢踏、摇摆与旋转，提升心肺耐力与核心控制。"}, {"id": 100, "name": "爵士舞基础", "category": "舞蹈操课", "duration": 60, "coverImage": "https://images.unsplash.com/photo-1508700115892-45ecd05ae2ad?w=800", "description": "学习爵士舞基本动作与组合，提升身体协调性"}], "dayName": "周六", "equipment": [{"name": "登山机 C100", "image": "http://localhost:9000/fitness-bucket/images/8f754d4d-352a-4388-a5d3-12cc774e95d0.webp"}, {"name": "龙门架综合训练器", "image": "http://localhost:9000/fitness-bucket/images/a29ba2e2-f49c-4340-b090-38a2ad3a3776.webp"}], "exercises": []}, {"focus": "阴瑜伽深度放松", "courses": [{"id": 91, "name": "阴瑜伽深度放松", "category": "瑜伽普拉提", "duration": 90, "coverImage": "https://images.unsplash.com/photo-1506126613408-eca07ce68773?w=800", "description": "长时间保持体式，深度拉伸结缔组织，缓解压力"}, {"id": 76, "name": "杠铃深蹲特训", "duration": 60, "coverImage": "https://images.unsplash.com/photo-1534367507873-d2d7e24c797f?w=800", "description": "系统掌握杠铃深蹲要领，强化下肢力量与核心稳定，提升运动表现与体态控制。"}], "dayName": "周日", "equipment": [{"name": "橡胶包胶杠铃片套装", "image": "http://localhost:9000/fitness-bucket/images/71d74753-bb23-4ac3-a041-6ca2dc51e2e4.webp"}], "exercises": []}]}');
INSERT INTO public.fitness_plan (id, user_id, plan_name, goal, duration, status, deleted, create_time, update_time, level, height, weight, age, gender, experience, fitness_goal, plan_data_json) VALUES (60, 25, '7天高级全能健身周计划', NULL, NULL, 1, false, '2026-04-09 13:07:44.874276', '2026-04-09 13:07:44.874276', NULL, 170.00, 63.00, 24, 'MALE', '高级', '保持健康', '{"subtitle": "7天高级全能健身周计划", "userInfo": {"bmi": "21.8", "goal": "保持健康", "height": "170 cm", "weight": "63 kg", "intensity": "高级"}, "weeklyPlan": [{"focus": "全身复合动作强化", "courses": [{"id": 81, "name": "全身力量循环", "category": "力量训练", "duration": 90, "coverImage": "https://images.unsplash.com/photo-1534438327276-14e5300c3a48?w=800", "description": "以复合动作为核心构建力量循环训练，系统提升全身整体力量水平。"}, {"id": 76, "name": "杠铃深蹲特训", "category": "力量训练", "duration": 60, "coverImage": "https://images.unsplash.com/photo-1534367507873-d2d7e24c797f?w=800", "description": "系统掌握杠铃深蹲要领，强化下肢力量与核心稳定，提升运动表现与体态控制。"}], "dayName": "周一", "equipment": [{"name": "史密斯训练架", "image": "http://localhost:9000/fitness-bucket/images/6b017543-142a-422b-8f38-0caa3137bce0.webp"}, {"name": "橡胶包胶杠铃片套装", "image": "http://localhost:9000/fitness-bucket/images/71d74753-bb23-4ac3-a041-6ca2dc51e2e4.webp"}], "exercises": [{"name": "杠铃深蹲", "reps": 4, "sets": 3, "restSeconds": 90}, {"name": "硬拉", "reps": 3, "sets": 3, "restSeconds": 120}, {"name": "肩推举", "reps": 3, "sets": 3, "restSeconds": 90}]}, {"focus": "上肢力量与心肺耐力", "courses": [{"id": 79, "name": "肩部塑形训练", "category": "力量训练", "duration": 45, "coverImage": "https://images.unsplash.com/photo-1583454110551-21f2fa2afe61?w=800", "description": "针对三角肌前中后束的专项训练，打造立体肩部，配备多角度固定式肩推与侧平举、高低坐姿推举等模块，多点位激活并塑形肩峰线，提供可调阻力与多档位选择，满足进阶塑形与力量提升需求。"}, {"id": 82, "name": "燃脂动感单车", "category": "有氧燃脂", "duration": 45, "coverImage": "http://localhost:9000/fitness-bucket/courses/0da9ecfc-d9be-4659-85f6-9c072b1df915.webp", "description": "高强度骑行训练，提供电动与手动双模式，心率与阻力可调，高强度间歇训练与节奏训练可选，提升心肺耐力与燃脂效率，适用于体能强化与耐力提升。"}], "dayName": "周二", "equipment": [{"name": "动感单车 S200", "image": "http://localhost:9000/fitness-bucket/images/28a815be-a2cd-4f77-ac7e-716a320d1422.webp"}, {"name": "奥林匹克杠铃杆", "image": "http://localhost:9000/fitness-bucket/images/89f93cc1-0835-4764-9680-fe7e28a83c46.webp"}], "exercises": [{"name": "哑铃肩推举", "reps": 3, "sets": 4, "restSeconds": 90}, {"name": "高位下拉", "reps": 3, "sets": 3, "restSeconds": 120}, {"name": "冲刺间歇", "reps": 30, "sets": 5, "restSeconds": 45}]}, {"focus": "核心稳定性强化", "courses": [{"id": 90, "name": "普拉提核心床", "category": "瑜伽普拉提", "duration": 60, "coverImage": "https://images.unsplash.com/photo-1518310383802-640c2de311b2?w=800", "description": "借助核心床进行普拉提训练，是强化核心肌群的高效途径。通过器械独特的弹簧阻力与滑动床板设计，训练者能在动态不稳定中精准激活深层肌群。这不仅有助于塑造紧致身形，更能显著提升身体稳定性与协调性，让每一次伸展与发力都充满控制之美。"}, {"id": 91, "name": "阴瑜伽深度放松", "category": "瑜伽普拉提", "duration": 90, "coverImage": "https://images.unsplash.com/photo-1506126613408-eca07ce68773?w=800", "description": "长时间保持体式，深度拉伸结缔组织，缓解压力"}], "dayName": "周三", "equipment": [{"name": "史密斯训练架", "image": "http://localhost:9000/fitness-bucket/images/6b017543-142a-422b-8f38-0caa3137bce0.webp"}, {"name": "泡沫轴", "image": "http://localhost:9000/fitness-bucket/images/4eda3da5-5023-457b-8076-e7020f52a711.webp"}], "exercises": []}, {"focus": "舞蹈协调性与心肺提升", "courses": [{"id": 88, "name": "有氧舞蹈派对", "category": "有氧燃脂", "duration": 50, "coverImage": "https://images.unsplash.com/photo-1524594152303-9fd13543fe6e?w=800", "description": "结合流行舞蹈的有氧运动，快乐燃脂不枯燥"}, {"id": 100, "name": "爵士舞基础", "category": "舞蹈操课", "duration": 60, "coverImage": "https://images.unsplash.com/photo-1508700115892-45ecd05ae2ad?w=800", "description": "学习爵士舞基本动作与组合，提升身体协调性"}], "dayName": "周四", "equipment": [{"name": "TRX悬挂训练带", "image": null}, {"name": "动感单车 S200", "image": "http://localhost:9000/fitness-bucket/images/28a815be-a2cd-4f77-ac7e-716a320d1422.webp"}], "exercises": []}, {"focus": "下肢力量与爆发力", "courses": [{"id": 76, "name": "杠铃深蹲特训", "category": "力量训练", "duration": 60, "coverImage": "https://images.unsplash.com/photo-1534367507873-d2d7e24c797f?w=800", "description": "系统掌握杠铃深蹲要领，强化下肢力量与核心稳定，提升运动表现与体态控制。"}, {"id": 84, "name": "跳绳燃脂课", "category": "有氧燃脂", "duration": 45, "coverImage": "http://localhost:9000/fitness-bucket/courses/41873e51-e76b-44ae-9cad-9bc787845fb3.webp", "description": "高强度跳绳训练，快速提升心率，高效燃烧卡路里。"}], "dayName": "周五", "equipment": [{"name": "动感单车 S200", "image": "http://localhost:9000/fitness-bucket/images/28a815be-a2cd-4f77-ac7e-716a320d1422.webp"}, {"name": "登山机 C100", "image": "http://localhost:9000/fitness-bucket/images/8f754d4d-352a-4388-a5d3-12cc774e95d0.webp"}], "exercises": [{"name": "杠铃深蹲", "reps": 4, "sets": 3, "restSeconds": 90}, {"name": "跳绳冲刺", "reps": 30, "sets": 5, "restSeconds": 45}, {"name": "俯卧撑", "reps": 4, "sets": 3, "restSeconds": 60}]}, {"focus": "拳击格斗技能强化", "courses": [{"id": 94, "name": "拳击基础入门", "category": "拳击格斗", "duration": 60, "coverImage": "https://images.unsplash.com/photo-1549719386-74dfcbf7dbed?w=800", "description": "学习拳击基本拳法、步法与防守技巧"}, {"id": 95, "name": "泰拳实战技巧", "category": "拳击格斗", "duration": 60, "coverImage": "http://localhost:9000/fitness-bucket/courses/7ba89f77-3768-4df9-8c29-4ff4bd0e4a7d.webp", "description": "学习泰拳基础动作，提升力量与反应速度。提供泰拳基础课程，系统训练踢、打、闪避等核心动作，结合力量与反应训练，强化实战应变与体能耐受，提升整体格斗能力与身体协调性。"}], "dayName": "周六", "equipment": [{"name": "划船机 R300", "image": "http://localhost:9000/fitness-bucket/images/4ad04cff-064f-4920-9195-7a2c98267a00.webp"}, {"name": "登山机 C100", "image": "http://localhost:9000/fitness-bucket/images/8f754d4d-352a-4388-a5d3-12cc774e95d0.webp"}], "exercises": []}, {"focus": "恢复与柔韧", "courses": null, "dayName": "周日", "equipment": [], "exercises": []}]}');
INSERT INTO public.fitness_plan (id, user_id, plan_name, goal, duration, status, deleted, create_time, update_time, level, height, weight, age, gender, experience, fitness_goal, plan_data_json) VALUES (61, 25, '7天高级全能健身周计划', NULL, NULL, 1, false, '2026-04-09 13:29:13.25132', '2026-04-09 13:29:13.25132', NULL, 170.00, 63.00, 24, 'MALE', '高级', '保持健康', '{"subtitle": "7天高级全能健身周计划", "userInfo": {"bmi": "21.8", "goal": "保持健康", "height": "170 cm", "weight": "63 kg", "intensity": "高级"}, "weeklyPlan": [{"focus": "全身复合动作强化", "courses": [{"id": 81, "name": "全身力量循环", "category": "力量训练", "duration": 90, "coverImage": "https://images.unsplash.com/photo-1534438327276-14e5300c3a48?w=800", "description": "以复合动作为核心构建力量循环训练，系统提升全身整体力量水平。"}, {"id": 76, "name": "杠铃深蹲特训", "category": "力量训练", "duration": 60, "coverImage": "https://images.unsplash.com/photo-1534367507873-d2d7e24c797f?w=800", "description": "系统掌握杠铃深蹲要领，强化下肢力量与核心稳定，提升运动表现与体态控制。"}], "dayName": "周一", "equipment": [{"name": "史密斯训练架", "image": "http://localhost:9000/fitness-bucket/images/6b017543-142a-422b-8f38-0caa3137bce0.webp"}, {"name": "橡胶包胶杠铃片套装", "image": "http://localhost:9000/fitness-bucket/images/71d74753-bb23-4ac3-a041-6ca2dc51e2e4.webp"}], "exercises": [{"name": "杠铃深蹲", "reps": 4, "sets": 3, "restSeconds": 90}, {"name": "硬拉", "reps": 3, "sets": 3, "restSeconds": 120}, {"name": "肩推举", "reps": 3, "sets": 3, "restSeconds": 90}]}, {"focus": "上肢力量与心肺耐力", "courses": [{"id": 79, "name": "肩部塑形训练", "category": "力量训练", "duration": 45, "coverImage": "https://images.unsplash.com/photo-1583454110551-21f2fa2afe61?w=800", "description": "针对三角肌前中后束的专项训练，打造立体肩部，配备多角度固定式肩推与侧平举、高低坐姿推举等模块，多点位激活并塑形肩峰线，提供可调阻力与多档位选择，满足进阶塑形与力量提升需求。"}, {"id": 82, "name": "燃脂动感单车", "category": "有氧燃脂", "duration": 45, "coverImage": "http://localhost:9000/fitness-bucket/courses/0da9ecfc-d9be-4659-85f6-9c072b1df915.webp", "description": "高强度骑行训练，提供电动与手动双模式，心率与阻力可调，高强度间歇训练与节奏训练可选，提升心肺耐力与燃脂效率，适用于体能强化与耐力提升。"}], "dayName": "周二", "equipment": [{"name": "动感单车 S200", "image": "http://localhost:9000/fitness-bucket/images/28a815be-a2cd-4f77-ac7e-716a320d1422.webp"}, {"name": "奥林匹克杠铃杆", "image": "http://localhost:9000/fitness-bucket/images/89f93cc1-0835-4764-9680-fe7e28a83c46.webp"}], "exercises": [{"name": "哑铃肩推举", "reps": 3, "sets": 4, "restSeconds": 90}, {"name": "高位下拉", "reps": 3, "sets": 3, "restSeconds": 120}, {"name": "冲刺间歇", "reps": 30, "sets": 5, "restSeconds": 45}]}, {"focus": "核心稳定性强化", "courses": [{"id": 90, "name": "普拉提核心床", "category": "瑜伽普拉提", "duration": 60, "coverImage": "https://images.unsplash.com/photo-1518310383802-640c2de311b2?w=800", "description": "借助核心床进行普拉提训练，是强化核心肌群的高效途径。通过器械独特的弹簧阻力与滑动床板设计，训练者能在动态不稳定中精准激活深层肌群。这不仅有助于塑造紧致身形，更能显著提升身体稳定性与协调性，让每一次伸展与发力都充满控制之美。"}, {"id": 91, "name": "阴瑜伽深度放松", "category": "瑜伽普拉提", "duration": 90, "coverImage": "https://images.unsplash.com/photo-1506126613408-eca07ce68773?w=800", "description": "长时间保持体式，深度拉伸结缔组织，缓解压力"}], "dayName": "周三", "equipment": [{"name": "史密斯训练架", "image": "http://localhost:9000/fitness-bucket/images/6b017543-142a-422b-8f38-0caa3137bce0.webp"}, {"name": "泡沫轴", "image": "http://localhost:9000/fitness-bucket/images/4eda3da5-5023-457b-8076-e7020f52a711.webp"}], "exercises": []}, {"focus": "舞蹈协调性与心肺提升", "courses": [{"id": 88, "name": "有氧舞蹈派对", "category": "有氧燃脂", "duration": 50, "coverImage": "https://images.unsplash.com/photo-1524594152303-9fd13543fe6e?w=800", "description": "结合流行舞蹈的有氧运动，快乐燃脂不枯燥"}, {"id": 100, "name": "爵士舞基础", "category": "舞蹈操课", "duration": 60, "coverImage": "https://images.unsplash.com/photo-1508700115892-45ecd05ae2ad?w=800", "description": "学习爵士舞基本动作与组合，提升身体协调性"}], "dayName": "周四", "equipment": [{"name": "TRX悬挂训练带", "image": null}, {"name": "动感单车 S200", "image": "http://localhost:9000/fitness-bucket/images/28a815be-a2cd-4f77-ac7e-716a320d1422.webp"}], "exercises": []}, {"focus": "下肢力量与爆发力", "courses": [{"id": 76, "name": "杠铃深蹲特训", "category": "力量训练", "duration": 60, "coverImage": "https://images.unsplash.com/photo-1534367507873-d2d7e24c797f?w=800", "description": "系统掌握杠铃深蹲要领，强化下肢力量与核心稳定，提升运动表现与体态控制。"}, {"id": 84, "name": "跳绳燃脂课", "category": "有氧燃脂", "duration": 45, "coverImage": "http://localhost:9000/fitness-bucket/courses/41873e51-e76b-44ae-9cad-9bc787845fb3.webp", "description": "高强度跳绳训练，快速提升心率，高效燃烧卡路里。"}], "dayName": "周五", "equipment": [{"name": "动感单车 S200", "image": "http://localhost:9000/fitness-bucket/images/28a815be-a2cd-4f77-ac7e-716a320d1422.webp"}, {"name": "登山机 C100", "image": "http://localhost:9000/fitness-bucket/images/8f754d4d-352a-4388-a5d3-12cc774e95d0.webp"}], "exercises": [{"name": "杠铃深蹲", "reps": 4, "sets": 3, "restSeconds": 90}, {"name": "跳绳冲刺", "reps": 30, "sets": 5, "restSeconds": 45}, {"name": "俯卧撑", "reps": 4, "sets": 3, "restSeconds": 60}]}, {"focus": "拳击格斗技能强化", "courses": [{"id": 94, "name": "拳击基础入门", "category": "拳击格斗", "duration": 60, "coverImage": "https://images.unsplash.com/photo-1549719386-74dfcbf7dbed?w=800", "description": "学习拳击基本拳法、步法与防守技巧"}, {"id": 95, "name": "泰拳实战技巧", "category": "拳击格斗", "duration": 60, "coverImage": "http://localhost:9000/fitness-bucket/courses/7ba89f77-3768-4df9-8c29-4ff4bd0e4a7d.webp", "description": "学习泰拳基础动作，提升力量与反应速度。提供泰拳基础课程，系统训练踢、打、闪避等核心动作，结合力量与反应训练，强化实战应变与体能耐受，提升整体格斗能力与身体协调性。"}], "dayName": "周六", "equipment": [{"name": "划船机 R300", "image": "http://localhost:9000/fitness-bucket/images/4ad04cff-064f-4920-9195-7a2c98267a00.webp"}, {"name": "登山机 C100", "image": "http://localhost:9000/fitness-bucket/images/8f754d4d-352a-4388-a5d3-12cc774e95d0.webp"}], "exercises": []}, {"focus": "恢复与柔韧", "courses": null, "dayName": "周日", "equipment": [], "exercises": []}]}');
INSERT INTO public.fitness_plan (id, user_id, plan_name, goal, duration, status, deleted, create_time, update_time, level, height, weight, age, gender, experience, fitness_goal, plan_data_json) VALUES (62, 30, '7天增肌高级训练计划', NULL, NULL, 1, false, '2026-04-12 20:29:23.229966', '2026-04-12 20:29:23.229966', NULL, 188.00, 78.00, 23, 'MALE', '初级', '增肌', '{"subtitle": "7天增肌高级训练计划", "userInfo": {"bmi": "22.1", "goal": "增肌", "height": "188 cm", "weight": "78 kg", "intensity": "初级"}, "weeklyPlan": [{"focus": "全身复合动作强化", "courses": [{"id": 81, "name": "全身力量循环", "category": "力量训练", "duration": 90, "coverImage": "https://images.unsplash.com/photo-1534438327276-14e5300c3a48?w=800", "description": "以复合动作为核心构建力量循环训练，系统提升全身整体力量水平。"}, {"id": 76, "name": "杠铃深蹲特训", "category": "力量训练", "duration": 60, "coverImage": "https://images.unsplash.com/photo-1534367507873-d2d7e24c797f?w=800", "description": "系统掌握杠铃深蹲要领，强化下肢力量与核心稳定，提升运动表现与体态控制。"}], "dayName": "周一", "equipment": [{"name": "奥林匹克杠铃杆", "image": "http://localhost:9000/fitness-bucket/images/89f93cc1-0835-4764-9680-fe7e28a83c46.webp"}, {"name": "可调节哑铃套装", "image": "http://localhost:9000/fitness-bucket/images/960bcc89-c268-4913-985d-edd725ac7e7e.jpg"}], "exercises": [{"name": "杠铃深蹲", "reps": 4, "sets": 3, "restSeconds": 90}, {"name": "硬拉", "reps": 3, "sets": 3, "restSeconds": 120}, {"name": "卧推", "reps": 4, "sets": 3, "restSeconds": 90}]}, {"focus": "上肢力量发展", "courses": [{"id": 79, "name": "肩部塑形训练", "category": "力量训练", "duration": 45, "coverImage": "https://images.unsplash.com/photo-1583454110551-21f2fa2afe61?w=800", "description": "针对三角肌前中后束的专项训练，打造立体肩部，配备多角度固定式肩推与侧平举、高低坐姿推举等模块，多点位激活并塑形肩峰线，提供可调阻力与多档位选择，满足进阶塑形与力量提升需求。"}, {"id": 80, "name": "手臂力量轰炸", "category": "力量训练", "duration": 40, "coverImage": "http://localhost:9000/fitness-bucket/courses/589bd94f-3ee4-4cd0-9896-528bcd2d2930.webp", "description": "二头肌与三头肌超级组训练，突破臂围瓶颈，高效刺激双臂肌群，提升力量与耐力。"}], "dayName": "周二", "equipment": [{"name": "橡胶包胶杠铃片套装", "image": "http://localhost:9000/fitness-bucket/images/71d74753-bb23-4ac3-a041-6ca2dc51e2e4.webp"}, {"name": "史密斯训练架", "image": "http://localhost:9000/fitness-bucket/images/6b017543-142a-422b-8f38-0caa3137bce0.webp"}, {"name": "可调节哑铃套装", "image": "http://localhost:9000/fitness-bucket/images/960bcc89-c268-4913-985d-edd725ac7e7e.jpg"}], "exercises": [{"name": "肩推", "reps": 4, "sets": 3, "restSeconds": 90}, {"name": "弯举", "reps": 3, "sets": 3, "restSeconds": 120}, {"name": "臂屈伸", "reps": 4, "sets": 3, "restSeconds": 90}]}, {"focus": "核心稳定性强化", "courses": [{"id": 90, "name": "普拉提核心床", "category": "瑜伽普拉提", "duration": 60, "coverImage": "https://images.unsplash.com/photo-1518310383802-640c2de311b2?w=800", "description": "借助核心床进行普拉提训练，是强化核心肌群的高效途径。通过器械独特的弹簧阻力与滑动床板设计，训练者能在动态不稳定中精准激活深层肌群。这不仅有助于塑造紧致身形，更能显著提升身体稳定性与协调性，让每一次伸展与发力都充满控制之美。"}, {"id": 93, "name": "垫上普拉提塑形", "category": "瑜伽普拉提", "duration": 50, "coverImage": "https://images.unsplash.com/photo-1575052814086-f385e2e2ad1b?w=800", "description": "经典垫上普拉提动作，塑造修长线条与优雅体态"}], "dayName": "周三", "equipment": [{"name": "TRX悬挂训练带", "image": null}, {"name": "泡沫轴", "image": "http://localhost:9000/fitness-bucket/images/4eda3da5-5023-457b-8076-e7020f52a711.webp"}], "exercises": []}, {"focus": "有氧耐力与心肺强化", "courses": [{"id": 88, "name": "有氧舞蹈派对", "category": "有氧燃脂", "duration": 50, "coverImage": "https://images.unsplash.com/photo-1524594152303-9fd13543fe6e?w=800", "description": "结合流行舞蹈的有氧运动，快乐燃脂不枯燥"}, {"id": 101, "name": "街舞Hip-Hop", "category": "舞蹈操课", "duration": 60, "coverImage": "https://images.unsplash.com/photo-1535525153412-5a42439a210d?w=800", "description": "学习Hip-Hop基础律动与舞步，释放青春活力"}], "dayName": "周四", "equipment": [{"name": "动感单车 S200", "image": "http://localhost:9000/fitness-bucket/images/28a815be-a2cd-4f77-ac7e-716a320d1422.webp"}, {"name": "商用跑步机 X1", "image": "http://localhost:9000/fitness-bucket/images/2a4e805e-b137-47c5-be32-e3b3e005e00a.webp"}], "exercises": []}, {"focus": "下肢力量与爆发力", "courses": [{"id": 81, "name": "全身力量循环", "category": "力量训练", "duration": 90, "coverImage": "https://images.unsplash.com/photo-1534438327276-14e5300c3a48?w=800", "description": "以复合动作为核心构建力量循环训练，系统提升全身整体力量水平。"}, {"id": 76, "name": "杠铃深蹲特训", "category": "力量训练", "duration": 60, "coverImage": "https://images.unsplash.com/photo-1534367507873-d2d7e24c797f?w=800", "description": "系统掌握杠铃深蹲要领，强化下肢力量与核心稳定，提升运动表现与体态控制。"}], "dayName": "周五", "equipment": [{"name": "划船机 R300", "image": "http://localhost:9000/fitness-bucket/images/4ad04cff-064f-4920-9195-7a2c98267a00.webp"}, {"name": "腿举训练器", "image": "http://localhost:9000/fitness-bucket/images/5255958d-f107-45a6-8383-6d4904961526.webp"}], "exercises": [{"name": "硬拉", "reps": 4, "sets": 3, "restSeconds": 90}, {"name": "臀推", "reps": 3, "sets": 3, "restSeconds": 120}, {"name": "腿举", "reps": 4, "sets": 3, "restSeconds": 90}]}, {"focus": "功能性训练与灵活性", "courses": [{"id": 104, "name": "脊柱侧弯矫正", "category": "康复体态", "duration": 50, "coverImage": "https://images.unsplash.com/photo-1506126613408-eca07ce68773?w=800", "description": "借助科学系统的专业训练，针对性矫正脊柱侧弯问题。通过强化核心肌群与优化体态排列，有效改善脊柱生理曲度，帮助身体重获自然平衡与挺拔姿态，从而提升整体健康气质。"}, {"id": 99, "name": "Zumba尊巴舞", "category": "舞蹈操课", "duration": 50, "coverImage": "http://localhost:9000/fitness-bucket/courses/50e9109f-1dbd-476f-b23c-02d9d8266994.jpg", "description": "拉丁风格有氧舞蹈，热情奔放，以律动与节奏燃脂塑形，融合踢踏、摇摆与旋转，提升心肺耐力与核心控制。"}], "dayName": "周六", "equipment": [{"name": "龙门架综合训练器", "image": "http://localhost:9000/fitness-bucket/images/a29ba2e2-f49c-4340-b090-38a2ad3a3776.webp"}, {"name": "弹力带套装", "image": "http://localhost:9000/fitness-bucket/images/4800b936-589d-4380-8b88-19cd1eb0ac16.jpg"}], "exercises": []}, {"focus": "深度放松与恢复", "courses": null, "dayName": "周日", "equipment": [], "exercises": []}]}');
INSERT INTO public.fitness_plan (id, user_id, plan_name, goal, duration, status, deleted, create_time, update_time, level, height, weight, age, gender, experience, fitness_goal, plan_data_json) VALUES (64, 30, '7天中级健身训练计划 - 保持健康', NULL, NULL, 1, false, '2026-04-13 01:24:39.832771', '2026-04-13 01:24:39.832771', NULL, 188.00, 78.00, 23, 'MALE', '中级', '保持健康', '{"subtitle": "7天中级健身训练计划 - 保持健康", "userInfo": {"bmi": "22.1", "goal": "保持健康", "height": "188 cm", "weight": "78 kg", "intensity": "中级"}, "weeklyPlan": [{"focus": "有氧燃脂", "courses": [{"id": 88, "name": "有氧舞蹈派对", "category": "有氧燃脂", "duration": 50, "coverImage": "https://images.unsplash.com/photo-1524594152303-9fd13543fe6e?w=800", "description": "结合流行舞蹈的有氧运动，快乐燃脂不枯燥"}, {"id": 86, "name": "阶梯踏板训练", "category": "有氧燃脂", "duration": 50, "coverImage": "https://images.unsplash.com/photo-1518310383802-640c2de311b2?w=800", "description": "利用踏板进行有氧训练，锻炼心肺功能与腿部力量"}], "dayName": "周一", "equipment": [{"name": "动感单车 S200", "image": "http://localhost:9000/fitness-bucket/images/28a815be-a2cd-4f77-ac7e-716a320d1422.webp"}, {"name": "泡沫轴", "image": "http://localhost:9000/fitness-bucket/images/4eda3da5-5023-457b-8076-e7020f52a711.webp"}], "exercises": []}, {"focus": "舞蹈协调性", "courses": [{"id": 99, "name": "Zumba尊巴舞", "category": "舞蹈操课", "duration": 50, "coverImage": "http://localhost:9000/fitness-bucket/courses/50e9109f-1dbd-476f-b23c-02d9d8266994.jpg", "description": "拉丁风格有氧舞蹈，热情奔放，以律动与节奏燃脂塑形，融合踢踏、摇摆与旋转，提升心肺耐力与核心控制。"}, {"id": 100, "name": "爵士舞基础", "category": "舞蹈操课", "duration": 60, "coverImage": "https://images.unsplash.com/photo-1508700115892-45ecd05ae2ad?w=800", "description": "学习爵士舞基本动作与组合，提升身体协调性"}], "dayName": "周二", "equipment": [{"name": "战绳 15米", "image": "http://localhost:9000/fitness-bucket/images/927d642f-c144-41b0-9690-a3d7861a5c49.webp"}], "exercises": []}, {"focus": "上肢力量塑形", "courses": [{"id": 80, "name": "手臂力量轰炸", "category": "力量训练", "duration": 40, "coverImage": "http://localhost:9000/fitness-bucket/courses/589bd94f-3ee4-4cd0-9896-528bcd2d2930.webp", "description": "二头肌与三头肌超级组训练，突破臂围瓶颈，高效刺激双臂肌群，提升力量与耐力。"}, {"id": 79, "name": "肩部塑形训练", "category": "力量训练", "duration": 45, "coverImage": "https://images.unsplash.com/photo-1583454110551-21f2fa2afe61?w=800", "description": "针对三角肌前中后束的专项训练，打造立体肩部，配备多角度固定式肩推与侧平举、高低坐姿推举等模块，多点位激活并塑形肩峰线，提供可调阻力与多档位选择，满足进阶塑形与力量提升需求。"}], "dayName": "周三", "equipment": [{"name": "坐姿划船器", "image": "http://localhost:9000/fitness-bucket/images/b93bee2e-a720-48c0-8fa4-05439f075f7a.webp"}, {"name": "奥林匹克杠铃杆", "image": "http://localhost:9000/fitness-bucket/images/89f93cc1-0835-4764-9680-fe7e28a83c46.webp"}], "exercises": []}, {"focus": "有氧燃脂", "courses": [{"id": 101, "name": "街舞Hip-Hop", "category": "舞蹈操课", "duration": 60, "coverImage": "https://images.unsplash.com/photo-1535525153412-5a42439a210d?w=800", "description": "学习Hip-Hop基础律动与舞步，释放青春活力"}, {"id": 84, "name": "跳绳燃脂课", "category": "有氧燃脂", "duration": 45, "coverImage": "http://localhost:9000/fitness-bucket/courses/41873e51-e76b-44ae-9cad-9bc787845fb3.webp", "description": "高强度跳绳训练，快速提升心率，高效燃烧卡路里。"}], "dayName": "周四", "equipment": [{"name": "动感单车 S200", "image": "http://localhost:9000/fitness-bucket/images/28a815be-a2cd-4f77-ac7e-716a320d1422.webp"}, {"name": "战绳 15米", "image": "http://localhost:9000/fitness-bucket/images/927d642f-c144-41b0-9690-a3d7861a5c49.webp"}], "exercises": []}, {"focus": "全身力量强化", "courses": [{"id": 81, "name": "全身力量循环", "category": "力量训练", "duration": 90, "coverImage": "https://images.unsplash.com/photo-1534438327276-14e5300c3a48?w=800", "description": "以复合动作为核心构建力量循环训练，系统提升全身整体力量水平。"}, {"id": 76, "name": "杠铃深蹲特训", "category": "力量训练", "duration": 60, "coverImage": "https://images.unsplash.com/photo-1534367507873-d2d7e24c797f?w=800", "description": "系统掌握杠铃深蹲要领，强化下肢力量与核心稳定，提升运动表现与体态控制。"}], "dayName": "周五", "equipment": [{"name": "奥林匹克杠铃杆", "image": "http://localhost:9000/fitness-bucket/images/89f93cc1-0835-4764-9680-fe7e28a83c46.webp"}, {"name": "划船机 R300", "image": "http://localhost:9000/fitness-bucket/images/4ad04cff-064f-4920-9195-7a2c98267a00.webp"}], "exercises": []}, {"focus": "舞蹈与协调", "courses": [{"id": 102, "name": "民族健身操", "category": "舞蹈操课", "duration": 65, "coverImage": "http://localhost:9000/fitness-bucket/courses/cdce174a-912b-403a-8f12-e0b7977098da.jpg", "description": "本套健身操创新融合了民族舞蹈的艺术精髓，将传统舞姿的柔美韵律与现代健身的科学节奏完美结合。在律动中，不仅能有效提升心肺功能、强健体魄，更能陶冶情操、展现优雅体态。它打破了传统健身的枯燥，实现了健康体魄与艺术修养的双重提升，让每一次跃动都成为一场身心合一的悦动体验。"}, {"id": 101, "name": "街舞Hip-Hop", "category": "舞蹈操课", "duration": 60, "coverImage": "https://images.unsplash.com/photo-1535525153412-5a42439a210d?w=800", "description": "学习Hip-Hop基础律动与舞步，释放青春活力"}], "dayName": "周六", "equipment": [{"name": "动感单车 S200", "image": "http://localhost:9000/fitness-bucket/images/28a815be-a2cd-4f77-ac7e-716a320d1422.webp"}], "exercises": []}, {"focus": "休息恢复", "courses": null, "dayName": "周日", "equipment": [], "exercises": []}]}');
INSERT INTO public.fitness_plan (id, user_id, plan_name, goal, duration, status, deleted, create_time, update_time, level, height, weight, age, gender, experience, fitness_goal, plan_data_json) VALUES (65, 30, '7天中级健身训练计划 - 保持健康', NULL, NULL, 1, false, '2026-04-13 01:38:44.525844', '2026-04-13 01:38:44.525844', NULL, 188.00, 78.00, 23, 'MALE', '中级', '保持健康', '{"subtitle": "7天中级健身训练计划 - 保持健康", "userInfo": {"bmi": "22.1", "goal": "保持健康", "height": "188 cm", "weight": "78 kg", "intensity": "中级"}, "weeklyPlan": [{"focus": "有氧燃脂", "courses": [{"id": 88, "name": "有氧舞蹈派对", "category": "有氧燃脂", "duration": 50, "coverImage": "https://images.unsplash.com/photo-1524594152303-9fd13543fe6e?w=800", "description": "结合流行舞蹈的有氧运动，快乐燃脂不枯燥"}, {"id": 101, "name": "街舞Hip-Hop", "category": "舞蹈操课", "duration": 60, "coverImage": "https://images.unsplash.com/photo-1535525153412-5a42439a210d?w=800", "description": "学习Hip-Hop基础律动与舞步，释放青春活力"}], "dayName": "周一", "equipment": [{"name": "动感单车 S200", "image": "http://localhost:9000/fitness-bucket/images/28a815be-a2cd-4f77-ac7e-716a320d1422.webp"}, {"name": "划船机 R300", "image": "http://localhost:9000/fitness-bucket/images/4ad04cff-064f-4920-9195-7a2c98267a00.webp"}], "exercises": [{"name": "跳绳燃脂", "reps": 40, "sets": 3, "restSeconds": 60}, {"name": "划船机有氧", "reps": 30, "sets": 2, "restSeconds": 45}, {"name": "动感单车间歇", "reps": 1, "sets": 3, "restSeconds": 30}]}, {"focus": "上肢力量", "courses": [{"id": 80, "name": "手臂力量轰炸", "category": "力量训练", "duration": 40, "coverImage": "http://localhost:9000/fitness-bucket/courses/589bd94f-3ee4-4cd0-9896-528bcd2d2930.webp", "description": "二头肌与三头肌超级组训练，突破臂围瓶颈，高效刺激双臂肌群，提升力量与耐力。"}, {"id": 79, "name": "肩部塑形训练", "category": "力量训练", "duration": 45, "coverImage": "https://images.unsplash.com/photo-1583454110551-21f2fa2afe61?w=800", "description": "针对三角肌前中后束的专项训练，打造立体肩部，配备多角度固定式肩推与侧平举、高低坐姿推举等模块，多点位激活并塑形肩峰线，提供可调阻力与多档位选择，满足进阶塑形与力量提升需求。"}], "dayName": "周二", "equipment": [{"name": "奥林匹克杠铃杆", "image": "http://localhost:9000/fitness-bucket/images/89f93cc1-0835-4764-9680-fe7e28a83c46.webp"}, {"name": "坐姿划船器", "image": "http://localhost:9000/fitness-bucket/images/b93bee2e-a720-48c0-8fa4-05439f075f7a.webp"}], "exercises": [{"name": "杠铃弯举", "reps": 12, "sets": 3, "restSeconds": 90}, {"name": "哑铃侧平举", "reps": 15, "sets": 3, "restSeconds": 60}, {"name": "高位下拉", "reps": 10, "sets": 3, "restSeconds": 120}, {"name": "推举", "reps": 8, "sets": 3, "restSeconds": 120}]}, {"focus": "心肺耐力", "courses": [{"id": 82, "name": "燃脂动感单车", "category": "有氧燃脂", "duration": 45, "coverImage": "http://localhost:9000/fitness-bucket/courses/0da9ecfc-d9be-4659-85f6-9c072b1df915.webp", "description": "高强度骑行训练，提供电动与手动双模式，心率与阻力可调，高强度间歇训练与节奏训练可选，提升心肺耐力与燃脂效率，适用于体能强化与耐力提升。"}, {"id": 86, "name": "阶梯踏板训练", "category": "有氧燃脂", "duration": 50, "coverImage": "https://images.unsplash.com/photo-1518310383802-640c2de311b2?w=800", "description": "利用踏板进行有氧训练，锻炼心肺功能与腿部力量"}], "dayName": "周三", "equipment": [{"name": "动感单车 S200", "image": "http://localhost:9000/fitness-bucket/images/28a815be-a2cd-4f77-ac7e-716a320d1422.webp"}, {"name": "登山机 C100", "image": "http://localhost:9000/fitness-bucket/images/8f754d4d-352a-4388-a5d3-12cc774e95d0.webp"}], "exercises": [{"name": "跑步机慢跑", "reps": 1, "sets": 1, "restSeconds": 60}, {"name": "登山机间歇", "reps": 1, "sets": 3, "restSeconds": 30}, {"name": "阶梯有氧", "reps": 1, "sets": 2, "restSeconds": 45}]}, {"focus": "全身复合力量", "courses": [{"id": 81, "name": "全身力量循环", "category": "力量训练", "duration": 90, "coverImage": "https://images.unsplash.com/photo-1534438327276-14e5300c3a48?w=800", "description": "以复合动作为核心构建力量循环训练，系统提升全身整体力量水平。"}, {"id": 76, "name": "杠铃深蹲特训", "category": "力量训练", "duration": 60, "coverImage": "https://images.unsplash.com/photo-1534367507873-d2d7e24c797f?w=800", "description": "系统掌握杠铃深蹲要领，强化下肢力量与核心稳定，提升运动表现与体态控制。"}], "dayName": "周四", "equipment": [{"name": "奥林匹克杠铃杆", "image": "http://localhost:9000/fitness-bucket/images/89f93cc1-0835-4764-9680-fe7e28a83c46.webp"}, {"name": "平板卧推凳", "image": "http://localhost:9000/fitness-bucket/images/3918b0cb-d3b7-4847-a625-401252e414d1.webp"}, {"name": "龙门架综合训练器", "image": "http://localhost:9000/fitness-bucket/images/a29ba2e2-f49c-4340-b090-38a2ad3a3776.webp"}], "exercises": [{"name": "杠铃深蹲", "reps": 4, "sets": 3, "restSeconds": 120}, {"name": "硬拉", "reps": 5, "sets": 3, "restSeconds": 120}, {"name": "卧推", "reps": 4, "sets": 3, "restSeconds": 90}, {"name": "龙门架划船", "reps": 12, "sets": 3, "restSeconds": 60}, {"name": "硬拉", "reps": 5, "sets": 2, "restSeconds": 120}]}, {"focus": "下肢与核心", "courses": [{"id": 99, "name": "Zumba尊巴舞", "category": "舞蹈操课", "duration": 50, "coverImage": "http://localhost:9000/fitness-bucket/courses/50e9109f-1dbd-476f-b23c-02d9d8266994.jpg", "description": "拉丁风格有氧舞蹈，热情奔放，以律动与节奏燃脂塑形，融合踢踏、摇摆与旋转，提升心肺耐力与核心控制。"}, {"id": 102, "name": "民族健身操", "category": "舞蹈操课", "duration": 65, "coverImage": "http://localhost:9000/fitness-bucket/courses/cdce174a-912b-403a-8f12-e0b7977098da.jpg", "description": "本套健身操创新融合了民族舞蹈的艺术精髓，将传统舞姿的柔美韵律与现代健身的科学节奏完美结合。在律动中，不仅能有效提升心肺功能、强健体魄，更能陶冶情操、展现优雅体态。它打破了传统健身的枯燥，实现了健康体魄与艺术修养的双重提升，让每一次跃动都成为一场身心合一的悦动体验。"}], "dayName": "周五", "equipment": [{"name": "战绳 15米", "image": "http://localhost:9000/fitness-bucket/images/927d642f-c144-41b0-9690-a3d7861a5c49.webp"}, {"name": "弹力带套装", "image": "http://localhost:9000/fitness-bucket/images/4800b936-589d-4380-8b88-19cd1eb0ac16.jpg"}], "exercises": [{"name": "战绳波比跳", "reps": 30, "sets": 3, "restSeconds": 60}, {"name": "弹力带肩推", "reps": 15, "sets": 3, "restSeconds": 90}, {"name": "弹力带划船", "reps": 12, "sets": 3, "restSeconds": 60}, {"name": "战绳跳跃", "reps": 25, "sets": 3, "restSeconds": 45}]}, {"focus": "心肺提升", "courses": [{"id": 84, "name": "跳绳燃脂课", "category": "有氧燃脂", "duration": 45, "coverImage": "http://localhost:9000/fitness-bucket/courses/41873e51-e76b-44ae-9cad-9bc787845fb3.webp", "description": "高强度跳绳训练，快速提升心率，高效燃烧卡路里。"}, {"id": 99, "name": "Zumba尊巴舞", "duration": 50, "coverImage": "http://localhost:9000/fitness-bucket/courses/50e9109f-1dbd-476f-b23c-02d9d8266994.jpg", "description": "拉丁风格有氧舞蹈，热情奔放，以律动与节奏燃脂塑形，融合踢踏、摇摆与旋转，提升心肺耐力与核心控制。"}], "dayName": "周六", "equipment": [{"name": "动感单车 S200", "image": "http://localhost:9000/fitness-bucket/images/28a815be-a2cd-4f77-ac7e-716a320d1422.webp"}], "exercises": [{"name": "跳绳间歇", "reps": 1, "sets": 5, "restSeconds": 60}, {"name": "跳绳节奏训练", "reps": 1, "sets": 4, "restSeconds": 45}, {"name": "跳绳心肺", "reps": 1, "sets": 3, "restSeconds": 60}]}, {"focus": "休息与恢复", "courses": null, "dayName": "周日", "equipment": [], "exercises": []}]}');
INSERT INTO public.fitness_plan (id, user_id, plan_name, goal, duration, status, deleted, create_time, update_time, level, height, weight, age, gender, experience, fitness_goal, plan_data_json) VALUES (34, 25, '女性中级增肌塑形7天计划', '下肢力量基石', 7, 1, true, '2026-04-04 02:39:15.19789', '2026-04-16 02:24:20.510613', NULL, NULL, NULL, NULL, NULL, NULL, NULL, NULL);
INSERT INTO public.fitness_plan (id, user_id, plan_name, goal, duration, status, deleted, create_time, update_time, level, height, weight, age, gender, experience, fitness_goal, plan_data_json) VALUES (37, 25, '进阶增肌七日强化计划', '胸部与三头肌轰炸', 7, 1, true, '2026-04-04 22:03:14.778792', '2026-04-16 02:24:22.662358', NULL, NULL, NULL, NULL, NULL, NULL, NULL, NULL);
INSERT INTO public.fitness_plan (id, user_id, plan_name, goal, duration, status, deleted, create_time, update_time, level, height, weight, age, gender, experience, fitness_goal, plan_data_json) VALUES (56, 25, '7天增肌高级训练计划', NULL, NULL, 1, true, '2026-04-09 00:54:33.175177', '2026-04-16 03:01:19.378153', NULL, 170.00, 63.00, NULL, NULL, '高级', '增肌', '{"subtitle": "7天增肌高级训练计划", "userInfo": {"bmi": "21.8", "goal": "增肌", "height": "170 cm", "weight": "63 kg", "intensity": "高级"}, "weeklyPlan": [{"focus": "全身复合动作强化", "courses": [{"id": 81, "name": "全身力量循环", "category": "力量训练", "duration": 90, "coverImage": "https://images.unsplash.com/photo-1534438327276-14e5300c3a48?w=800", "description": "以复合动作为核心构建力量循环训练，系统提升全身整体力量水平。"}, {"id": 76, "name": "杠铃深蹲特训", "category": "力量训练", "duration": 60, "coverImage": "https://images.unsplash.com/photo-1534367507873-d2d7e24c797f?w=800", "description": "系统掌握杠铃深蹲要领，强化下肢力量与核心稳定，提升运动表现与体态控制。"}], "dayName": "周一", "equipment": [{"name": "奥林匹克杠铃杆", "image": "http://localhost:9000/fitness-bucket/images/89f93cc1-0835-4764-9680-fe7e28a83c46.webp"}, {"name": "可调节哑铃套装", "image": "http://localhost:9000/fitness-bucket/images/960bcc89-c268-4913-985d-edd725ac7e7e.jpg"}], "exercises": [{"name": "杠铃深蹲", "reps": 4, "sets": 5, "restSeconds": 90}, {"name": "硬拉", "reps": 3, "sets": 4, "restSeconds": 120}, {"name": "卧推", "reps": 4, "sets": 4, "restSeconds": 90}]}, {"focus": "上肢力量发展", "courses": [{"id": 79, "name": "肩部塑形训练", "category": "力量训练", "duration": 45, "coverImage": "https://images.unsplash.com/photo-1583454110551-21f2fa2afe61?w=800", "description": "针对三角肌前中后束的专项训练，打造立体肩部，配备多角度固定式肩推与侧平举、高低坐姿推举等模块，多点位激活并塑形肩峰线，提供可调阻力与多档位选择，满足进阶塑形与力量提升需求。"}, {"id": 80, "name": "手臂力量轰炸", "category": "力量训练", "duration": 40, "coverImage": "http://localhost:9000/fitness-bucket/courses/589bd94f-3ee4-4cd0-9896-528bcd2d2930.webp", "description": "二头肌与三头肌超级组训练，突破臂围瓶颈，高效刺激双臂肌群，提升力量与耐力。"}], "dayName": "周二", "equipment": [{"name": "奥林匹克杠铃杆", "image": "http://localhost:9000/fitness-bucket/images/89f93cc1-0835-4764-9680-fe7e28a83c46.webp"}, {"name": "可调节哑铃套装", "image": "http://localhost:9000/fitness-bucket/images/960bcc89-c268-4913-985d-edd725ac7e7e.jpg"}, {"name": "橡胶包胶杠铃片套装", "image": "http://localhost:9000/fitness-bucket/images/71d74753-bb23-4ac3-a041-6ca2dc51e2e4.webp"}], "exercises": [{"name": "肩推", "reps": 4, "sets": 4, "restSeconds": 90}, {"name": "弯举", "reps": 4, "sets": 4, "restSeconds": 90}, {"name": "臂屈伸", "reps": 4, "sets": 4, "restSeconds": 90}]}, {"focus": "有氧耐力强化", "courses": [{"id": 88, "name": "有氧舞蹈派对", "category": "有氧燃脂", "duration": 50, "coverImage": "https://images.unsplash.com/photo-1524594152303-9fd13543fe6e?w=800", "description": "结合流行舞蹈的有氧运动，快乐燃脂不枯燥"}, {"id": 100, "name": "爵士舞基础", "category": "舞蹈操课", "duration": 60, "coverImage": "https://images.unsplash.com/photo-1508700115892-45ecd05ae2ad?w=800", "description": "学习爵士舞基本动作与组合，提升身体协调性"}], "dayName": "周三", "equipment": [{"name": "动感单车 S200", "image": "http://localhost:9000/fitness-bucket/images/28a815be-a2cd-4f77-ac7e-716a320d1422.webp"}, {"name": "划船机 R300", "image": "http://localhost:9000/fitness-bucket/images/4ad04cff-064f-4920-9195-7a2c98267a00.webp"}], "exercises": []}, {"focus": "核心稳定性强化", "courses": [{"id": 90, "name": "普拉提核心床", "category": "瑜伽普拉提", "duration": 60, "coverImage": "https://images.unsplash.com/photo-1518310383802-640c2de311b2?w=800", "description": "借助核心床进行普拉提训练，是强化核心肌群的高效途径。通过器械独特的弹簧阻力与滑动床板设计，训练者能在动态不稳定中精准激活深层肌群。这不仅有助于塑造紧致身形，更能显著提升身体稳定性与协调性，让每一次伸展与发力都充满控制之美。"}, {"id": 93, "name": "垫上普拉提塑形", "category": "瑜伽普拉提", "duration": 50, "coverImage": "https://images.unsplash.com/photo-1575052814086-f385e2e2ad1b?w=800", "description": "经典垫上普拉提动作，塑造修长线条与优雅体态"}], "dayName": "周四", "equipment": [{"name": "泡沫轴", "image": "http://localhost:9000/fitness-bucket/images/4eda3da5-5023-457b-8076-e7020f52a711.webp"}, {"name": "弹力带套装", "image": "http://localhost:9000/fitness-bucket/images/4800b936-589d-4380-8b88-19cd1eb0ac16.jpg"}], "exercises": []}, {"focus": "下肢力量强化", "courses": [{"id": 81, "name": "全身力量循环", "category": "力量训练", "duration": 90, "coverImage": "https://images.unsplash.com/photo-1534438327276-14e5300c3a48?w=800", "description": "以复合动作为核心构建力量循环训练，系统提升全身整体力量水平。"}, {"id": 76, "name": "杠铃深蹲特训", "category": "力量训练", "duration": 60, "coverImage": "https://images.unsplash.com/photo-1534367507873-d2d7e24c797f?w=800", "description": "系统掌握杠铃深蹲要领，强化下肢力量与核心稳定，提升运动表现与体态控制。"}], "dayName": "周五", "equipment": [{"name": "史密斯训练架", "image": "http://localhost:9000/fitness-bucket/images/6b017543-142a-422b-8f38-0caa3137bce0.webp"}, {"name": "腿举训练器", "image": "http://localhost:9000/fitness-bucket/images/5255958d-f107-45a6-8383-6d4904961526.webp"}], "exercises": [{"name": "腿举", "reps": 4, "sets": 4, "restSeconds": 90}, {"name": "腿屈伸", "reps": 4, "sets": 4, "restSeconds": 90}, {"name": "臀推", "reps": 4, "sets": 4, "restSeconds": 90}]}, {"focus": "高强度间歇训练", "courses": [{"id": 82, "name": "燃脂动感单车", "category": "有氧燃脂", "duration": 45, "coverImage": "http://localhost:9000/fitness-bucket/courses/0da9ecfc-d9be-4659-85f6-9c072b1df915.webp", "description": "高强度骑行训练，提供电动与手动双模式，心率与阻力可调，高强度间歇训练与节奏训练可选，提升心肺耐力与燃脂效率，适用于体能强化与耐力提升。"}, {"id": 84, "name": "跳绳燃脂课", "category": "有氧燃脂", "duration": 45, "coverImage": "http://localhost:9000/fitness-bucket/courses/41873e51-e76b-44ae-9cad-9bc787845fb3.webp", "description": "高强度跳绳训练，快速提升心率，高效燃烧卡路里。"}], "dayName": "周六", "equipment": [{"name": "商用跑步机 X1", "image": "http://localhost:9000/fitness-bucket/images/2a4e805e-b137-47c5-be32-e3b3e005e00a.webp"}, {"name": "登山机 C100", "image": "http://localhost:9000/fitness-bucket/images/8f754d4d-352a-4388-a5d3-12cc774e95d0.webp"}], "exercises": []}, {"focus": "恢复与放松", "courses": null, "dayName": "周日", "equipment": [], "exercises": []}]}');
INSERT INTO public.fitness_plan (id, user_id, plan_name, goal, duration, status, deleted, create_time, update_time, level, height, weight, age, gender, experience, fitness_goal, plan_data_json) VALUES (57, 25, '7天增肌高级训练计划', NULL, NULL, 1, true, '2026-04-09 01:39:54.375416', '2026-04-16 03:01:21.594872', NULL, 170.00, 63.00, NULL, NULL, '高级', '增肌', '{"subtitle": "7天增肌高级训练计划", "userInfo": {"bmi": "21.8", "goal": "增肌", "height": "170 cm", "weight": "63 kg", "intensity": "高级"}, "weeklyPlan": [{"focus": "全身复合动作强化", "courses": [{"id": 81, "name": "全身力量循环", "category": "力量训练", "duration": 90, "coverImage": "https://images.unsplash.com/photo-1534438327276-14e5300c3a48?w=800", "description": "以复合动作为核心构建力量循环训练，系统提升全身整体力量水平。"}, {"id": 76, "name": "杠铃深蹲特训", "category": "力量训练", "duration": 60, "coverImage": "https://images.unsplash.com/photo-1534367507873-d2d7e24c797f?w=800", "description": "系统掌握杠铃深蹲要领，强化下肢力量与核心稳定，提升运动表现与体态控制。"}], "dayName": "周一", "equipment": [{"name": "奥林匹克杠铃杆", "image": "http://localhost:9000/fitness-bucket/images/89f93cc1-0835-4764-9680-fe7e28a83c46.webp"}, {"name": "可调节哑铃套装", "image": "http://localhost:9000/fitness-bucket/images/960bcc89-c268-4913-985d-edd725ac7e7e.jpg"}], "exercises": [{"name": "杠铃深蹲", "reps": 4, "sets": 3, "restSeconds": 90}, {"name": "硬拉", "reps": 3, "sets": 3, "restSeconds": 120}, {"name": "推举", "reps": 3, "sets": 3, "restSeconds": 90}]}, {"focus": "上肢力量与肩部塑形", "courses": [{"id": 79, "name": "肩部塑形训练", "category": "力量训练", "duration": 45, "coverImage": "https://images.unsplash.com/photo-1583454110551-21f2fa2afe61?w=800", "description": "针对三角肌前中后束的专项训练，打造立体肩部，配备多角度固定式肩推与侧平举、高低坐姿推举等模块，多点位激活并塑形肩峰线，提供可调阻力与多档位选择，满足进阶塑形与力量提升需求。"}, {"id": 80, "name": "手臂力量轰炸", "category": "力量训练", "duration": 40, "coverImage": "http://localhost:9000/fitness-bucket/courses/589bd94f-3ee4-4cd0-9896-528bcd2d2930.webp", "description": "二头肌与三头肌超级组训练，突破臂围瓶颈，高效刺激双臂肌群，提升力量与耐力。"}], "dayName": "周二", "equipment": [{"name": "橡胶包胶杠铃片套装", "image": "http://localhost:9000/fitness-bucket/images/71d74753-bb23-4ac3-a041-6ca2dc51e2e4.webp"}, {"name": "史密斯训练架", "image": "http://localhost:9000/fitness-bucket/images/6b017543-142a-422b-8f38-0caa3137bce0.webp"}, {"name": "可调节哑铃套装", "image": "http://localhost:9000/fitness-bucket/images/960bcc89-c268-4913-985d-edd725ac7e7e.jpg"}], "exercises": [{"name": "坐姿推举", "reps": 4, "sets": 3, "restSeconds": 90}, {"name": "划船", "reps": 4, "sets": 3, "restSeconds": 120}, {"name": "弯举", "reps": 3, "sets": 3, "restSeconds": 90}]}, {"focus": "核心稳定性强化", "courses": [{"id": 90, "name": "普拉提核心床", "category": "瑜伽普拉提", "duration": 60, "coverImage": "https://images.unsplash.com/photo-1518310383802-640c2de311b2?w=800", "description": "借助核心床进行普拉提训练，是强化核心肌群的高效途径。通过器械独特的弹簧阻力与滑动床板设计，训练者能在动态不稳定中精准激活深层肌群。这不仅有助于塑造紧致身形，更能显著提升身体稳定性与协调性，让每一次伸展与发力都充满控制之美。"}, {"id": 104, "name": "脊柱侧弯矫正", "category": "康复体态", "duration": 50, "coverImage": "https://images.unsplash.com/photo-1506126613408-eca07ce68773?w=800", "description": "借助科学系统的专业训练，针对性矫正脊柱侧弯问题。通过强化核心肌群与优化体态排列，有效改善脊柱生理曲度，帮助身体重获自然平衡与挺拔姿态，从而提升整体健康气质。"}], "dayName": "周三", "equipment": [{"name": "划船机 R300", "image": "http://localhost:9000/fitness-bucket/images/4ad04cff-064f-4920-9195-7a2c98267a00.webp"}, {"name": "泡沫轴", "image": "http://localhost:9000/fitness-bucket/images/4eda3da5-5023-457b-8076-e7020f52a711.webp"}], "exercises": []}, {"focus": "有氧耐力与心肺强化", "courses": [{"id": 88, "name": "有氧舞蹈派对", "category": "有氧燃脂", "duration": 50, "coverImage": "https://images.unsplash.com/photo-1524594152303-9fd13543fe6e?w=800", "description": "结合流行舞蹈的有氧运动，快乐燃脂不枯燥"}, {"id": 101, "name": "街舞Hip-Hop", "category": "舞蹈操课", "duration": 60, "coverImage": "https://images.unsplash.com/photo-1535525153412-5a42439a210d?w=800", "description": "学习Hip-Hop基础律动与舞步，释放青春活力"}], "dayName": "周四", "equipment": [{"name": "商用跑步机 X1", "image": "http://localhost:9000/fitness-bucket/images/2a4e805e-b137-47c5-be32-e3b3e005e00a.webp"}, {"name": "划船机 R300", "image": "http://localhost:9000/fitness-bucket/images/4ad04cff-064f-4920-9195-7a2c98267a00.webp"}], "exercises": []}, {"focus": "爆发力与下肢强化", "courses": [{"id": 81, "name": "全身力量循环", "category": "力量训练", "duration": 90, "coverImage": "https://images.unsplash.com/photo-1534438327276-14e5300c3a48?w=800", "description": "以复合动作为核心构建力量循环训练，系统提升全身整体力量水平。"}, {"id": 76, "name": "杠铃深蹲特训", "category": "力量训练", "duration": 60, "coverImage": "https://images.unsplash.com/photo-1534367507873-d2d7e24c797f?w=800", "description": "系统掌握杠铃深蹲要领，强化下肢力量与核心稳定，提升运动表现与体态控制。"}], "dayName": "周五", "equipment": [{"name": "登山机 C100", "image": "http://localhost:9000/fitness-bucket/images/8f754d4d-352a-4388-a5d3-12cc774e95d0.webp"}, {"name": "腿举训练器", "image": "http://localhost:9000/fitness-bucket/images/5255958d-f107-45a6-8383-6d4904961526.webp"}, {"name": "可调节哑铃套装", "image": "http://localhost:9000/fitness-bucket/images/960bcc89-c268-4913-985d-edd725ac7e7e.jpg"}], "exercises": [{"name": "跳箱深蹲", "reps": 3, "sets": 4, "restSeconds": 120}, {"name": "硬拉", "reps": 4, "sets": 3, "restSeconds": 120}, {"name": "腿举", "reps": 1, "sets": 4, "restSeconds": 90}]}, {"focus": "高强度间歇燃脂", "courses": [{"id": 82, "name": "燃脂动感单车", "category": "有氧燃脂", "duration": 45, "coverImage": "http://localhost:9000/fitness-bucket/courses/0da9ecfc-d9be-4659-85f6-9c072b1df915.webp", "description": "高强度骑行训练，提供电动与手动双模式，心率与阻力可调，高强度间歇训练与节奏训练可选，提升心肺耐力与燃脂效率，适用于体能强化与耐力提升。"}, {"id": 86, "name": "阶梯踏板训练", "category": "有氧燃脂", "duration": 50, "coverImage": "https://images.unsplash.com/photo-1518310383802-640c2de311b2?w=800", "description": "利用踏板进行有氧训练，锻炼心肺功能与腿部力量"}, {"id": 84, "name": "跳绳燃脂课", "category": "有氧燃脂", "duration": 45, "coverImage": "http://localhost:9000/fitness-bucket/courses/41873e51-e76b-44ae-9cad-9bc787845fb3.webp", "description": "高强度跳绳训练，快速提升心率，高效燃烧卡路里。"}], "dayName": "周六", "equipment": [{"name": "动感单车 S200", "image": "http://localhost:9000/fitness-bucket/images/28a815be-a2cd-4f77-ac7e-716a320d1422.webp"}, {"name": "龙门架综合训练器", "image": "http://localhost:9000/fitness-bucket/images/a29ba2e2-f49c-4340-b090-38a2ad3a3776.webp"}], "exercises": []}, {"focus": "深度放松与恢复", "courses": null, "dayName": "周日", "equipment": [], "exercises": []}]}');
INSERT INTO public.fitness_plan (id, user_id, plan_name, goal, duration, status, deleted, create_time, update_time, level, height, weight, age, gender, experience, fitness_goal, plan_data_json) VALUES (71, 40, '大体重初级减脂专属7天温和启动计划', NULL, NULL, 1, false, '2026-05-08 20:30:07.993811', '2026-05-08 20:30:07.993811', NULL, 188.00, 130.00, 17, 'MALE', '初级', '减脂', '{"subtitle": "大体重初级减脂专属7天温和启动计划", "userInfo": {"bmi": "36.8", "goal": "减脂", "height": "188 cm", "weight": "130 kg", "intensity": "初级"}, "weeklyPlan": [{"focus": "有氧燃脂", "courses": [{"id": 88, "name": "有氧舞蹈派对", "category": "有氧燃脂", "duration": 50, "coverImage": "https://images.unsplash.com/photo-1524594152303-9fd13543fe6e?w=800", "description": "结合流行舞蹈的有氧运动，快乐燃脂不枯燥"}, {"id": 102, "name": "民族健身操", "category": "舞蹈操课", "duration": 65, "coverImage": "http://localhost:9000/fitness-bucket/courses/cdce174a-912b-403a-8f12-e0b7977098da.jpg", "description": "本套健身操创新融合了民族舞蹈的艺术精髓，将传统舞姿的柔美韵律与现代健身的科学节奏完美结合。在律动中，不仅能有效提升心肺功能、强健体魄，更能陶冶情操、展现优雅体态。它打破了传统健身的枯燥，实现了健康体魄与艺术修养的双重提升，让每一次跃动都成为一场身心合一的悦动体验。"}], "dayName": "周一", "equipment": [{"name": "椭圆机 E500", "image": "http://localhost:9000/fitness-bucket/images/e07bbab0-9357-4271-952a-ca20621624b3.webp"}, {"name": "弹力带套装", "image": "http://localhost:9000/fitness-bucket/images/4800b936-589d-4380-8b88-19cd1eb0ac16.jpg"}], "exercises": [{"name": "椭圆机慢跑", "reps": 30, "sets": 1, "restSeconds": 60}, {"name": "弹力带站姿推胸", "reps": 12, "sets": 3, "restSeconds": 60}, {"name": "弹力带深蹲", "reps": 15, "sets": 3, "restSeconds": 60}, {"name": "站姿提踵", "reps": 20, "sets": 3, "restSeconds": 45}, {"name": "弹力带高位下拉", "reps": 12, "sets": 3, "restSeconds": 60}, {"name": "原地高抬腿走", "reps": 30, "sets": 3, "restSeconds": 45}]}, {"focus": "力量训练", "courses": [{"id": 81, "name": "全身力量循环", "category": "力量训练", "duration": 90, "coverImage": "https://images.unsplash.com/photo-1534438327276-14e5300c3a48?w=800", "description": "以复合动作为核心构建力量循环训练，系统提升全身整体力量水平。"}, {"id": 79, "name": "肩部塑形训练", "category": "力量训练", "duration": 45, "coverImage": "https://images.unsplash.com/photo-1583454110551-21f2fa2afe61?w=800", "description": "针对三角肌前中后束的专项训练，打造立体肩部，配备多角度固定式肩推与侧平举、高低坐姿推举等模块，多点位激活并塑形肩峰线，提供可调阻力与多档位选择，满足进阶塑形与力量提升需求。"}], "dayName": "周二", "equipment": [{"name": "平板卧推凳", "image": "http://localhost:9000/fitness-bucket/images/3918b0cb-d3b7-4847-a625-401252e414d1.webp"}, {"name": "蝴蝶机", "image": "http://localhost:9000/fitness-bucket/images/b2761133-ade2-4183-8da7-aa8854a3333b.webp"}, {"name": "龙门架综合训练器", "image": "http://localhost:9000/fitness-bucket/images/a29ba2e2-f49c-4340-b090-38a2ad3a3776.webp"}], "exercises": [{"name": "器械坐姿推胸", "reps": 10, "sets": 3, "restSeconds": 90}, {"name": "蝴蝶机夹胸", "reps": 12, "sets": 3, "restSeconds": 60}, {"name": "龙门架高位下拉", "reps": 10, "sets": 3, "restSeconds": 90}, {"name": "器械坐姿推举", "reps": 10, "sets": 3, "restSeconds": 90}, {"name": "器械腿举", "reps": 12, "sets": 3, "restSeconds": 90}, {"name": "平板支撑", "reps": 30, "sets": 3, "restSeconds": 60}]}, {"focus": "有氧燃脂", "courses": [{"id": 82, "name": "燃脂动感单车", "category": "有氧燃脂", "duration": 45, "coverImage": "http://localhost:9000/fitness-bucket/courses/0da9ecfc-d9be-4659-85f6-9c072b1df915.webp", "description": "高强度骑行训练，提供电动与手动双模式，心率与阻力可调，高强度间歇训练与节奏训练可选，提升心肺耐力与燃脂效率，适用于体能强化与耐力提升。"}, {"id": 86, "name": "阶梯踏板训练", "category": "有氧燃脂", "duration": 50, "coverImage": "https://images.unsplash.com/photo-1518310383802-640c2de311b2?w=800", "description": "利用踏板进行有氧训练，锻炼心肺功能与腿部力量"}], "dayName": "周三", "equipment": [{"name": "动感单车 S200", "image": "http://localhost:9000/fitness-bucket/images/28a815be-a2cd-4f77-ac7e-716a320d1422.webp"}, {"name": "划船机 R300", "image": "http://localhost:9000/fitness-bucket/images/4ad04cff-064f-4920-9195-7a2c98267a00.webp"}], "exercises": [{"name": "动感单车坐姿平踏", "reps": 25, "sets": 1, "restSeconds": 60}, {"name": "划船机低阻力划行", "reps": 20, "sets": 1, "restSeconds": 60}, {"name": "踏板交替上步", "reps": 20, "sets": 3, "restSeconds": 45}, {"name": "自重臀桥", "reps": 15, "sets": 3, "restSeconds": 45}, {"name": "侧步蹲", "reps": 12, "sets": 3, "restSeconds": 60}, {"name": "站姿腹部呼吸收缩", "reps": 20, "sets": 3, "restSeconds": 30}]}, {"focus": "康复体态", "courses": [{"id": 104, "name": "脊柱侧弯矫正", "category": "康复体态", "duration": 50, "coverImage": "https://images.unsplash.com/photo-1506126613408-eca07ce68773?w=800", "description": "借助科学系统的专业训练，针对性矫正脊柱侧弯问题。通过强化核心肌群与优化体态排列，有效改善脊柱生理曲度，帮助身体重获自然平衡与挺拔姿态，从而提升整体健康气质。"}, {"id": 93, "name": "垫上普拉提塑形", "category": "瑜伽普拉提", "duration": 50, "coverImage": "https://images.unsplash.com/photo-1575052814086-f385e2e2ad1b?w=800", "description": "经典垫上普拉提动作，塑造修长线条与优雅体态"}], "dayName": "周四", "equipment": [{"name": "泡沫轴", "image": "http://localhost:9000/fitness-bucket/images/4eda3da5-5023-457b-8076-e7020f52a711.webp"}, {"name": "弹力带套装", "image": "http://localhost:9000/fitness-bucket/images/4800b936-589d-4380-8b88-19cd1eb0ac16.jpg"}], "exercises": [{"name": "泡沫轴背部放松", "reps": 10, "sets": 1, "restSeconds": 30}, {"name": "泡沫轴大腿前侧放松", "reps": 10, "sets": 1, "restSeconds": 30}, {"name": "猫牛式脊柱伸展", "reps": 15, "sets": 3, "restSeconds": 30}, {"name": "死虫式核心激活", "reps": 12, "sets": 3, "restSeconds": 45}, {"name": "弹力带面拉", "reps": 15, "sets": 3, "restSeconds": 45}, {"name": "鸟狗式核心稳定", "reps": 10, "sets": 3, "restSeconds": 45}]}, {"focus": "力量训练", "courses": [{"id": 80, "name": "手臂力量轰炸", "category": "力量训练", "duration": 40, "coverImage": "http://localhost:9000/fitness-bucket/courses/589bd94f-3ee4-4cd0-9896-528bcd2d2930.webp", "description": "二头肌与三头肌超级组训练，突破臂围瓶颈，高效刺激双臂肌群，提升力量与耐力。"}, {"id": 76, "name": "杠铃深蹲特训", "category": "力量训练", "duration": 60, "coverImage": "https://images.unsplash.com/photo-1534367507873-d2d7e24c797f?w=800", "description": "系统掌握杠铃深蹲要领，强化下肢力量与核心稳定，提升运动表现与体态控制。"}], "dayName": "周五", "equipment": [{"name": "奥林匹克杠铃杆", "image": "http://localhost:9000/fitness-bucket/images/89f93cc1-0835-4764-9680-fe7e28a83c46.webp"}, {"name": "腿举训练器", "image": "http://localhost:9000/fitness-bucket/images/5255958d-f107-45a6-8383-6d4904961526.webp"}, {"name": "坐姿划船器", "image": "http://localhost:9000/fitness-bucket/images/b93bee2e-a720-48c0-8fa4-05439f075f7a.webp"}], "exercises": [{"name": "空杆深蹲", "reps": 12, "sets": 3, "restSeconds": 90}, {"name": "器械腿举", "reps": 12, "sets": 3, "restSeconds": 90}, {"name": "器械坐姿划船", "reps": 12, "sets": 3, "restSeconds": 60}, {"name": "龙门架二头肌弯举", "reps": 12, "sets": 3, "restSeconds": 60}, {"name": "龙门架三头肌下压", "reps": 12, "sets": 3, "restSeconds": 60}, {"name": "壶铃摇摆", "reps": 15, "sets": 3, "restSeconds": 60}]}, {"focus": "有氧燃脂", "courses": [{"id": 99, "name": "Zumba尊巴舞", "category": "舞蹈操课", "duration": 50, "coverImage": "http://localhost:9000/fitness-bucket/courses/50e9109f-1dbd-476f-b23c-02d9d8266994.jpg", "description": "拉丁风格有氧舞蹈，热情奔放，以律动与节奏燃脂塑形，融合踢踏、摇摆与旋转，提升心肺耐力与核心控制。"}, {"id": 84, "name": "跳绳燃脂课", "category": "有氧燃脂", "duration": 45, "coverImage": "http://localhost:9000/fitness-bucket/courses/41873e51-e76b-44ae-9cad-9bc787845fb3.webp", "description": "高强度跳绳训练，快速提升心率，高效燃烧卡路里。"}], "dayName": "周六", "equipment": [{"name": "椭圆机 E500", "image": "http://localhost:9000/fitness-bucket/images/e07bbab0-9357-4271-952a-ca20621624b3.webp"}, {"name": "TRX悬挂训练带", "image": null}], "exercises": [{"name": "椭圆机对侧交替发力", "reps": 25, "sets": 1, "restSeconds": 60}, {"name": "无绳模拟跳绳", "reps": 60, "sets": 3, "restSeconds": 45}, {"name": "TRX深蹲", "reps": 15, "sets": 3, "restSeconds": 60}, {"name": "TRX划船", "reps": 12, "sets": 3, "restSeconds": 60}, {"name": "徒手侧向滑步", "reps": 20, "sets": 3, "restSeconds": 45}, {"name": "坐姿卷腹", "reps": 15, "sets": 3, "restSeconds": 45}]}, {"focus": "休息日", "courses": null, "dayName": "周日", "equipment": [], "exercises": []}]}');
INSERT INTO public.fitness_plan (id, user_id, plan_name, goal, duration, status, deleted, create_time, update_time, level, height, weight, age, gender, experience, fitness_goal, plan_data_json) VALUES (72, 40, '大体重初级减脂专属7天温和启动计划', NULL, NULL, 1, false, '2026-05-08 20:30:14.205318', '2026-05-08 20:30:14.205318', NULL, 188.00, 130.00, 17, 'MALE', '初级', '减脂', '{"subtitle": "大体重初级减脂专属7天温和启动计划", "userInfo": {"bmi": "36.8", "goal": "减脂", "height": "188 cm", "weight": "130 kg", "intensity": "初级"}, "weeklyPlan": [{"focus": "有氧燃脂", "courses": [{"id": 88, "name": "有氧舞蹈派对", "category": "有氧燃脂", "duration": 50, "coverImage": "https://images.unsplash.com/photo-1524594152303-9fd13543fe6e?w=800", "description": "结合流行舞蹈的有氧运动，快乐燃脂不枯燥"}, {"id": 102, "name": "民族健身操", "category": "舞蹈操课", "duration": 65, "coverImage": "http://localhost:9000/fitness-bucket/courses/cdce174a-912b-403a-8f12-e0b7977098da.jpg", "description": "本套健身操创新融合了民族舞蹈的艺术精髓，将传统舞姿的柔美韵律与现代健身的科学节奏完美结合。在律动中，不仅能有效提升心肺功能、强健体魄，更能陶冶情操、展现优雅体态。它打破了传统健身的枯燥，实现了健康体魄与艺术修养的双重提升，让每一次跃动都成为一场身心合一的悦动体验。"}], "dayName": "周一", "equipment": [{"name": "椭圆机 E500", "image": "http://localhost:9000/fitness-bucket/images/e07bbab0-9357-4271-952a-ca20621624b3.webp"}, {"name": "弹力带套装", "image": "http://localhost:9000/fitness-bucket/images/4800b936-589d-4380-8b88-19cd1eb0ac16.jpg"}], "exercises": [{"name": "椭圆机慢跑", "reps": 30, "sets": 1, "restSeconds": 60}, {"name": "弹力带站姿推胸", "reps": 12, "sets": 3, "restSeconds": 60}, {"name": "弹力带深蹲", "reps": 15, "sets": 3, "restSeconds": 60}, {"name": "站姿提踵", "reps": 20, "sets": 3, "restSeconds": 45}, {"name": "弹力带高位下拉", "reps": 12, "sets": 3, "restSeconds": 60}, {"name": "原地高抬腿走", "reps": 30, "sets": 3, "restSeconds": 45}]}, {"focus": "力量训练", "courses": [{"id": 81, "name": "全身力量循环", "category": "力量训练", "duration": 90, "coverImage": "https://images.unsplash.com/photo-1534438327276-14e5300c3a48?w=800", "description": "以复合动作为核心构建力量循环训练，系统提升全身整体力量水平。"}, {"id": 79, "name": "肩部塑形训练", "category": "力量训练", "duration": 45, "coverImage": "https://images.unsplash.com/photo-1583454110551-21f2fa2afe61?w=800", "description": "针对三角肌前中后束的专项训练，打造立体肩部，配备多角度固定式肩推与侧平举、高低坐姿推举等模块，多点位激活并塑形肩峰线，提供可调阻力与多档位选择，满足进阶塑形与力量提升需求。"}], "dayName": "周二", "equipment": [{"name": "平板卧推凳", "image": "http://localhost:9000/fitness-bucket/images/3918b0cb-d3b7-4847-a625-401252e414d1.webp"}, {"name": "蝴蝶机", "image": "http://localhost:9000/fitness-bucket/images/b2761133-ade2-4183-8da7-aa8854a3333b.webp"}, {"name": "龙门架综合训练器", "image": "http://localhost:9000/fitness-bucket/images/a29ba2e2-f49c-4340-b090-38a2ad3a3776.webp"}], "exercises": [{"name": "器械坐姿推胸", "reps": 10, "sets": 3, "restSeconds": 90}, {"name": "蝴蝶机夹胸", "reps": 12, "sets": 3, "restSeconds": 60}, {"name": "龙门架高位下拉", "reps": 10, "sets": 3, "restSeconds": 90}, {"name": "器械坐姿推举", "reps": 10, "sets": 3, "restSeconds": 90}, {"name": "器械腿举", "reps": 12, "sets": 3, "restSeconds": 90}, {"name": "平板支撑", "reps": 30, "sets": 3, "restSeconds": 60}]}, {"focus": "有氧燃脂", "courses": [{"id": 82, "name": "燃脂动感单车", "category": "有氧燃脂", "duration": 45, "coverImage": "http://localhost:9000/fitness-bucket/courses/0da9ecfc-d9be-4659-85f6-9c072b1df915.webp", "description": "高强度骑行训练，提供电动与手动双模式，心率与阻力可调，高强度间歇训练与节奏训练可选，提升心肺耐力与燃脂效率，适用于体能强化与耐力提升。"}, {"id": 86, "name": "阶梯踏板训练", "category": "有氧燃脂", "duration": 50, "coverImage": "https://images.unsplash.com/photo-1518310383802-640c2de311b2?w=800", "description": "利用踏板进行有氧训练，锻炼心肺功能与腿部力量"}], "dayName": "周三", "equipment": [{"name": "动感单车 S200", "image": "http://localhost:9000/fitness-bucket/images/28a815be-a2cd-4f77-ac7e-716a320d1422.webp"}, {"name": "划船机 R300", "image": "http://localhost:9000/fitness-bucket/images/4ad04cff-064f-4920-9195-7a2c98267a00.webp"}], "exercises": [{"name": "动感单车坐姿平踏", "reps": 25, "sets": 1, "restSeconds": 60}, {"name": "划船机低阻力划行", "reps": 20, "sets": 1, "restSeconds": 60}, {"name": "踏板交替上步", "reps": 20, "sets": 3, "restSeconds": 45}, {"name": "自重臀桥", "reps": 15, "sets": 3, "restSeconds": 45}, {"name": "侧步蹲", "reps": 12, "sets": 3, "restSeconds": 60}, {"name": "站姿腹部呼吸收缩", "reps": 20, "sets": 3, "restSeconds": 30}]}, {"focus": "康复体态", "courses": [{"id": 104, "name": "脊柱侧弯矫正", "category": "康复体态", "duration": 50, "coverImage": "https://images.unsplash.com/photo-1506126613408-eca07ce68773?w=800", "description": "借助科学系统的专业训练，针对性矫正脊柱侧弯问题。通过强化核心肌群与优化体态排列，有效改善脊柱生理曲度，帮助身体重获自然平衡与挺拔姿态，从而提升整体健康气质。"}, {"id": 93, "name": "垫上普拉提塑形", "category": "瑜伽普拉提", "duration": 50, "coverImage": "https://images.unsplash.com/photo-1575052814086-f385e2e2ad1b?w=800", "description": "经典垫上普拉提动作，塑造修长线条与优雅体态"}], "dayName": "周四", "equipment": [{"name": "泡沫轴", "image": "http://localhost:9000/fitness-bucket/images/4eda3da5-5023-457b-8076-e7020f52a711.webp"}, {"name": "弹力带套装", "image": "http://localhost:9000/fitness-bucket/images/4800b936-589d-4380-8b88-19cd1eb0ac16.jpg"}], "exercises": [{"name": "泡沫轴背部放松", "reps": 10, "sets": 1, "restSeconds": 30}, {"name": "泡沫轴大腿前侧放松", "reps": 10, "sets": 1, "restSeconds": 30}, {"name": "猫牛式脊柱伸展", "reps": 15, "sets": 3, "restSeconds": 30}, {"name": "死虫式核心激活", "reps": 12, "sets": 3, "restSeconds": 45}, {"name": "弹力带面拉", "reps": 15, "sets": 3, "restSeconds": 45}, {"name": "鸟狗式核心稳定", "reps": 10, "sets": 3, "restSeconds": 45}]}, {"focus": "力量训练", "courses": [{"id": 80, "name": "手臂力量轰炸", "category": "力量训练", "duration": 40, "coverImage": "http://localhost:9000/fitness-bucket/courses/589bd94f-3ee4-4cd0-9896-528bcd2d2930.webp", "description": "二头肌与三头肌超级组训练，突破臂围瓶颈，高效刺激双臂肌群，提升力量与耐力。"}, {"id": 76, "name": "杠铃深蹲特训", "category": "力量训练", "duration": 60, "coverImage": "https://images.unsplash.com/photo-1534367507873-d2d7e24c797f?w=800", "description": "系统掌握杠铃深蹲要领，强化下肢力量与核心稳定，提升运动表现与体态控制。"}], "dayName": "周五", "equipment": [{"name": "奥林匹克杠铃杆", "image": "http://localhost:9000/fitness-bucket/images/89f93cc1-0835-4764-9680-fe7e28a83c46.webp"}, {"name": "腿举训练器", "image": "http://localhost:9000/fitness-bucket/images/5255958d-f107-45a6-8383-6d4904961526.webp"}, {"name": "坐姿划船器", "image": "http://localhost:9000/fitness-bucket/images/b93bee2e-a720-48c0-8fa4-05439f075f7a.webp"}], "exercises": [{"name": "空杆深蹲", "reps": 12, "sets": 3, "restSeconds": 90}, {"name": "器械腿举", "reps": 12, "sets": 3, "restSeconds": 90}, {"name": "器械坐姿划船", "reps": 12, "sets": 3, "restSeconds": 60}, {"name": "龙门架二头肌弯举", "reps": 12, "sets": 3, "restSeconds": 60}, {"name": "龙门架三头肌下压", "reps": 12, "sets": 3, "restSeconds": 60}, {"name": "壶铃摇摆", "reps": 15, "sets": 3, "restSeconds": 60}]}, {"focus": "有氧燃脂", "courses": [{"id": 99, "name": "Zumba尊巴舞", "category": "舞蹈操课", "duration": 50, "coverImage": "http://localhost:9000/fitness-bucket/courses/50e9109f-1dbd-476f-b23c-02d9d8266994.jpg", "description": "拉丁风格有氧舞蹈，热情奔放，以律动与节奏燃脂塑形，融合踢踏、摇摆与旋转，提升心肺耐力与核心控制。"}, {"id": 84, "name": "跳绳燃脂课", "category": "有氧燃脂", "duration": 45, "coverImage": "http://localhost:9000/fitness-bucket/courses/41873e51-e76b-44ae-9cad-9bc787845fb3.webp", "description": "高强度跳绳训练，快速提升心率，高效燃烧卡路里。"}], "dayName": "周六", "equipment": [{"name": "椭圆机 E500", "image": "http://localhost:9000/fitness-bucket/images/e07bbab0-9357-4271-952a-ca20621624b3.webp"}, {"name": "TRX悬挂训练带", "image": null}], "exercises": [{"name": "椭圆机对侧交替发力", "reps": 25, "sets": 1, "restSeconds": 60}, {"name": "无绳模拟跳绳", "reps": 60, "sets": 3, "restSeconds": 45}, {"name": "TRX深蹲", "reps": 15, "sets": 3, "restSeconds": 60}, {"name": "TRX划船", "reps": 12, "sets": 3, "restSeconds": 60}, {"name": "徒手侧向滑步", "reps": 20, "sets": 3, "restSeconds": 45}, {"name": "坐姿卷腹", "reps": 15, "sets": 3, "restSeconds": 45}]}, {"focus": "休息日", "courses": null, "dayName": "周日", "equipment": [], "exercises": []}]}');
INSERT INTO public.fitness_plan (id, user_id, plan_name, goal, duration, status, deleted, create_time, update_time, level, height, weight, age, gender, experience, fitness_goal, plan_data_json) VALUES (73, 40, '大体重初级减脂专属7天温和启动计划', NULL, NULL, 1, false, '2026-05-08 20:32:21.982201', '2026-05-08 20:32:21.982201', NULL, 188.00, 130.00, 17, 'MALE', '初级', '减脂', '{"subtitle": "大体重初级减脂专属7天温和启动计划", "userInfo": {"bmi": "36.8", "goal": "减脂", "height": "188 cm", "weight": "130 kg", "intensity": "初级"}, "weeklyPlan": [{"focus": "有氧燃脂", "courses": [{"id": 88, "name": "有氧舞蹈派对", "category": "有氧燃脂", "duration": 50, "coverImage": "https://images.unsplash.com/photo-1524594152303-9fd13543fe6e?w=800", "description": "结合流行舞蹈的有氧运动，快乐燃脂不枯燥"}, {"id": 102, "name": "民族健身操", "category": "舞蹈操课", "duration": 65, "coverImage": "http://localhost:9000/fitness-bucket/courses/cdce174a-912b-403a-8f12-e0b7977098da.jpg", "description": "本套健身操创新融合了民族舞蹈的艺术精髓，将传统舞姿的柔美韵律与现代健身的科学节奏完美结合。在律动中，不仅能有效提升心肺功能、强健体魄，更能陶冶情操、展现优雅体态。它打破了传统健身的枯燥，实现了健康体魄与艺术修养的双重提升，让每一次跃动都成为一场身心合一的悦动体验。"}], "dayName": "周一", "equipment": [{"name": "椭圆机 E500", "image": "http://localhost:9000/fitness-bucket/images/e07bbab0-9357-4271-952a-ca20621624b3.webp"}, {"name": "弹力带套装", "image": "http://localhost:9000/fitness-bucket/images/4800b936-589d-4380-8b88-19cd1eb0ac16.jpg"}], "exercises": [{"name": "椭圆机慢跑", "reps": 30, "sets": 1, "restSeconds": 60}, {"name": "弹力带站姿推胸", "reps": 12, "sets": 3, "restSeconds": 60}, {"name": "弹力带深蹲", "reps": 15, "sets": 3, "restSeconds": 60}, {"name": "站姿提踵", "reps": 20, "sets": 3, "restSeconds": 45}, {"name": "弹力带高位下拉", "reps": 12, "sets": 3, "restSeconds": 60}, {"name": "原地高抬腿走", "reps": 30, "sets": 3, "restSeconds": 45}]}, {"focus": "力量训练", "courses": [{"id": 81, "name": "全身力量循环", "category": "力量训练", "duration": 90, "coverImage": "https://images.unsplash.com/photo-1534438327276-14e5300c3a48?w=800", "description": "以复合动作为核心构建力量循环训练，系统提升全身整体力量水平。"}, {"id": 79, "name": "肩部塑形训练", "category": "力量训练", "duration": 45, "coverImage": "https://images.unsplash.com/photo-1583454110551-21f2fa2afe61?w=800", "description": "针对三角肌前中后束的专项训练，打造立体肩部，配备多角度固定式肩推与侧平举、高低坐姿推举等模块，多点位激活并塑形肩峰线，提供可调阻力与多档位选择，满足进阶塑形与力量提升需求。"}], "dayName": "周二", "equipment": [{"name": "平板卧推凳", "image": "http://localhost:9000/fitness-bucket/images/3918b0cb-d3b7-4847-a625-401252e414d1.webp"}, {"name": "蝴蝶机", "image": "http://localhost:9000/fitness-bucket/images/b2761133-ade2-4183-8da7-aa8854a3333b.webp"}, {"name": "龙门架综合训练器", "image": "http://localhost:9000/fitness-bucket/images/a29ba2e2-f49c-4340-b090-38a2ad3a3776.webp"}], "exercises": [{"name": "器械坐姿推胸", "reps": 10, "sets": 3, "restSeconds": 90}, {"name": "蝴蝶机夹胸", "reps": 12, "sets": 3, "restSeconds": 60}, {"name": "龙门架高位下拉", "reps": 10, "sets": 3, "restSeconds": 90}, {"name": "器械坐姿推举", "reps": 10, "sets": 3, "restSeconds": 90}, {"name": "器械腿举", "reps": 12, "sets": 3, "restSeconds": 90}, {"name": "平板支撑", "reps": 30, "sets": 3, "restSeconds": 60}]}, {"focus": "有氧燃脂", "courses": [{"id": 82, "name": "燃脂动感单车", "category": "有氧燃脂", "duration": 45, "coverImage": "http://localhost:9000/fitness-bucket/courses/0da9ecfc-d9be-4659-85f6-9c072b1df915.webp", "description": "高强度骑行训练，提供电动与手动双模式，心率与阻力可调，高强度间歇训练与节奏训练可选，提升心肺耐力与燃脂效率，适用于体能强化与耐力提升。"}, {"id": 86, "name": "阶梯踏板训练", "category": "有氧燃脂", "duration": 50, "coverImage": "https://images.unsplash.com/photo-1518310383802-640c2de311b2?w=800", "description": "利用踏板进行有氧训练，锻炼心肺功能与腿部力量"}], "dayName": "周三", "equipment": [{"name": "动感单车 S200", "image": "http://localhost:9000/fitness-bucket/images/28a815be-a2cd-4f77-ac7e-716a320d1422.webp"}, {"name": "划船机 R300", "image": "http://localhost:9000/fitness-bucket/images/4ad04cff-064f-4920-9195-7a2c98267a00.webp"}], "exercises": [{"name": "动感单车坐姿平踏", "reps": 25, "sets": 1, "restSeconds": 60}, {"name": "划船机低阻力划行", "reps": 20, "sets": 1, "restSeconds": 60}, {"name": "踏板交替上步", "reps": 20, "sets": 3, "restSeconds": 45}, {"name": "自重臀桥", "reps": 15, "sets": 3, "restSeconds": 45}, {"name": "侧步蹲", "reps": 12, "sets": 3, "restSeconds": 60}, {"name": "站姿腹部呼吸收缩", "reps": 20, "sets": 3, "restSeconds": 30}]}, {"focus": "康复体态", "courses": [{"id": 104, "name": "脊柱侧弯矫正", "category": "康复体态", "duration": 50, "coverImage": "https://images.unsplash.com/photo-1506126613408-eca07ce68773?w=800", "description": "借助科学系统的专业训练，针对性矫正脊柱侧弯问题。通过强化核心肌群与优化体态排列，有效改善脊柱生理曲度，帮助身体重获自然平衡与挺拔姿态，从而提升整体健康气质。"}, {"id": 93, "name": "垫上普拉提塑形", "category": "瑜伽普拉提", "duration": 50, "coverImage": "https://images.unsplash.com/photo-1575052814086-f385e2e2ad1b?w=800", "description": "经典垫上普拉提动作，塑造修长线条与优雅体态"}], "dayName": "周四", "equipment": [{"name": "泡沫轴", "image": "http://localhost:9000/fitness-bucket/images/4eda3da5-5023-457b-8076-e7020f52a711.webp"}, {"name": "弹力带套装", "image": "http://localhost:9000/fitness-bucket/images/4800b936-589d-4380-8b88-19cd1eb0ac16.jpg"}], "exercises": [{"name": "泡沫轴背部放松", "reps": 10, "sets": 1, "restSeconds": 30}, {"name": "泡沫轴大腿前侧放松", "reps": 10, "sets": 1, "restSeconds": 30}, {"name": "猫牛式脊柱伸展", "reps": 15, "sets": 3, "restSeconds": 30}, {"name": "死虫式核心激活", "reps": 12, "sets": 3, "restSeconds": 45}, {"name": "弹力带面拉", "reps": 15, "sets": 3, "restSeconds": 45}, {"name": "鸟狗式核心稳定", "reps": 10, "sets": 3, "restSeconds": 45}]}, {"focus": "力量训练", "courses": [{"id": 80, "name": "手臂力量轰炸", "category": "力量训练", "duration": 40, "coverImage": "http://localhost:9000/fitness-bucket/courses/589bd94f-3ee4-4cd0-9896-528bcd2d2930.webp", "description": "二头肌与三头肌超级组训练，突破臂围瓶颈，高效刺激双臂肌群，提升力量与耐力。"}, {"id": 76, "name": "杠铃深蹲特训", "category": "力量训练", "duration": 60, "coverImage": "https://images.unsplash.com/photo-1534367507873-d2d7e24c797f?w=800", "description": "系统掌握杠铃深蹲要领，强化下肢力量与核心稳定，提升运动表现与体态控制。"}], "dayName": "周五", "equipment": [{"name": "奥林匹克杠铃杆", "image": "http://localhost:9000/fitness-bucket/images/89f93cc1-0835-4764-9680-fe7e28a83c46.webp"}, {"name": "腿举训练器", "image": "http://localhost:9000/fitness-bucket/images/5255958d-f107-45a6-8383-6d4904961526.webp"}, {"name": "坐姿划船器", "image": "http://localhost:9000/fitness-bucket/images/b93bee2e-a720-48c0-8fa4-05439f075f7a.webp"}], "exercises": [{"name": "空杆深蹲", "reps": 12, "sets": 3, "restSeconds": 90}, {"name": "器械腿举", "reps": 12, "sets": 3, "restSeconds": 90}, {"name": "器械坐姿划船", "reps": 12, "sets": 3, "restSeconds": 60}, {"name": "龙门架二头肌弯举", "reps": 12, "sets": 3, "restSeconds": 60}, {"name": "龙门架三头肌下压", "reps": 12, "sets": 3, "restSeconds": 60}, {"name": "壶铃摇摆", "reps": 15, "sets": 3, "restSeconds": 60}]}, {"focus": "有氧燃脂", "courses": [{"id": 99, "name": "Zumba尊巴舞", "category": "舞蹈操课", "duration": 50, "coverImage": "http://localhost:9000/fitness-bucket/courses/50e9109f-1dbd-476f-b23c-02d9d8266994.jpg", "description": "拉丁风格有氧舞蹈，热情奔放，以律动与节奏燃脂塑形，融合踢踏、摇摆与旋转，提升心肺耐力与核心控制。"}, {"id": 84, "name": "跳绳燃脂课", "category": "有氧燃脂", "duration": 45, "coverImage": "http://localhost:9000/fitness-bucket/courses/41873e51-e76b-44ae-9cad-9bc787845fb3.webp", "description": "高强度跳绳训练，快速提升心率，高效燃烧卡路里。"}], "dayName": "周六", "equipment": [{"name": "椭圆机 E500", "image": "http://localhost:9000/fitness-bucket/images/e07bbab0-9357-4271-952a-ca20621624b3.webp"}, {"name": "TRX悬挂训练带", "image": null}], "exercises": [{"name": "椭圆机对侧交替发力", "reps": 25, "sets": 1, "restSeconds": 60}, {"name": "无绳模拟跳绳", "reps": 60, "sets": 3, "restSeconds": 45}, {"name": "TRX深蹲", "reps": 15, "sets": 3, "restSeconds": 60}, {"name": "TRX划船", "reps": 12, "sets": 3, "restSeconds": 60}, {"name": "徒手侧向滑步", "reps": 20, "sets": 3, "restSeconds": 45}, {"name": "坐姿卷腹", "reps": 15, "sets": 3, "restSeconds": 45}]}, {"focus": "休息日", "courses": null, "dayName": "周日", "equipment": [], "exercises": []}]}');
INSERT INTO public.fitness_plan (id, user_id, plan_name, goal, duration, status, deleted, create_time, update_time, level, height, weight, age, gender, experience, fitness_goal, plan_data_json) VALUES (68, 40, '针对大体重初级学员的温和减脂启动计划，以低冲击有氧与基础力量为主，保护关节，稳步燃脂', NULL, NULL, 1, true, '2026-05-08 19:22:06.310972', '2026-05-08 20:43:06.183104', NULL, 188.00, 130.00, 17, 'MALE', '初级', '减脂', '{"subtitle": "针对大体重初级学员的温和减脂启动计划，以低冲击有氧与基础力量为主，保护关节，稳步燃脂", "userInfo": {"bmi": "36.8", "goal": "减脂", "height": "188 cm", "weight": "130 kg", "intensity": "初级"}, "weeklyPlan": [{"focus": "有氧燃脂", "courses": [{"id": 88, "name": "有氧舞蹈派对", "category": "有氧燃脂", "duration": 50, "coverImage": "https://images.unsplash.com/photo-1524594152303-9fd13543fe6e?w=800", "description": "结合流行舞蹈的有氧运动，快乐燃脂不枯燥"}, {"id": 93, "name": "垫上普拉提塑形", "category": "瑜伽普拉提", "duration": 50, "coverImage": "https://images.unsplash.com/photo-1575052814086-f385e2e2ad1b?w=800", "description": "经典垫上普拉提动作，塑造修长线条与优雅体态"}], "dayName": "周一", "equipment": [{"name": "椭圆机 E500", "image": "http://localhost:9000/fitness-bucket/images/e07bbab0-9357-4271-952a-ca20621624b3.webp"}, {"name": "泡沫轴", "image": "http://localhost:9000/fitness-bucket/images/4eda3da5-5023-457b-8076-e7020f52a711.webp"}], "exercises": [{"name": "椭圆机慢速踩踏", "reps": 30, "sets": 1, "restSeconds": 60}, {"name": "垫上腹式呼吸", "reps": 15, "sets": 3, "restSeconds": 30}, {"name": "仰卧交替抬腿", "reps": 15, "sets": 3, "restSeconds": 45}, {"name": "侧卧抬腿", "reps": 12, "sets": 3, "restSeconds": 45}, {"name": "猫牛式脊柱伸展", "reps": 15, "sets": 3, "restSeconds": 30}, {"name": "泡沫轴背部放松", "reps": 10, "sets": 1, "restSeconds": 30}]}, {"focus": "力量训练", "courses": [{"id": 81, "name": "全身力量循环", "category": "力量训练", "duration": 90, "coverImage": "https://images.unsplash.com/photo-1534438327276-14e5300c3a48?w=800", "description": "以复合动作为核心构建力量循环训练，系统提升全身整体力量水平。"}, {"id": 79, "name": "肩部塑形训练", "category": "力量训练", "duration": 45, "coverImage": "https://images.unsplash.com/photo-1583454110551-21f2fa2afe61?w=800", "description": "针对三角肌前中后束的专项训练，打造立体肩部，配备多角度固定式肩推与侧平举、高低坐姿推举等模块，多点位激活并塑形肩峰线，提供可调阻力与多档位选择，满足进阶塑形与力量提升需求。"}], "dayName": "周二", "equipment": [{"name": "弹力带套装", "image": "http://localhost:9000/fitness-bucket/images/4800b936-589d-4380-8b88-19cd1eb0ac16.jpg"}, {"name": "坐姿划船器", "image": "http://localhost:9000/fitness-bucket/images/b93bee2e-a720-48c0-8fa4-05439f075f7a.webp"}, {"name": "龙门架综合训练器", "image": "http://localhost:9000/fitness-bucket/images/a29ba2e2-f49c-4340-b090-38a2ad3a3776.webp"}], "exercises": [{"name": "弹力带深蹲", "reps": 12, "sets": 3, "restSeconds": 90}, {"name": "坐姿划船", "reps": 12, "sets": 3, "restSeconds": 90}, {"name": "龙门架高位下拉", "reps": 12, "sets": 3, "restSeconds": 90}, {"name": "弹力带肩推", "reps": 10, "sets": 3, "restSeconds": 60}, {"name": "弹力带侧平举", "reps": 12, "sets": 3, "restSeconds": 60}, {"name": "平板支撑", "reps": 30, "sets": 3, "restSeconds": 60}]}, {"focus": "有氧燃脂", "courses": [{"id": 82, "name": "燃脂动感单车", "category": "有氧燃脂", "duration": 45, "coverImage": "http://localhost:9000/fitness-bucket/courses/0da9ecfc-d9be-4659-85f6-9c072b1df915.webp", "description": "高强度骑行训练，提供电动与手动双模式，心率与阻力可调，高强度间歇训练与节奏训练可选，提升心肺耐力与燃脂效率，适用于体能强化与耐力提升。"}, {"id": 91, "name": "阴瑜伽深度放松", "category": "瑜伽普拉提", "duration": 90, "coverImage": "https://images.unsplash.com/photo-1506126613408-eca07ce68773?w=800", "description": "长时间保持体式，深度拉伸结缔组织，缓解压力"}], "dayName": "周三", "equipment": [{"name": "动感单车 S200", "image": "http://localhost:9000/fitness-bucket/images/28a815be-a2cd-4f77-ac7e-716a320d1422.webp"}, {"name": "泡沫轴", "image": "http://localhost:9000/fitness-bucket/images/4eda3da5-5023-457b-8076-e7020f52a711.webp"}], "exercises": [{"name": "动感单车平路骑行", "reps": 25, "sets": 1, "restSeconds": 60}, {"name": "蝴蝶式拉伸", "reps": 10, "sets": 1, "restSeconds": 30}, {"name": "仰卧脊柱扭转", "reps": 10, "sets": 3, "restSeconds": 30}, {"name": "低飞龙式拉伸", "reps": 8, "sets": 2, "restSeconds": 30}, {"name": "婴儿式放松", "reps": 10, "sets": 1, "restSeconds": 30}, {"name": "泡沫轴大腿前侧放松", "reps": 10, "sets": 1, "restSeconds": 30}]}, {"focus": "力量训练", "courses": [{"id": 76, "name": "杠铃深蹲特训", "category": "力量训练", "duration": 60, "coverImage": "https://images.unsplash.com/photo-1534367507873-d2d7e24c797f?w=800", "description": "系统掌握杠铃深蹲要领，强化下肢力量与核心稳定，提升运动表现与体态控制。"}, {"id": 80, "name": "手臂力量轰炸", "category": "力量训练", "duration": 40, "coverImage": "http://localhost:9000/fitness-bucket/courses/589bd94f-3ee4-4cd0-9896-528bcd2d2930.webp", "description": "二头肌与三头肌超级组训练，突破臂围瓶颈，高效刺激双臂肌群，提升力量与耐力。"}], "dayName": "周四", "equipment": [{"name": "腿举训练器", "image": "http://localhost:9000/fitness-bucket/images/5255958d-f107-45a6-8383-6d4904961526.webp"}, {"name": "奥林匹克杠铃杆", "image": "http://localhost:9000/fitness-bucket/images/89f93cc1-0835-4764-9680-fe7e28a83c46.webp"}, {"name": "平板卧推凳", "image": "http://localhost:9000/fitness-bucket/images/3918b0cb-d3b7-4847-a625-401252e414d1.webp"}, {"name": "弹力带套装", "image": "http://localhost:9000/fitness-bucket/images/4800b936-589d-4380-8b88-19cd1eb0ac16.jpg"}], "exercises": [{"name": "腿举机轻重量推举", "reps": 12, "sets": 3, "restSeconds": 90}, {"name": "空杆杠铃深蹲", "reps": 10, "sets": 3, "restSeconds": 120}, {"name": "弹力带二头肌弯举", "reps": 12, "sets": 3, "restSeconds": 60}, {"name": "弹力带三头肌下压", "reps": 12, "sets": 3, "restSeconds": 60}, {"name": "平板支撑", "reps": 30, "sets": 3, "restSeconds": 60}, {"name": "站姿提踵", "reps": 15, "sets": 3, "restSeconds": 45}]}, {"focus": "有氧燃脂", "courses": [{"id": 99, "name": "Zumba尊巴舞", "category": "舞蹈操课", "duration": 50, "coverImage": "http://localhost:9000/fitness-bucket/courses/50e9109f-1dbd-476f-b23c-02d9d8266994.jpg", "description": "拉丁风格有氧舞蹈，热情奔放，以律动与节奏燃脂塑形，融合踢踏、摇摆与旋转，提升心肺耐力与核心控制。"}, {"id": 104, "name": "脊柱侧弯矫正", "category": "康复体态", "duration": 50, "coverImage": "https://images.unsplash.com/photo-1506126613408-eca07ce68773?w=800", "description": "借助科学系统的专业训练，针对性矫正脊柱侧弯问题。通过强化核心肌群与优化体态排列，有效改善脊柱生理曲度，帮助身体重获自然平衡与挺拔姿态，从而提升整体健康气质。"}], "dayName": "周五", "equipment": [{"name": "椭圆机 E500", "image": "http://localhost:9000/fitness-bucket/images/e07bbab0-9357-4271-952a-ca20621624b3.webp"}, {"name": "泡沫轴", "image": "http://localhost:9000/fitness-bucket/images/4eda3da5-5023-457b-8076-e7020f52a711.webp"}], "exercises": [{"name": "椭圆机中等阻力踩踏", "reps": 30, "sets": 1, "restSeconds": 60}, {"name": "四足位手臂交替前伸", "reps": 12, "sets": 3, "restSeconds": 45}, {"name": "侧卧胸椎旋转", "reps": 10, "sets": 3, "restSeconds": 45}, {"name": "死虫式核心稳定", "reps": 12, "sets": 3, "restSeconds": 45}, {"name": "鸟狗式伸展", "reps": 10, "sets": 3, "restSeconds": 45}, {"name": "泡沫轴腰方肌放松", "reps": 10, "sets": 1, "restSeconds": 30}]}, {"focus": "力量训练", "courses": [{"id": 81, "name": "全身力量循环", "category": "力量训练", "duration": 90, "coverImage": "https://images.unsplash.com/photo-1534438327276-14e5300c3a48?w=800", "description": "以复合动作为核心构建力量循环训练，系统提升全身整体力量水平。"}, {"id": 90, "name": "普拉提核心床", "category": "瑜伽普拉提", "duration": 60, "coverImage": "https://images.unsplash.com/photo-1518310383802-640c2de311b2?w=800", "description": "借助核心床进行普拉提训练，是强化核心肌群的高效途径。通过器械独特的弹簧阻力与滑动床板设计，训练者能在动态不稳定中精准激活深层肌群。这不仅有助于塑造紧致身形，更能显著提升身体稳定性与协调性，让每一次伸展与发力都充满控制之美。"}], "dayName": "周六", "equipment": [{"name": "蝴蝶机", "image": "http://localhost:9000/fitness-bucket/images/b2761133-ade2-4183-8da7-aa8854a3333b.webp"}, {"name": "TRX悬挂训练带", "image": null}, {"name": "壶铃套装", "image": "http://localhost:9000/fitness-bucket/images/50b712ab-fb6e-4c07-b8c1-cc41a466da04.webp"}], "exercises": [{"name": "蝴蝶机夹胸", "reps": 12, "sets": 3, "restSeconds": 90}, {"name": "TRX划船", "reps": 12, "sets": 3, "restSeconds": 90}, {"name": "壶铃高脚杯深蹲", "reps": 10, "sets": 3, "restSeconds": 90}, {"name": "TRX深蹲跳", "reps": 8, "sets": 3, "restSeconds": 60}, {"name": "壶铃摇摆", "reps": 15, "sets": 3, "restSeconds": 60}, {"name": "仰卧卷腹", "reps": 15, "sets": 3, "restSeconds": 45}]}, {"focus": "休息恢复", "courses": null, "dayName": "周日", "equipment": [], "exercises": []}]}');
INSERT INTO public.fitness_plan (id, user_id, plan_name, goal, duration, status, deleted, create_time, update_time, level, height, weight, age, gender, experience, fitness_goal, plan_data_json) VALUES (69, 40, '大体重初级减脂专属7天温和启动计划', NULL, NULL, 1, true, '2026-05-08 20:03:50.20449', '2026-05-08 20:43:09.368463', NULL, 188.00, 130.00, 17, 'MALE', '初级', '减脂', '{"subtitle": "大体重初级减脂专属7天温和启动计划", "userInfo": {"bmi": "36.8", "goal": "减脂", "height": "188 cm", "weight": "130 kg", "intensity": "初级"}, "weeklyPlan": [{"focus": "有氧燃脂", "courses": [{"id": 88, "name": "有氧舞蹈派对", "category": "有氧燃脂", "duration": 50, "coverImage": "https://images.unsplash.com/photo-1524594152303-9fd13543fe6e?w=800", "description": "结合流行舞蹈的有氧运动，快乐燃脂不枯燥"}, {"id": 102, "name": "民族健身操", "category": "舞蹈操课", "duration": 65, "coverImage": "http://localhost:9000/fitness-bucket/courses/cdce174a-912b-403a-8f12-e0b7977098da.jpg", "description": "本套健身操创新融合了民族舞蹈的艺术精髓，将传统舞姿的柔美韵律与现代健身的科学节奏完美结合。在律动中，不仅能有效提升心肺功能、强健体魄，更能陶冶情操、展现优雅体态。它打破了传统健身的枯燥，实现了健康体魄与艺术修养的双重提升，让每一次跃动都成为一场身心合一的悦动体验。"}], "dayName": "周一", "equipment": [{"name": "椭圆机 E500", "image": "http://localhost:9000/fitness-bucket/images/e07bbab0-9357-4271-952a-ca20621624b3.webp"}, {"name": "弹力带套装", "image": "http://localhost:9000/fitness-bucket/images/4800b936-589d-4380-8b88-19cd1eb0ac16.jpg"}], "exercises": [{"name": "椭圆机慢跑", "reps": 30, "sets": 1, "restSeconds": 60}, {"name": "弹力带站姿推胸", "reps": 12, "sets": 3, "restSeconds": 60}, {"name": "弹力带深蹲", "reps": 15, "sets": 3, "restSeconds": 60}, {"name": "站姿提踵", "reps": 20, "sets": 3, "restSeconds": 45}, {"name": "弹力带高位下拉", "reps": 12, "sets": 3, "restSeconds": 60}, {"name": "原地高抬腿走", "reps": 30, "sets": 3, "restSeconds": 45}]}, {"focus": "力量训练", "courses": [{"id": 81, "name": "全身力量循环", "category": "力量训练", "duration": 90, "coverImage": "https://images.unsplash.com/photo-1534438327276-14e5300c3a48?w=800", "description": "以复合动作为核心构建力量循环训练，系统提升全身整体力量水平。"}, {"id": 79, "name": "肩部塑形训练", "category": "力量训练", "duration": 45, "coverImage": "https://images.unsplash.com/photo-1583454110551-21f2fa2afe61?w=800", "description": "针对三角肌前中后束的专项训练，打造立体肩部，配备多角度固定式肩推与侧平举、高低坐姿推举等模块，多点位激活并塑形肩峰线，提供可调阻力与多档位选择，满足进阶塑形与力量提升需求。"}], "dayName": "周二", "equipment": [{"name": "平板卧推凳", "image": "http://localhost:9000/fitness-bucket/images/3918b0cb-d3b7-4847-a625-401252e414d1.webp"}, {"name": "蝴蝶机", "image": "http://localhost:9000/fitness-bucket/images/b2761133-ade2-4183-8da7-aa8854a3333b.webp"}, {"name": "龙门架综合训练器", "image": "http://localhost:9000/fitness-bucket/images/a29ba2e2-f49c-4340-b090-38a2ad3a3776.webp"}], "exercises": [{"name": "器械坐姿推胸", "reps": 10, "sets": 3, "restSeconds": 90}, {"name": "蝴蝶机夹胸", "reps": 12, "sets": 3, "restSeconds": 60}, {"name": "龙门架高位下拉", "reps": 10, "sets": 3, "restSeconds": 90}, {"name": "器械坐姿推举", "reps": 10, "sets": 3, "restSeconds": 90}, {"name": "器械腿举", "reps": 12, "sets": 3, "restSeconds": 90}, {"name": "平板支撑", "reps": 30, "sets": 3, "restSeconds": 60}]}, {"focus": "有氧燃脂", "courses": [{"id": 82, "name": "燃脂动感单车", "category": "有氧燃脂", "duration": 45, "coverImage": "http://localhost:9000/fitness-bucket/courses/0da9ecfc-d9be-4659-85f6-9c072b1df915.webp", "description": "高强度骑行训练，提供电动与手动双模式，心率与阻力可调，高强度间歇训练与节奏训练可选，提升心肺耐力与燃脂效率，适用于体能强化与耐力提升。"}, {"id": 86, "name": "阶梯踏板训练", "category": "有氧燃脂", "duration": 50, "coverImage": "https://images.unsplash.com/photo-1518310383802-640c2de311b2?w=800", "description": "利用踏板进行有氧训练，锻炼心肺功能与腿部力量"}], "dayName": "周三", "equipment": [{"name": "动感单车 S200", "image": "http://localhost:9000/fitness-bucket/images/28a815be-a2cd-4f77-ac7e-716a320d1422.webp"}, {"name": "划船机 R300", "image": "http://localhost:9000/fitness-bucket/images/4ad04cff-064f-4920-9195-7a2c98267a00.webp"}], "exercises": [{"name": "动感单车坐姿平踏", "reps": 25, "sets": 1, "restSeconds": 60}, {"name": "划船机低阻力划行", "reps": 20, "sets": 1, "restSeconds": 60}, {"name": "踏板交替上步", "reps": 20, "sets": 3, "restSeconds": 45}, {"name": "自重臀桥", "reps": 15, "sets": 3, "restSeconds": 45}, {"name": "侧步蹲", "reps": 12, "sets": 3, "restSeconds": 60}, {"name": "站姿腹部呼吸收缩", "reps": 20, "sets": 3, "restSeconds": 30}]}, {"focus": "康复体态", "courses": [{"id": 104, "name": "脊柱侧弯矫正", "category": "康复体态", "duration": 50, "coverImage": "https://images.unsplash.com/photo-1506126613408-eca07ce68773?w=800", "description": "借助科学系统的专业训练，针对性矫正脊柱侧弯问题。通过强化核心肌群与优化体态排列，有效改善脊柱生理曲度，帮助身体重获自然平衡与挺拔姿态，从而提升整体健康气质。"}, {"id": 93, "name": "垫上普拉提塑形", "category": "瑜伽普拉提", "duration": 50, "coverImage": "https://images.unsplash.com/photo-1575052814086-f385e2e2ad1b?w=800", "description": "经典垫上普拉提动作，塑造修长线条与优雅体态"}], "dayName": "周四", "equipment": [{"name": "泡沫轴", "image": "http://localhost:9000/fitness-bucket/images/4eda3da5-5023-457b-8076-e7020f52a711.webp"}, {"name": "弹力带套装", "image": "http://localhost:9000/fitness-bucket/images/4800b936-589d-4380-8b88-19cd1eb0ac16.jpg"}], "exercises": [{"name": "泡沫轴背部放松", "reps": 10, "sets": 1, "restSeconds": 30}, {"name": "泡沫轴大腿前侧放松", "reps": 10, "sets": 1, "restSeconds": 30}, {"name": "猫牛式脊柱伸展", "reps": 15, "sets": 3, "restSeconds": 30}, {"name": "死虫式核心激活", "reps": 12, "sets": 3, "restSeconds": 45}, {"name": "弹力带面拉", "reps": 15, "sets": 3, "restSeconds": 45}, {"name": "鸟狗式核心稳定", "reps": 10, "sets": 3, "restSeconds": 45}]}, {"focus": "力量训练", "courses": [{"id": 80, "name": "手臂力量轰炸", "category": "力量训练", "duration": 40, "coverImage": "http://localhost:9000/fitness-bucket/courses/589bd94f-3ee4-4cd0-9896-528bcd2d2930.webp", "description": "二头肌与三头肌超级组训练，突破臂围瓶颈，高效刺激双臂肌群，提升力量与耐力。"}, {"id": 76, "name": "杠铃深蹲特训", "category": "力量训练", "duration": 60, "coverImage": "https://images.unsplash.com/photo-1534367507873-d2d7e24c797f?w=800", "description": "系统掌握杠铃深蹲要领，强化下肢力量与核心稳定，提升运动表现与体态控制。"}], "dayName": "周五", "equipment": [{"name": "奥林匹克杠铃杆", "image": "http://localhost:9000/fitness-bucket/images/89f93cc1-0835-4764-9680-fe7e28a83c46.webp"}, {"name": "腿举训练器", "image": "http://localhost:9000/fitness-bucket/images/5255958d-f107-45a6-8383-6d4904961526.webp"}, {"name": "坐姿划船器", "image": "http://localhost:9000/fitness-bucket/images/b93bee2e-a720-48c0-8fa4-05439f075f7a.webp"}], "exercises": [{"name": "空杆深蹲", "reps": 12, "sets": 3, "restSeconds": 90}, {"name": "器械腿举", "reps": 12, "sets": 3, "restSeconds": 90}, {"name": "器械坐姿划船", "reps": 12, "sets": 3, "restSeconds": 60}, {"name": "龙门架二头肌弯举", "reps": 12, "sets": 3, "restSeconds": 60}, {"name": "龙门架三头肌下压", "reps": 12, "sets": 3, "restSeconds": 60}, {"name": "壶铃摇摆", "reps": 15, "sets": 3, "restSeconds": 60}]}, {"focus": "有氧燃脂", "courses": [{"id": 99, "name": "Zumba尊巴舞", "category": "舞蹈操课", "duration": 50, "coverImage": "http://localhost:9000/fitness-bucket/courses/50e9109f-1dbd-476f-b23c-02d9d8266994.jpg", "description": "拉丁风格有氧舞蹈，热情奔放，以律动与节奏燃脂塑形，融合踢踏、摇摆与旋转，提升心肺耐力与核心控制。"}, {"id": 84, "name": "跳绳燃脂课", "category": "有氧燃脂", "duration": 45, "coverImage": "http://localhost:9000/fitness-bucket/courses/41873e51-e76b-44ae-9cad-9bc787845fb3.webp", "description": "高强度跳绳训练，快速提升心率，高效燃烧卡路里。"}], "dayName": "周六", "equipment": [{"name": "椭圆机 E500", "image": "http://localhost:9000/fitness-bucket/images/e07bbab0-9357-4271-952a-ca20621624b3.webp"}, {"name": "TRX悬挂训练带", "image": null}], "exercises": [{"name": "椭圆机对侧交替发力", "reps": 25, "sets": 1, "restSeconds": 60}, {"name": "无绳模拟跳绳", "reps": 60, "sets": 3, "restSeconds": 45}, {"name": "TRX深蹲", "reps": 15, "sets": 3, "restSeconds": 60}, {"name": "TRX划船", "reps": 12, "sets": 3, "restSeconds": 60}, {"name": "徒手侧向滑步", "reps": 20, "sets": 3, "restSeconds": 45}, {"name": "坐姿卷腹", "reps": 15, "sets": 3, "restSeconds": 45}]}, {"focus": "休息日", "courses": null, "dayName": "周日", "equipment": [], "exercises": []}]}');
INSERT INTO public.fitness_plan (id, user_id, plan_name, goal, duration, status, deleted, create_time, update_time, level, height, weight, age, gender, experience, fitness_goal, plan_data_json) VALUES (70, 40, '大体重初级减脂专属7天温和启动计划', NULL, NULL, 1, true, '2026-05-08 20:30:00.623672', '2026-05-08 20:43:13.759303', NULL, 188.00, 130.00, 17, 'MALE', '初级', '减脂', '{"subtitle": "大体重初级减脂专属7天温和启动计划", "userInfo": {"bmi": "36.8", "goal": "减脂", "height": "188 cm", "weight": "130 kg", "intensity": "初级"}, "weeklyPlan": [{"focus": "有氧燃脂", "courses": [{"id": 88, "name": "有氧舞蹈派对", "category": "有氧燃脂", "duration": 50, "coverImage": "https://images.unsplash.com/photo-1524594152303-9fd13543fe6e?w=800", "description": "结合流行舞蹈的有氧运动，快乐燃脂不枯燥"}, {"id": 102, "name": "民族健身操", "category": "舞蹈操课", "duration": 65, "coverImage": "http://localhost:9000/fitness-bucket/courses/cdce174a-912b-403a-8f12-e0b7977098da.jpg", "description": "本套健身操创新融合了民族舞蹈的艺术精髓，将传统舞姿的柔美韵律与现代健身的科学节奏完美结合。在律动中，不仅能有效提升心肺功能、强健体魄，更能陶冶情操、展现优雅体态。它打破了传统健身的枯燥，实现了健康体魄与艺术修养的双重提升，让每一次跃动都成为一场身心合一的悦动体验。"}], "dayName": "周一", "equipment": [{"name": "椭圆机 E500", "image": "http://localhost:9000/fitness-bucket/images/e07bbab0-9357-4271-952a-ca20621624b3.webp"}, {"name": "弹力带套装", "image": "http://localhost:9000/fitness-bucket/images/4800b936-589d-4380-8b88-19cd1eb0ac16.jpg"}], "exercises": [{"name": "椭圆机慢跑", "reps": 30, "sets": 1, "restSeconds": 60}, {"name": "弹力带站姿推胸", "reps": 12, "sets": 3, "restSeconds": 60}, {"name": "弹力带深蹲", "reps": 15, "sets": 3, "restSeconds": 60}, {"name": "站姿提踵", "reps": 20, "sets": 3, "restSeconds": 45}, {"name": "弹力带高位下拉", "reps": 12, "sets": 3, "restSeconds": 60}, {"name": "原地高抬腿走", "reps": 30, "sets": 3, "restSeconds": 45}]}, {"focus": "力量训练", "courses": [{"id": 81, "name": "全身力量循环", "category": "力量训练", "duration": 90, "coverImage": "https://images.unsplash.com/photo-1534438327276-14e5300c3a48?w=800", "description": "以复合动作为核心构建力量循环训练，系统提升全身整体力量水平。"}, {"id": 79, "name": "肩部塑形训练", "category": "力量训练", "duration": 45, "coverImage": "https://images.unsplash.com/photo-1583454110551-21f2fa2afe61?w=800", "description": "针对三角肌前中后束的专项训练，打造立体肩部，配备多角度固定式肩推与侧平举、高低坐姿推举等模块，多点位激活并塑形肩峰线，提供可调阻力与多档位选择，满足进阶塑形与力量提升需求。"}], "dayName": "周二", "equipment": [{"name": "平板卧推凳", "image": "http://localhost:9000/fitness-bucket/images/3918b0cb-d3b7-4847-a625-401252e414d1.webp"}, {"name": "蝴蝶机", "image": "http://localhost:9000/fitness-bucket/images/b2761133-ade2-4183-8da7-aa8854a3333b.webp"}, {"name": "龙门架综合训练器", "image": "http://localhost:9000/fitness-bucket/images/a29ba2e2-f49c-4340-b090-38a2ad3a3776.webp"}], "exercises": [{"name": "器械坐姿推胸", "reps": 10, "sets": 3, "restSeconds": 90}, {"name": "蝴蝶机夹胸", "reps": 12, "sets": 3, "restSeconds": 60}, {"name": "龙门架高位下拉", "reps": 10, "sets": 3, "restSeconds": 90}, {"name": "器械坐姿推举", "reps": 10, "sets": 3, "restSeconds": 90}, {"name": "器械腿举", "reps": 12, "sets": 3, "restSeconds": 90}, {"name": "平板支撑", "reps": 30, "sets": 3, "restSeconds": 60}]}, {"focus": "有氧燃脂", "courses": [{"id": 82, "name": "燃脂动感单车", "category": "有氧燃脂", "duration": 45, "coverImage": "http://localhost:9000/fitness-bucket/courses/0da9ecfc-d9be-4659-85f6-9c072b1df915.webp", "description": "高强度骑行训练，提供电动与手动双模式，心率与阻力可调，高强度间歇训练与节奏训练可选，提升心肺耐力与燃脂效率，适用于体能强化与耐力提升。"}, {"id": 86, "name": "阶梯踏板训练", "category": "有氧燃脂", "duration": 50, "coverImage": "https://images.unsplash.com/photo-1518310383802-640c2de311b2?w=800", "description": "利用踏板进行有氧训练，锻炼心肺功能与腿部力量"}], "dayName": "周三", "equipment": [{"name": "动感单车 S200", "image": "http://localhost:9000/fitness-bucket/images/28a815be-a2cd-4f77-ac7e-716a320d1422.webp"}, {"name": "划船机 R300", "image": "http://localhost:9000/fitness-bucket/images/4ad04cff-064f-4920-9195-7a2c98267a00.webp"}], "exercises": [{"name": "动感单车坐姿平踏", "reps": 25, "sets": 1, "restSeconds": 60}, {"name": "划船机低阻力划行", "reps": 20, "sets": 1, "restSeconds": 60}, {"name": "踏板交替上步", "reps": 20, "sets": 3, "restSeconds": 45}, {"name": "自重臀桥", "reps": 15, "sets": 3, "restSeconds": 45}, {"name": "侧步蹲", "reps": 12, "sets": 3, "restSeconds": 60}, {"name": "站姿腹部呼吸收缩", "reps": 20, "sets": 3, "restSeconds": 30}]}, {"focus": "康复体态", "courses": [{"id": 104, "name": "脊柱侧弯矫正", "category": "康复体态", "duration": 50, "coverImage": "https://images.unsplash.com/photo-1506126613408-eca07ce68773?w=800", "description": "借助科学系统的专业训练，针对性矫正脊柱侧弯问题。通过强化核心肌群与优化体态排列，有效改善脊柱生理曲度，帮助身体重获自然平衡与挺拔姿态，从而提升整体健康气质。"}, {"id": 93, "name": "垫上普拉提塑形", "category": "瑜伽普拉提", "duration": 50, "coverImage": "https://images.unsplash.com/photo-1575052814086-f385e2e2ad1b?w=800", "description": "经典垫上普拉提动作，塑造修长线条与优雅体态"}], "dayName": "周四", "equipment": [{"name": "泡沫轴", "image": "http://localhost:9000/fitness-bucket/images/4eda3da5-5023-457b-8076-e7020f52a711.webp"}, {"name": "弹力带套装", "image": "http://localhost:9000/fitness-bucket/images/4800b936-589d-4380-8b88-19cd1eb0ac16.jpg"}], "exercises": [{"name": "泡沫轴背部放松", "reps": 10, "sets": 1, "restSeconds": 30}, {"name": "泡沫轴大腿前侧放松", "reps": 10, "sets": 1, "restSeconds": 30}, {"name": "猫牛式脊柱伸展", "reps": 15, "sets": 3, "restSeconds": 30}, {"name": "死虫式核心激活", "reps": 12, "sets": 3, "restSeconds": 45}, {"name": "弹力带面拉", "reps": 15, "sets": 3, "restSeconds": 45}, {"name": "鸟狗式核心稳定", "reps": 10, "sets": 3, "restSeconds": 45}]}, {"focus": "力量训练", "courses": [{"id": 80, "name": "手臂力量轰炸", "category": "力量训练", "duration": 40, "coverImage": "http://localhost:9000/fitness-bucket/courses/589bd94f-3ee4-4cd0-9896-528bcd2d2930.webp", "description": "二头肌与三头肌超级组训练，突破臂围瓶颈，高效刺激双臂肌群，提升力量与耐力。"}, {"id": 76, "name": "杠铃深蹲特训", "category": "力量训练", "duration": 60, "coverImage": "https://images.unsplash.com/photo-1534367507873-d2d7e24c797f?w=800", "description": "系统掌握杠铃深蹲要领，强化下肢力量与核心稳定，提升运动表现与体态控制。"}], "dayName": "周五", "equipment": [{"name": "奥林匹克杠铃杆", "image": "http://localhost:9000/fitness-bucket/images/89f93cc1-0835-4764-9680-fe7e28a83c46.webp"}, {"name": "腿举训练器", "image": "http://localhost:9000/fitness-bucket/images/5255958d-f107-45a6-8383-6d4904961526.webp"}, {"name": "坐姿划船器", "image": "http://localhost:9000/fitness-bucket/images/b93bee2e-a720-48c0-8fa4-05439f075f7a.webp"}], "exercises": [{"name": "空杆深蹲", "reps": 12, "sets": 3, "restSeconds": 90}, {"name": "器械腿举", "reps": 12, "sets": 3, "restSeconds": 90}, {"name": "器械坐姿划船", "reps": 12, "sets": 3, "restSeconds": 60}, {"name": "龙门架二头肌弯举", "reps": 12, "sets": 3, "restSeconds": 60}, {"name": "龙门架三头肌下压", "reps": 12, "sets": 3, "restSeconds": 60}, {"name": "壶铃摇摆", "reps": 15, "sets": 3, "restSeconds": 60}]}, {"focus": "有氧燃脂", "courses": [{"id": 99, "name": "Zumba尊巴舞", "category": "舞蹈操课", "duration": 50, "coverImage": "http://localhost:9000/fitness-bucket/courses/50e9109f-1dbd-476f-b23c-02d9d8266994.jpg", "description": "拉丁风格有氧舞蹈，热情奔放，以律动与节奏燃脂塑形，融合踢踏、摇摆与旋转，提升心肺耐力与核心控制。"}, {"id": 84, "name": "跳绳燃脂课", "category": "有氧燃脂", "duration": 45, "coverImage": "http://localhost:9000/fitness-bucket/courses/41873e51-e76b-44ae-9cad-9bc787845fb3.webp", "description": "高强度跳绳训练，快速提升心率，高效燃烧卡路里。"}], "dayName": "周六", "equipment": [{"name": "椭圆机 E500", "image": "http://localhost:9000/fitness-bucket/images/e07bbab0-9357-4271-952a-ca20621624b3.webp"}, {"name": "TRX悬挂训练带", "image": null}], "exercises": [{"name": "椭圆机对侧交替发力", "reps": 25, "sets": 1, "restSeconds": 60}, {"name": "无绳模拟跳绳", "reps": 60, "sets": 3, "restSeconds": 45}, {"name": "TRX深蹲", "reps": 15, "sets": 3, "restSeconds": 60}, {"name": "TRX划船", "reps": 12, "sets": 3, "restSeconds": 60}, {"name": "徒手侧向滑步", "reps": 20, "sets": 3, "restSeconds": 45}, {"name": "坐姿卷腹", "reps": 15, "sets": 3, "restSeconds": 45}]}, {"focus": "休息日", "courses": null, "dayName": "周日", "equipment": [], "exercises": []}]}');
INSERT INTO public.fitness_plan (id, user_id, plan_name, goal, duration, status, deleted, create_time, update_time, level, height, weight, age, gender, experience, fitness_goal, plan_data_json) VALUES (74, 40, '针对大体重初级学员的温和减脂启动计划，以低冲击有氧与基础力量为主，保护关节，循序渐进。', NULL, NULL, 1, false, '2026-05-08 20:48:14.166656', '2026-05-08 20:48:14.166656', NULL, 188.00, 130.00, 17, 'MALE', '初级', '减脂', '{"subtitle": "针对大体重初级学员的温和减脂启动计划，以低冲击有氧与基础力量为主，保护关节，循序渐进。", "userInfo": {"bmi": "36.8", "goal": "减脂", "height": "188 cm", "weight": "130 kg", "intensity": "初级"}, "weeklyPlan": [{"focus": "有氧燃脂", "courses": [{"id": 88, "name": "有氧舞蹈派对", "category": "有氧燃脂", "duration": 50, "coverImage": "https://images.unsplash.com/photo-1524594152303-9fd13543fe6e?w=800", "description": "结合流行舞蹈的有氧运动，快乐燃脂不枯燥"}, {"id": 91, "name": "阴瑜伽深度放松", "category": "瑜伽普拉提", "duration": 90, "coverImage": "https://images.unsplash.com/photo-1506126613408-eca07ce68773?w=800", "description": "长时间保持体式，深度拉伸结缔组织，缓解压力"}], "dayName": "周一", "equipment": [{"name": "椭圆机 E500", "image": "http://localhost:9000/fitness-bucket/images/e07bbab0-9357-4271-952a-ca20621624b3.webp"}, {"name": "泡沫轴", "image": "http://localhost:9000/fitness-bucket/images/4eda3da5-5023-457b-8076-e7020f52a711.webp"}], "exercises": [{"name": "椭圆机平稳慢踩", "reps": 30, "sets": 1, "restSeconds": 60}, {"name": "动态热身伸展", "reps": 10, "sets": 1, "restSeconds": 30}, {"name": "站姿侧抬腿", "reps": 15, "sets": 3, "restSeconds": 45}, {"name": "站姿前抬腿", "reps": 15, "sets": 3, "restSeconds": 45}, {"name": "靠墙静蹲", "reps": 30, "sets": 3, "restSeconds": 60}, {"name": "原地高抬腿走", "reps": 20, "sets": 3, "restSeconds": 45}, {"name": "泡沫轴背部放松", "reps": 10, "sets": 1, "restSeconds": 30}, {"name": "阴瑜伽婴儿式停留", "reps": 5, "sets": 1, "restSeconds": 60}]}, {"focus": "力量训练", "courses": [{"id": 81, "name": "全身力量循环", "category": "力量训练", "duration": 90, "coverImage": "https://images.unsplash.com/photo-1534438327276-14e5300c3a48?w=800", "description": "以复合动作为核心构建力量循环训练，系统提升全身整体力量水平。"}, {"id": 93, "name": "垫上普拉提塑形", "category": "瑜伽普拉提", "duration": 50, "coverImage": "https://images.unsplash.com/photo-1575052814086-f385e2e2ad1b?w=800", "description": "经典垫上普拉提动作，塑造修长线条与优雅体态"}], "dayName": "周二", "equipment": [{"name": "弹力带套装", "image": "http://localhost:9000/fitness-bucket/images/4800b936-589d-4380-8b88-19cd1eb0ac16.jpg"}, {"name": "平板卧推凳", "image": "http://localhost:9000/fitness-bucket/images/3918b0cb-d3b7-4847-a625-401252e414d1.webp"}], "exercises": [{"name": "弹力带深蹲", "reps": 12, "sets": 3, "restSeconds": 90}, {"name": "弹力带站姿划船", "reps": 12, "sets": 3, "restSeconds": 90}, {"name": "自重臀桥", "reps": 15, "sets": 3, "restSeconds": 60}, {"name": "垫上俯卧撑（跪姿）", "reps": 10, "sets": 3, "restSeconds": 90}, {"name": "弹力带侧平举", "reps": 12, "sets": 3, "restSeconds": 60}, {"name": "普拉提百次呼吸", "reps": 10, "sets": 3, "restSeconds": 45}, {"name": "平板支撑（跪姿）", "reps": 30, "sets": 3, "restSeconds": 60}, {"name": "弹力带二头弯举", "reps": 12, "sets": 3, "restSeconds": 60}]}, {"focus": "有氧燃脂", "courses": [{"id": 82, "name": "燃脂动感单车", "category": "有氧燃脂", "duration": 45, "coverImage": "http://localhost:9000/fitness-bucket/courses/0da9ecfc-d9be-4659-85f6-9c072b1df915.webp", "description": "高强度骑行训练，提供电动与手动双模式，心率与阻力可调，高强度间歇训练与节奏训练可选，提升心肺耐力与燃脂效率，适用于体能强化与耐力提升。"}, {"id": 104, "name": "脊柱侧弯矫正", "category": "康复体态", "duration": 50, "coverImage": "https://images.unsplash.com/photo-1506126613408-eca07ce68773?w=800", "description": "借助科学系统的专业训练，针对性矫正脊柱侧弯问题。通过强化核心肌群与优化体态排列，有效改善脊柱生理曲度，帮助身体重获自然平衡与挺拔姿态，从而提升整体健康气质。"}], "dayName": "周三", "equipment": [{"name": "动感单车 S200", "image": "http://localhost:9000/fitness-bucket/images/28a815be-a2cd-4f77-ac7e-716a320d1422.webp"}, {"name": "泡沫轴", "image": "http://localhost:9000/fitness-bucket/images/4eda3da5-5023-457b-8076-e7020f52a711.webp"}], "exercises": [{"name": "动感单车坐姿平骑", "reps": 25, "sets": 1, "restSeconds": 60}, {"name": "脊柱伸展练习", "reps": 12, "sets": 3, "restSeconds": 45}, {"name": "猫牛式脊柱灵活性", "reps": 10, "sets": 3, "restSeconds": 45}, {"name": "侧卧抬腿", "reps": 15, "sets": 3, "restSeconds": 60}, {"name": "蚌式开合", "reps": 15, "sets": 3, "restSeconds": 60}, {"name": "鸟狗式核心稳定", "reps": 10, "sets": 3, "restSeconds": 60}, {"name": "泡沫轴大腿前侧放松", "reps": 10, "sets": 1, "restSeconds": 30}, {"name": "坐姿脊柱扭转", "reps": 15, "sets": 2, "restSeconds": 45}]}, {"focus": "力量训练", "courses": [{"id": 79, "name": "肩部塑形训练", "category": "力量训练", "duration": 45, "coverImage": "https://images.unsplash.com/photo-1583454110551-21f2fa2afe61?w=800", "description": "针对三角肌前中后束的专项训练，打造立体肩部，配备多角度固定式肩推与侧平举、高低坐姿推举等模块，多点位激活并塑形肩峰线，提供可调阻力与多档位选择，满足进阶塑形与力量提升需求。"}, {"id": 80, "name": "手臂力量轰炸", "category": "力量训练", "duration": 40, "coverImage": "http://localhost:9000/fitness-bucket/courses/589bd94f-3ee4-4cd0-9896-528bcd2d2930.webp", "description": "二头肌与三头肌超级组训练，突破臂围瓶颈，高效刺激双臂肌群，提升力量与耐力。"}], "dayName": "周四", "equipment": [{"name": "龙门架综合训练器", "image": "http://localhost:9000/fitness-bucket/images/a29ba2e2-f49c-4340-b090-38a2ad3a3776.webp"}, {"name": "弹力带套装", "image": "http://localhost:9000/fitness-bucket/images/4800b936-589d-4380-8b88-19cd1eb0ac16.jpg"}], "exercises": [{"name": "龙门架坐姿肩推", "reps": 10, "sets": 3, "restSeconds": 90}, {"name": "龙门架侧平举", "reps": 12, "sets": 3, "restSeconds": 60}, {"name": "龙门架绳索面拉", "reps": 12, "sets": 3, "restSeconds": 60}, {"name": "弹力带二头弯举", "reps": 12, "sets": 3, "restSeconds": 60}, {"name": "龙门架三头下压", "reps": 12, "sets": 3, "restSeconds": 60}, {"name": "弹力带俯身臂屈伸", "reps": 12, "sets": 3, "restSeconds": 60}, {"name": "自重侧支撑", "reps": 30, "sets": 3, "restSeconds": 60}, {"name": "弹力带前平举", "reps": 12, "sets": 3, "restSeconds": 60}]}, {"focus": "有氧燃脂", "courses": [{"id": 86, "name": "阶梯踏板训练", "category": "有氧燃脂", "duration": 50, "coverImage": "https://images.unsplash.com/photo-1518310383802-640c2de311b2?w=800", "description": "利用踏板进行有氧训练，锻炼心肺功能与腿部力量"}, {"id": 100, "name": "爵士舞基础", "category": "舞蹈操课", "duration": 60, "coverImage": "https://images.unsplash.com/photo-1508700115892-45ecd05ae2ad?w=800", "description": "学习爵士舞基本动作与组合，提升身体协调性"}], "dayName": "周五", "equipment": [{"name": "椭圆机 E500", "image": "http://localhost:9000/fitness-bucket/images/e07bbab0-9357-4271-952a-ca20621624b3.webp"}, {"name": "泡沫轴", "image": "http://localhost:9000/fitness-bucket/images/4eda3da5-5023-457b-8076-e7020f52a711.webp"}], "exercises": [{"name": "椭圆机热身慢踩", "reps": 15, "sets": 1, "restSeconds": 60}, {"name": "踏板基础步上下", "reps": 20, "sets": 3, "restSeconds": 60}, {"name": "踏板侧向点地", "reps": 15, "sets": 3, "restSeconds": 45}, {"name": "踏板V字步", "reps": 15, "sets": 3, "restSeconds": 45}, {"name": "原地开合步", "reps": 20, "sets": 3, "restSeconds": 45}, {"name": "站姿提踵", "reps": 20, "sets": 3, "restSeconds": 45}, {"name": "爵士舞基本律动", "reps": 10, "sets": 3, "restSeconds": 30}, {"name": "泡沫轴小腿放松", "reps": 10, "sets": 1, "restSeconds": 30}]}, {"focus": "力量训练", "courses": [{"id": 76, "name": "杠铃深蹲特训", "category": "力量训练", "duration": 60, "coverImage": "https://images.unsplash.com/photo-1534367507873-d2d7e24c797f?w=800", "description": "系统掌握杠铃深蹲要领，强化下肢力量与核心稳定，提升运动表现与体态控制。"}, {"id": 27, "name": "坐姿划船器", "category": "力量训练", "duration": 50, "coverImage": "http://localhost:9000/fitness-bucket/images/b93bee2e-a720-48c0-8fa4-05439f075f7a.webp", "description": "经典垫上普拉提动作，塑造修长线条与优雅体态"}], "dayName": "周六", "equipment": [{"name": "奥林匹克杠铃杆", "image": "http://localhost:9000/fitness-bucket/images/89f93cc1-0835-4764-9680-fe7e28a83c46.webp"}, {"name": "坐姿划船器", "image": "http://localhost:9000/fitness-bucket/images/b93bee2e-a720-48c0-8fa4-05439f075f7a.webp"}, {"name": "腿举训练器", "image": "http://localhost:9000/fitness-bucket/images/5255958d-f107-45a6-8383-6d4904961526.webp"}], "exercises": [{"name": "空杆杠铃深蹲", "reps": 10, "sets": 3, "restSeconds": 120}, {"name": "腿举训练器轻负荷推举", "reps": 12, "sets": 3, "restSeconds": 90}, {"name": "坐姿划船器划船", "reps": 12, "sets": 3, "restSeconds": 90}, {"name": "自重臀桥", "reps": 15, "sets": 3, "restSeconds": 60}, {"name": "站姿杠铃罗马尼亚硬拉（空杆）", "reps": 10, "sets": 3, "restSeconds": 90}, {"name": "龙门架直臂下压", "reps": 12, "sets": 3, "restSeconds": 60}, {"name": "平板支撑", "reps": 30, "sets": 3, "restSeconds": 60}, {"name": "泡沫轴腿部全面放松", "reps": 10, "sets": 1, "restSeconds": 30}]}, {"focus": "休息恢复", "courses": null, "dayName": "周日", "equipment": [], "exercises": []}]}');
INSERT INTO public.fitness_plan (id, user_id, plan_name, goal, duration, status, deleted, create_time, update_time, level, height, weight, age, gender, experience, fitness_goal, plan_data_json) VALUES (75, 25, '中级健康保持7天综合训练计划', NULL, NULL, 1, false, '2026-05-14 16:38:44.227287', '2026-05-14 16:38:44.227287', NULL, 170.00, 63.00, 24, 'MALE', '中级', '保持健康', '{"subtitle": "中级健康保持7天综合训练计划", "userInfo": {"bmi": "21.8", "goal": "保持健康", "height": "170 cm", "weight": "63 kg", "intensity": "中级"}, "weeklyPlan": [{"focus": "有氧燃脂与心肺唤醒", "courses": [{"id": 82, "name": "燃脂动感单车", "category": "有氧燃脂", "duration": 45, "coverImage": "http://localhost:9000/fitness-bucket/courses/0da9ecfc-d9be-4659-85f6-9c072b1df915.webp", "description": "高强度骑行训练，提供电动与手动双模式，心率与阻力可调，高强度间歇训练与节奏训练可选，提升心肺耐力与燃脂效率，适用于体能强化与耐力提升。"}, {"id": 99, "name": "Zumba尊巴舞", "duration": 50, "coverImage": "http://localhost:9000/fitness-bucket/courses/50e9109f-1dbd-476f-b23c-02d9d8266994.jpg", "description": "拉丁风格有氧舞蹈，热情奔放，以律动与节奏燃脂塑形，融合踢踏、摇摆与旋转，提升心肺耐力与核心控制。"}], "dayName": "第一天", "equipment": [{"name": "动感单车 S200", "image": "http://localhost:9000/fitness-bucket/images/28a815be-a2cd-4f77-ac7e-716a320d1422.webp"}, {"name": "泡沫轴", "image": "http://localhost:9000/fitness-bucket/images/4eda3da5-5023-457b-8076-e7020f52a711.webp"}], "exercises": [{"name": "动感单车热身骑行", "reps": 5, "sets": 1, "restSeconds": 60}, {"name": "动感单车节奏骑行", "reps": 5, "sets": 3, "restSeconds": 60}, {"name": "动感单车冲刺间歇", "reps": 2, "sets": 4, "restSeconds": 90}, {"name": "TRX深蹲", "reps": 12, "sets": 3, "restSeconds": 60}, {"name": "弹力带侧步走", "reps": 15, "sets": 3, "restSeconds": 45}, {"name": "泡沫轴大腿前侧放松", "reps": 60, "sets": 2, "restSeconds": 30}]}, {"focus": "上肢力量与核心控制", "courses": [{"id": 94, "name": "拳击基础入门", "category": "拳击格斗", "duration": 60, "coverImage": "https://images.unsplash.com/photo-1549719386-74dfcbf7dbed?w=800", "description": "学习拳击基本拳法、步法与防守技巧"}, {"id": 99, "name": "Zumba尊巴舞", "duration": 50, "coverImage": "http://localhost:9000/fitness-bucket/courses/50e9109f-1dbd-476f-b23c-02d9d8266994.jpg", "description": "拉丁风格有氧舞蹈，热情奔放，以律动与节奏燃脂塑形，融合踢踏、摇摆与旋转，提升心肺耐力与核心控制。"}], "dayName": "第二天", "equipment": [{"name": "平板卧推凳", "image": "http://localhost:9000/fitness-bucket/images/3918b0cb-d3b7-4847-a625-401252e414d1.webp"}, {"name": "奥林匹克杠铃杆", "image": "http://localhost:9000/fitness-bucket/images/89f93cc1-0835-4764-9680-fe7e28a83c46.webp"}, {"name": "龙门架综合训练器", "image": "http://localhost:9000/fitness-bucket/images/a29ba2e2-f49c-4340-b090-38a2ad3a3776.webp"}, {"name": "弹力带套装", "image": "http://localhost:9000/fitness-bucket/images/4800b936-589d-4380-8b88-19cd1eb0ac16.jpg"}], "exercises": [{"name": "拳击基本步法与直拳", "reps": 10, "sets": 3, "restSeconds": 60}, {"name": "平板杠铃卧推", "reps": 10, "sets": 4, "restSeconds": 90}, {"name": "龙门架高位下拉", "reps": 12, "sets": 3, "restSeconds": 60}, {"name": "坐姿划船器划船", "reps": 12, "sets": 3, "restSeconds": 60}, {"name": "弹力带肩外旋", "reps": 15, "sets": 3, "restSeconds": 45}, {"name": "TRX平板支撑", "reps": 45, "sets": 3, "restSeconds": 60}, {"name": "拳击组合拳练习", "reps": 10, "sets": 3, "restSeconds": 60}]}, {"focus": "舞蹈律动与全身协调", "courses": [{"id": 99, "name": "Zumba尊巴舞", "category": "舞蹈操课", "duration": 50, "coverImage": "http://localhost:9000/fitness-bucket/courses/50e9109f-1dbd-476f-b23c-02d9d8266994.jpg", "description": "拉丁风格有氧舞蹈，热情奔放，以律动与节奏燃脂塑形，融合踢踏、摇摆与旋转，提升心肺耐力与核心控制。"}, {"id": 108, "name": "嘻嘻嘻", "duration": 23, "coverImage": "http://localhost:9000/fitness-bucket/courses/f9f1618d-1e95-41f0-8c86-930fdce8bfb0.png", "description": "这款综合训练设备设计专业，支持多样化的力量与塑形训练，全方位刺激目标肌群。配备精准的阻力调节系统，满足从基础塑形到力量进阶的不同需求，其运行平稳流畅，是打造专业健身区与提升训练效能的理想选择。"}], "dayName": "第三天", "equipment": [{"name": "弹力带套装", "image": "http://localhost:9000/fitness-bucket/images/4800b936-589d-4380-8b88-19cd1eb0ac16.jpg"}, {"name": "泡沫轴", "image": "http://localhost:9000/fitness-bucket/images/4eda3da5-5023-457b-8076-e7020f52a711.webp"}], "exercises": [{"name": "Zumba基础律动热身", "reps": 10, "sets": 1, "restSeconds": 30}, {"name": "Zumba核心舞步组合", "reps": 10, "sets": 3, "restSeconds": 60}, {"name": "弹力带深蹲推举", "reps": 12, "sets": 3, "restSeconds": 60}, {"name": "弹力带站姿交替划船", "reps": 12, "sets": 3, "restSeconds": 60}, {"name": "TRX弓步蹲", "reps": 10, "sets": 3, "restSeconds": 60}, {"name": "Zumba高强度舞蹈间歇", "reps": 5, "sets": 2, "restSeconds": 90}, {"name": "泡沫轴背部放松", "reps": 60, "sets": 2, "restSeconds": 30}]}, {"focus": "下肢力量与体能强化", "courses": null, "dayName": "第四天", "equipment": [{"name": "腿举训练器", "image": "http://localhost:9000/fitness-bucket/images/5255958d-f107-45a6-8383-6d4904961526.webp"}, {"name": "壶铃套装", "image": "http://localhost:9000/fitness-bucket/images/50b712ab-fb6e-4c07-b8c1-cc41a466da04.webp"}, {"name": "战绳 15米", "image": "http://localhost:9000/fitness-bucket/images/927d642f-c144-41b0-9690-a3d7861a5c49.webp"}, {"name": "泡沫轴", "image": "http://localhost:9000/fitness-bucket/images/4eda3da5-5023-457b-8076-e7020f52a711.webp"}], "exercises": [{"name": "腿举训练器双腿举", "reps": 12, "sets": 4, "restSeconds": 90}, {"name": "壶铃深蹲", "reps": 12, "sets": 3, "restSeconds": 60}, {"name": "壶铃硬拉", "reps": 10, "sets": 3, "restSeconds": 90}, {"name": "战绳交替波浪", "reps": 30, "sets": 4, "restSeconds": 60}, {"name": "战绳双手摔绳", "reps": 20, "sets": 3, "restSeconds": 60}, {"name": "TRX单腿深蹲", "reps": 8, "sets": 3, "restSeconds": 60}, {"name": "泡沫轴小腿与臀部放松", "reps": 60, "sets": 2, "restSeconds": 30}]}, {"focus": "街舞活力与心肺挑战", "courses": [{"id": 101, "name": "街舞Hip-Hop", "category": "舞蹈操课", "duration": 60, "coverImage": "https://images.unsplash.com/photo-1535525153412-5a42439a210d?w=800", "description": "学习Hip-Hop基础律动与舞步，释放青春活力"}, {"id": 99, "name": "Zumba尊巴舞", "duration": 50, "coverImage": "http://localhost:9000/fitness-bucket/courses/50e9109f-1dbd-476f-b23c-02d9d8266994.jpg", "description": "拉丁风格有氧舞蹈，热情奔放，以律动与节奏燃脂塑形，融合踢踏、摇摆与旋转，提升心肺耐力与核心控制。"}], "dayName": "第五天", "equipment": [{"name": "椭圆机 E500", "image": "http://localhost:9000/fitness-bucket/images/e07bbab0-9357-4271-952a-ca20621624b3.webp"}, {"name": "泡沫轴", "image": "http://localhost:9000/fitness-bucket/images/4eda3da5-5023-457b-8076-e7020f52a711.webp"}], "exercises": [{"name": "椭圆机热身", "reps": 10, "sets": 1, "restSeconds": 0}, {"name": "Hip-Hop基础Bounce律动", "reps": 10, "sets": 3, "restSeconds": 60}, {"name": "Hip-Hop步法组合", "reps": 8, "sets": 3, "restSeconds": 60}, {"name": "TRX胸部推举", "reps": 12, "sets": 3, "restSeconds": 60}, {"name": "TRX反向飞鸟", "reps": 12, "sets": 3, "restSeconds": 60}, {"name": "弹力带核心抗旋转", "reps": 15, "sets": 3, "restSeconds": 45}, {"name": "泡沫轴全身综合放松", "reps": 60, "sets": 2, "restSeconds": 30}]}, {"focus": "深度拉伸与身心恢复", "courses": null, "dayName": "第六天", "equipment": [], "exercises": []}, {"focus": "完全休息", "courses": null, "dayName": "第七天", "equipment": [], "exercises": []}]}');
INSERT INTO public.fitness_plan (id, user_id, plan_name, goal, duration, status, deleted, create_time, update_time, level, height, weight, age, gender, experience, fitness_goal, plan_data_json) VALUES (76, 25, '中级健康维持7天综合训练计划', NULL, NULL, 1, false, '2026-05-14 17:50:51.176558', '2026-05-14 17:50:51.176558', NULL, 170.00, 63.00, 24, 'MALE', '中级', '保持健康', '{"subtitle": "中级健康维持7天综合训练计划", "userInfo": {"bmi": "21.8", "goal": "保持健康", "height": "170", "weight": "63", "intensity": "中级"}, "weeklyPlan": [{"focus": "心肺耐力与下肢力量", "courses": [{"id": 82, "name": "燃脂动感单车", "category": "有氧燃脂", "duration": 45, "coverImage": "http://localhost:9000/fitness-bucket/courses/0da9ecfc-d9be-4659-85f6-9c072b1df915.webp", "description": "高强度骑行训练，提供电动与手动双模式，心率与阻力可调，高强度间歇训练与节奏训练可选，提升心肺耐力与燃脂效率，适用于体能强化与耐力提升。"}, {"id": 99, "name": "Zumba尊巴舞", "duration": 50, "coverImage": "http://localhost:9000/fitness-bucket/courses/50e9109f-1dbd-476f-b23c-02d9d8266994.jpg", "description": "拉丁风格有氧舞蹈，热情奔放，以律动与节奏燃脂塑形，融合踢踏、摇摆与旋转，提升心肺耐力与核心控制。"}], "dayName": "第1天", "equipment": [{"name": "动感单车 S200", "image": "http://localhost:9000/fitness-bucket/images/28a815be-a2cd-4f77-ac7e-716a320d1422.webp"}, {"name": "腿举训练器", "image": "http://localhost:9000/fitness-bucket/images/5255958d-f107-45a6-8383-6d4904961526.webp"}], "exercises": [{"name": "动感单车热身骑行", "reps": 10, "sets": 1, "restSeconds": 60}, {"name": "腿举训练器深蹲推举", "reps": 12, "sets": 4, "restSeconds": 90}, {"name": "壶铃套装壶铃摇摆", "reps": 15, "sets": 3, "restSeconds": 60}, {"name": "弹力带套装侧向行走", "reps": 20, "sets": 3, "restSeconds": 45}, {"name": "TRX悬挂训练带深蹲", "reps": 15, "sets": 3, "restSeconds": 60}, {"name": "泡沫轴大腿前侧放松", "reps": 30, "sets": 2, "restSeconds": 30}]}, {"focus": "上肢力量与核心爆发", "courses": [{"id": 94, "name": "拳击基础入门", "category": "拳击格斗", "duration": 60, "coverImage": "https://images.unsplash.com/photo-1549719386-74dfcbf7dbed?w=800", "description": "学习拳击基本拳法、步法与防守技巧"}, {"id": 99, "name": "Zumba尊巴舞", "duration": 50, "coverImage": "http://localhost:9000/fitness-bucket/courses/50e9109f-1dbd-476f-b23c-02d9d8266994.jpg", "description": "拉丁风格有氧舞蹈，热情奔放，以律动与节奏燃脂塑形，融合踢踏、摇摆与旋转，提升心肺耐力与核心控制。"}], "dayName": "第2天", "equipment": [{"name": "战绳 15米", "image": "http://localhost:9000/fitness-bucket/images/927d642f-c144-41b0-9690-a3d7861a5c49.webp"}, {"name": "平板卧推凳", "image": "http://localhost:9000/fitness-bucket/images/3918b0cb-d3b7-4847-a625-401252e414d1.webp"}, {"name": "奥林匹克杠铃杆", "image": "http://localhost:9000/fitness-bucket/images/89f93cc1-0835-4764-9680-fe7e28a83c46.webp"}], "exercises": [{"name": "拳击基础直拳与步法练习", "reps": 20, "sets": 4, "restSeconds": 60}, {"name": "平板卧推凳杠铃卧推", "reps": 10, "sets": 4, "restSeconds": 90}, {"name": "战绳 15米交替波浪甩绳", "reps": 30, "sets": 3, "restSeconds": 60}, {"name": "TRX悬挂训练带划船", "reps": 12, "sets": 3, "restSeconds": 60}, {"name": "弹力带套装肩部外旋", "reps": 15, "sets": 3, "restSeconds": 45}, {"name": "平板支撑核心收缩", "reps": 45, "sets": 3, "restSeconds": 60}, {"name": "泡沫轴背部与肩部放松", "reps": 30, "sets": 2, "restSeconds": 30}]}, {"focus": "全身协调与舞蹈律动", "courses": [{"id": 99, "name": "Zumba尊巴舞", "category": "舞蹈操课", "duration": 50, "coverImage": "http://localhost:9000/fitness-bucket/courses/50e9109f-1dbd-476f-b23c-02d9d8266994.jpg", "description": "拉丁风格有氧舞蹈，热情奔放，以律动与节奏燃脂塑形，融合踢踏、摇摆与旋转，提升心肺耐力与核心控制。"}, {"id": 101, "name": "街舞Hip-Hop", "category": "舞蹈操课", "duration": 60, "coverImage": "https://images.unsplash.com/photo-1535525153412-5a42439a210d?w=800", "description": "学习Hip-Hop基础律动与舞步，释放青春活力"}], "dayName": "第3天", "equipment": [{"name": "弹力带套装", "image": "http://localhost:9000/fitness-bucket/images/4800b936-589d-4380-8b88-19cd1eb0ac16.jpg"}], "exercises": [{"name": "Zumba尊巴舞热身律动", "reps": 10, "sets": 1, "restSeconds": 30}, {"name": "街舞Hip-Hop基础Bounce与Step", "reps": 15, "sets": 3, "restSeconds": 45}, {"name": "弹力带套装站姿推胸", "reps": 15, "sets": 3, "restSeconds": 45}, {"name": "弹力带套装深蹲侧抬腿", "reps": 15, "sets": 3, "restSeconds": 45}, {"name": "TRX悬挂训练带平板支撑", "reps": 30, "sets": 3, "restSeconds": 45}, {"name": "泡沫轴全身综合放松", "reps": 30, "sets": 2, "restSeconds": 30}]}, {"focus": "主动恢复与柔韧拉伸", "courses": null, "dayName": "第4天", "equipment": [], "exercises": []}, {"focus": "背部力量与有氧耐力", "courses": [{"id": 82, "name": "燃脂动感单车", "category": "有氧燃脂", "duration": 45, "coverImage": "http://localhost:9000/fitness-bucket/courses/0da9ecfc-d9be-4659-85f6-9c072b1df915.webp", "description": "高强度骑行训练，提供电动与手动双模式，心率与阻力可调，高强度间歇训练与节奏训练可选，提升心肺耐力与燃脂效率，适用于体能强化与耐力提升。"}, {"id": 99, "name": "Zumba尊巴舞", "duration": 50, "coverImage": "http://localhost:9000/fitness-bucket/courses/50e9109f-1dbd-476f-b23c-02d9d8266994.jpg", "description": "拉丁风格有氧舞蹈，热情奔放，以律动与节奏燃脂塑形，融合踢踏、摇摆与旋转，提升心肺耐力与核心控制。"}], "dayName": "第5天", "equipment": [{"name": "动感单车 S200", "image": "http://localhost:9000/fitness-bucket/images/28a815be-a2cd-4f77-ac7e-716a320d1422.webp"}, {"name": "坐姿划船器", "image": "http://localhost:9000/fitness-bucket/images/b93bee2e-a720-48c0-8fa4-05439f075f7a.webp"}, {"name": "龙门架综合训练器", "image": "http://localhost:9000/fitness-bucket/images/a29ba2e2-f49c-4340-b090-38a2ad3a3776.webp"}], "exercises": [{"name": "动感单车中等阻力节奏骑行", "reps": 15, "sets": 1, "restSeconds": 60}, {"name": "坐姿划船器水平划船", "reps": 12, "sets": 4, "restSeconds": 90}, {"name": "龙门架综合训练器高位下拉", "reps": 12, "sets": 4, "restSeconds": 90}, {"name": "TRX悬挂训练带Y型举起", "reps": 12, "sets": 3, "restSeconds": 60}, {"name": "壶铃套装单臂划船", "reps": 12, "sets": 3, "restSeconds": 60}, {"name": "弹力带套装面拉", "reps": 15, "sets": 3, "restSeconds": 45}, {"name": "泡沫轴背部与大腿后侧放松", "reps": 30, "sets": 2, "restSeconds": 30}]}, {"focus": "全身塑形与体能强化", "courses": [{"id": 94, "name": "拳击基础入门", "category": "拳击格斗", "duration": 60, "coverImage": "https://images.unsplash.com/photo-1549719386-74dfcbf7dbed?w=800", "description": "学习拳击基本拳法、步法与防守技巧"}, {"id": 108, "name": "嘻嘻嘻", "category": "拳击格斗", "duration": 23, "coverImage": "http://localhost:9000/fitness-bucket/courses/f9f1618d-1e95-41f0-8c86-930fdce8bfb0.png", "description": "这款综合训练设备设计专业，支持多样化的力量与塑形训练，全方位刺激目标肌群。配备精准的阻力调节系统，满足从基础塑形到力量进阶的不同需求，其运行平稳流畅，是打造专业健身区与提升训练效能的理想选择。"}], "dayName": "第6天", "equipment": [{"name": "龙门架综合训练器", "image": "http://localhost:9000/fitness-bucket/images/a29ba2e2-f49c-4340-b090-38a2ad3a3776.webp"}, {"name": "蝴蝶机", "image": "http://localhost:9000/fitness-bucket/images/b2761133-ade2-4183-8da7-aa8854a3333b.webp"}, {"name": "壶铃套装", "image": "http://localhost:9000/fitness-bucket/images/50b712ab-fb6e-4c07-b8c1-cc41a466da04.webp"}], "exercises": [{"name": "拳击基础组合拳训练", "reps": 20, "sets": 3, "restSeconds": 60}, {"name": "嘻嘻嘻综合设备推胸塑形", "reps": 12, "sets": 3, "restSeconds": 60}, {"name": "蝴蝶机夹胸", "reps": 12, "sets": 3, "restSeconds": 60}, {"name": "壶铃套装深蹲推举", "reps": 10, "sets": 3, "restSeconds": 75}, {"name": "战绳 15米双手波浪甩绳", "reps": 30, "sets": 3, "restSeconds": 60}, {"name": "弹力带套装站姿抗旋转推举", "reps": 12, "sets": 3, "restSeconds": 45}, {"name": "泡沫轴全身深层放松", "reps": 30, "sets": 2, "restSeconds": 30}]}, {"focus": "休息与全面恢复", "courses": null, "dayName": "第7天", "equipment": [], "exercises": []}]}');
INSERT INTO public.fitness_plan (id, user_id, plan_name, goal, duration, status, deleted, create_time, update_time, level, height, weight, age, gender, experience, fitness_goal, plan_data_json) VALUES (66, 30, '7天中级健身训练计划 - 保持健康', NULL, NULL, 1, true, '2026-04-13 01:47:45.988981', '2026-05-15 01:52:14.496818', NULL, 188.00, 78.00, 23, 'MALE', '中级', '保持健康', '{"subtitle": "7天中级健身训练计划 - 保持健康", "userInfo": {"bmi": "22.1", "goal": "保持健康", "height": "188 cm", "weight": "78 kg", "intensity": "中级"}, "weeklyPlan": [{"focus": "有氧燃脂", "courses": [{"id": 88, "name": "有氧舞蹈派对", "category": "有氧燃脂", "duration": 50, "coverImage": "https://images.unsplash.com/photo-1524594152303-9fd13543fe6e?w=800", "description": "结合流行舞蹈的有氧运动，快乐燃脂不枯燥"}, {"id": 101, "name": "街舞Hip-Hop", "category": "舞蹈操课", "duration": 60, "coverImage": "https://images.unsplash.com/photo-1535525153412-5a42439a210d?w=800", "description": "学习Hip-Hop基础律动与舞步，释放青春活力"}], "dayName": "周一", "equipment": [{"name": "动感单车 S200", "image": "http://localhost:9000/fitness-bucket/images/28a815be-a2cd-4f77-ac7e-716a320d1422.webp"}, {"name": "划船机 R300", "image": "http://localhost:9000/fitness-bucket/images/4ad04cff-064f-4920-9195-7a2c98267a00.webp"}], "exercises": [{"name": "跳绳燃脂", "reps": 40, "sets": 3, "restSeconds": 60}, {"name": "划船机有氧", "reps": 30, "sets": 2, "restSeconds": 45}, {"name": "动感单车间歇", "reps": 1, "sets": 3, "restSeconds": 30}]}, {"focus": "上肢力量", "courses": [{"id": 80, "name": "手臂力量轰炸", "category": "力量训练", "duration": 40, "coverImage": "http://localhost:9000/fitness-bucket/courses/589bd94f-3ee4-4cd0-9896-528bcd2d2930.webp", "description": "二头肌与三头肌超级组训练，突破臂围瓶颈，高效刺激双臂肌群，提升力量与耐力。"}, {"id": 79, "name": "肩部塑形训练", "category": "力量训练", "duration": 45, "coverImage": "https://images.unsplash.com/photo-1583454110551-21f2fa2afe61?w=800", "description": "针对三角肌前中后束的专项训练，打造立体肩部，配备多角度固定式肩推与侧平举、高低坐姿推举等模块，多点位激活并塑形肩峰线，提供可调阻力与多档位选择，满足进阶塑形与力量提升需求。"}], "dayName": "周二", "equipment": [{"name": "奥林匹克杠铃杆", "image": "http://localhost:9000/fitness-bucket/images/89f93cc1-0835-4764-9680-fe7e28a83c46.webp"}, {"name": "坐姿划船器", "image": "http://localhost:9000/fitness-bucket/images/b93bee2e-a720-48c0-8fa4-05439f075f7a.webp"}], "exercises": [{"name": "杠铃弯举", "reps": 12, "sets": 3, "restSeconds": 90}, {"name": "哑铃侧平举", "reps": 15, "sets": 3, "restSeconds": 60}, {"name": "高位下拉", "reps": 10, "sets": 3, "restSeconds": 120}, {"name": "推举", "reps": 8, "sets": 3, "restSeconds": 120}]}, {"focus": "心肺耐力", "courses": [{"id": 82, "name": "燃脂动感单车", "category": "有氧燃脂", "duration": 45, "coverImage": "http://localhost:9000/fitness-bucket/courses/0da9ecfc-d9be-4659-85f6-9c072b1df915.webp", "description": "高强度骑行训练，提供电动与手动双模式，心率与阻力可调，高强度间歇训练与节奏训练可选，提升心肺耐力与燃脂效率，适用于体能强化与耐力提升。"}, {"id": 86, "name": "阶梯踏板训练", "category": "有氧燃脂", "duration": 50, "coverImage": "https://images.unsplash.com/photo-1518310383802-640c2de311b2?w=800", "description": "利用踏板进行有氧训练，锻炼心肺功能与腿部力量"}], "dayName": "周三", "equipment": [{"name": "动感单车 S200", "image": "http://localhost:9000/fitness-bucket/images/28a815be-a2cd-4f77-ac7e-716a320d1422.webp"}, {"name": "登山机 C100", "image": "http://localhost:9000/fitness-bucket/images/8f754d4d-352a-4388-a5d3-12cc774e95d0.webp"}], "exercises": [{"name": "跑步机慢跑", "reps": 1, "sets": 1, "restSeconds": 60}, {"name": "登山机间歇", "reps": 1, "sets": 3, "restSeconds": 30}, {"name": "阶梯有氧", "reps": 1, "sets": 2, "restSeconds": 45}]}, {"focus": "全身复合力量", "courses": [{"id": 81, "name": "全身力量循环", "category": "力量训练", "duration": 90, "coverImage": "https://images.unsplash.com/photo-1534438327276-14e5300c3a48?w=800", "description": "以复合动作为核心构建力量循环训练，系统提升全身整体力量水平。"}, {"id": 76, "name": "杠铃深蹲特训", "category": "力量训练", "duration": 60, "coverImage": "https://images.unsplash.com/photo-1534367507873-d2d7e24c797f?w=800", "description": "系统掌握杠铃深蹲要领，强化下肢力量与核心稳定，提升运动表现与体态控制。"}], "dayName": "周四", "equipment": [{"name": "奥林匹克杠铃杆", "image": "http://localhost:9000/fitness-bucket/images/89f93cc1-0835-4764-9680-fe7e28a83c46.webp"}, {"name": "平板卧推凳", "image": "http://localhost:9000/fitness-bucket/images/3918b0cb-d3b7-4847-a625-401252e414d1.webp"}, {"name": "龙门架综合训练器", "image": "http://localhost:9000/fitness-bucket/images/a29ba2e2-f49c-4340-b090-38a2ad3a3776.webp"}], "exercises": [{"name": "杠铃深蹲", "reps": 4, "sets": 3, "restSeconds": 120}, {"name": "硬拉", "reps": 5, "sets": 3, "restSeconds": 120}, {"name": "卧推", "reps": 4, "sets": 3, "restSeconds": 90}, {"name": "龙门架划船", "reps": 12, "sets": 3, "restSeconds": 60}, {"name": "硬拉", "reps": 5, "sets": 2, "restSeconds": 120}]}, {"focus": "下肢与核心", "courses": [{"id": 99, "name": "Zumba尊巴舞", "category": "舞蹈操课", "duration": 50, "coverImage": "http://localhost:9000/fitness-bucket/courses/50e9109f-1dbd-476f-b23c-02d9d8266994.jpg", "description": "拉丁风格有氧舞蹈，热情奔放，以律动与节奏燃脂塑形，融合踢踏、摇摆与旋转，提升心肺耐力与核心控制。"}, {"id": 102, "name": "民族健身操", "category": "舞蹈操课", "duration": 65, "coverImage": "http://localhost:9000/fitness-bucket/courses/cdce174a-912b-403a-8f12-e0b7977098da.jpg", "description": "本套健身操创新融合了民族舞蹈的艺术精髓，将传统舞姿的柔美韵律与现代健身的科学节奏完美结合。在律动中，不仅能有效提升心肺功能、强健体魄，更能陶冶情操、展现优雅体态。它打破了传统健身的枯燥，实现了健康体魄与艺术修养的双重提升，让每一次跃动都成为一场身心合一的悦动体验。"}], "dayName": "周五", "equipment": [{"name": "战绳 15米", "image": "http://localhost:9000/fitness-bucket/images/927d642f-c144-41b0-9690-a3d7861a5c49.webp"}, {"name": "弹力带套装", "image": "http://localhost:9000/fitness-bucket/images/4800b936-589d-4380-8b88-19cd1eb0ac16.jpg"}], "exercises": [{"name": "战绳波比跳", "reps": 30, "sets": 3, "restSeconds": 60}, {"name": "弹力带肩推", "reps": 15, "sets": 3, "restSeconds": 90}, {"name": "弹力带划船", "reps": 12, "sets": 3, "restSeconds": 60}, {"name": "战绳跳跃", "reps": 25, "sets": 3, "restSeconds": 45}]}, {"focus": "心肺提升", "courses": [{"id": 84, "name": "跳绳燃脂课", "category": "有氧燃脂", "duration": 45, "coverImage": "http://localhost:9000/fitness-bucket/courses/41873e51-e76b-44ae-9cad-9bc787845fb3.webp", "description": "高强度跳绳训练，快速提升心率，高效燃烧卡路里。"}, {"id": 102, "name": "民族健身操", "duration": 65, "coverImage": "http://localhost:9000/fitness-bucket/courses/cdce174a-912b-403a-8f12-e0b7977098da.jpg", "description": "本套健身操创新融合了民族舞蹈的艺术精髓，将传统舞姿的柔美韵律与现代健身的科学节奏完美结合。在律动中，不仅能有效提升心肺功能、强健体魄，更能陶冶情操、展现优雅体态。它打破了传统健身的枯燥，实现了健康体魄与艺术修养的双重提升，让每一次跃动都成为一场身心合一的悦动体验。"}], "dayName": "周六", "equipment": [{"name": "动感单车 S200", "image": "http://localhost:9000/fitness-bucket/images/28a815be-a2cd-4f77-ac7e-716a320d1422.webp"}], "exercises": [{"name": "跳绳间歇", "reps": 1, "sets": 5, "restSeconds": 60}, {"name": "跳绳节奏训练", "reps": 1, "sets": 4, "restSeconds": 45}, {"name": "跳绳心肺", "reps": 1, "sets": 3, "restSeconds": 60}]}, {"focus": "休息与恢复", "courses": null, "dayName": "周日", "equipment": [], "exercises": []}]}');
INSERT INTO public.fitness_plan (id, user_id, plan_name, goal, duration, status, deleted, create_time, update_time, level, height, weight, age, gender, experience, fitness_goal, plan_data_json) VALUES (67, 30, '7天中级健身训练计划 - 保持健康', NULL, NULL, 1, true, '2026-04-13 18:39:59.254423', '2026-05-15 01:52:16.384237', NULL, 188.00, 78.00, 23, 'MALE', '中级', '保持健康', '{"subtitle": "7天中级健身训练计划 - 保持健康", "userInfo": {"bmi": "22.1", "goal": "保持健康", "height": "188 cm", "weight": "78 kg", "intensity": "中级"}, "weeklyPlan": [{"focus": "有氧燃脂", "courses": [{"id": 88, "name": "有氧舞蹈派对", "category": "有氧燃脂", "duration": 50, "coverImage": "https://images.unsplash.com/photo-1524594152303-9fd13543fe6e?w=800", "description": "结合流行舞蹈的有氧运动，快乐燃脂不枯燥"}, {"id": 101, "name": "街舞Hip-Hop", "category": "舞蹈操课", "duration": 60, "coverImage": "https://images.unsplash.com/photo-1535525153412-5a42439a210d?w=800", "description": "学习Hip-Hop基础律动与舞步，释放青春活力"}], "dayName": "周一", "equipment": [{"name": "动感单车 S200", "image": "http://localhost:9000/fitness-bucket/images/28a815be-a2cd-4f77-ac7e-716a320d1422.webp"}], "exercises": [{"name": "跳绳燃脂", "reps": 40, "sets": 2, "restSeconds": 45}, {"name": "跑步机间歇训练", "reps": 1, "sets": 1, "restSeconds": 60}, {"name": "划船机有氧", "reps": 20, "sets": 2, "restSeconds": 45}, {"name": "战绳跳跃", "reps": 25, "sets": 2, "restSeconds": 60}]}, {"focus": "上肢与全身力量", "courses": [{"id": 79, "name": "肩部塑形训练", "category": "力量训练", "duration": 45, "coverImage": "https://images.unsplash.com/photo-1583454110551-21f2fa2afe61?w=800", "description": "针对三角肌前中后束的专项训练，打造立体肩部，配备多角度固定式肩推与侧平举、高低坐姿推举等模块，多点位激活并塑形肩峰线，提供可调阻力与多档位选择，满足进阶塑形与力量提升需求。"}, {"id": 81, "name": "全身力量循环", "category": "力量训练", "duration": 90, "coverImage": "https://images.unsplash.com/photo-1534438327276-14e5300c3a48?w=800", "description": "以复合动作为核心构建力量循环训练，系统提升全身整体力量水平。"}], "dayName": "周二", "equipment": [{"name": "坐姿划船器", "image": "http://localhost:9000/fitness-bucket/images/b93bee2e-a720-48c0-8fa4-05439f075f7a.webp"}, {"name": "奥林匹克杠铃杆", "image": "http://localhost:9000/fitness-bucket/images/89f93cc1-0835-4764-9680-fe7e28a83c46.webp"}, {"name": "平板卧推凳", "image": "http://localhost:9000/fitness-bucket/images/3918b0cb-d3b7-4847-a625-401252e414d1.webp"}], "exercises": [{"name": "杠铃推举", "reps": 10, "sets": 3, "restSeconds": 90}, {"name": "坐姿划船", "reps": 12, "sets": 3, "restSeconds": 60}, {"name": "硬拉", "reps": 8, "sets": 3, "restSeconds": 120}, {"name": "哑铃肩推", "reps": 15, "sets": 3, "restSeconds": 90}, {"name": "龙门架划船", "reps": 10, "sets": 3, "restSeconds": 60}, {"name": "壶铃摆动", "reps": 20, "sets": 3, "restSeconds": 45}]}, {"focus": "心肺耐力强化", "courses": [{"id": 82, "name": "燃脂动感单车", "category": "有氧燃脂", "duration": 45, "coverImage": "http://localhost:9000/fitness-bucket/courses/0da9ecfc-d9be-4659-85f6-9c072b1df915.webp", "description": "高强度骑行训练，提供电动与手动双模式，心率与阻力可调，高强度间歇训练与节奏训练可选，提升心肺耐力与燃脂效率，适用于体能强化与耐力提升。"}, {"id": 86, "name": "阶梯踏板训练", "category": "有氧燃脂", "duration": 50, "coverImage": "https://images.unsplash.com/photo-1518310383802-640c2de311b2?w=800", "description": "利用踏板进行有氧训练，锻炼心肺功能与腿部力量"}], "dayName": "周三", "equipment": [{"name": "动感单车 S200", "image": "http://localhost:9000/fitness-bucket/images/28a815be-a2cd-4f77-ac7e-716a320d1422.webp"}], "exercises": [{"name": "动感单车间歇", "reps": 1, "sets": 2, "restSeconds": 30}, {"name": "跑步机有氧", "reps": 1, "sets": 1, "restSeconds": 60}, {"name": "跳绳间歇", "reps": 2, "sets": 3, "restSeconds": 45}, {"name": "椭圆机有氧", "reps": 1, "sets": 2, "restSeconds": 45}]}, {"focus": "核心稳定性与协调性", "courses": [{"id": 99, "name": "Zumba尊巴舞", "category": "舞蹈操课", "duration": 50, "coverImage": "http://localhost:9000/fitness-bucket/courses/50e9109f-1dbd-476f-b23c-02d9d8266994.jpg", "description": "拉丁风格有氧舞蹈，热情奔放，以律动与节奏燃脂塑形，融合踢踏、摇摆与旋转，提升心肺耐力与核心控制。"}, {"id": 100, "name": "爵士舞基础", "category": "舞蹈操课", "duration": 60, "coverImage": "https://images.unsplash.com/photo-1508700115892-45ecd05ae2ad?w=800", "description": "学习爵士舞基本动作与组合，提升身体协调性"}], "dayName": "周四", "equipment": [{"name": "TRX悬挂训练带", "image": null}], "exercises": [{"name": "TRX平板支撑", "reps": 30, "sets": 3, "restSeconds": 45}, {"name": "TRX抬腿", "reps": 20, "sets": 3, "restSeconds": 60}, {"name": "核心卷腹", "reps": 25, "sets": 3, "restSeconds": 45}, {"name": "侧平板支撑", "reps": 20, "sets": 3, "restSeconds": 60}]}, {"focus": "下肢与上肢复合力量", "courses": [{"id": 76, "name": "杠铃深蹲特训", "category": "力量训练", "duration": 60, "coverImage": "https://images.unsplash.com/photo-1534367507873-d2d7e24c797f?w=800", "description": "系统掌握杠铃深蹲要领，强化下肢力量与核心稳定，提升运动表现与体态控制。"}, {"id": 80, "name": "手臂力量轰炸", "category": "力量训练", "duration": 40, "coverImage": "http://localhost:9000/fitness-bucket/courses/589bd94f-3ee4-4cd0-9896-528bcd2d2930.webp", "description": "二头肌与三头肌超级组训练，突破臂围瓶颈，高效刺激双臂肌群，提升力量与耐力。"}], "dayName": "周五", "equipment": [{"name": "奥林匹克杠铃杆", "image": "http://localhost:9000/fitness-bucket/images/89f93cc1-0835-4764-9680-fe7e28a83c46.webp"}, {"name": "壶铃套装", "image": "http://localhost:9000/fitness-bucket/images/50b712ab-fb6e-4c07-b8c1-cc41a466da04.webp"}], "exercises": [{"name": "杠铃深蹲", "reps": 5, "sets": 3, "restSeconds": 120}, {"name": "硬拉", "reps": 4, "sets": 3, "restSeconds": 120}, {"name": "杠铃推举", "reps": 8, "sets": 3, "restSeconds": 90}, {"name": "二头肌弯举", "reps": 12, "sets": 3, "restSeconds": 60}, {"name": "高位下拉", "reps": 10, "sets": 3, "restSeconds": 60}, {"name": "壶铃深蹲推举", "reps": 15, "sets": 3, "restSeconds": 45}]}, {"focus": "高强度间歇有氧", "courses": [{"id": 84, "name": "跳绳燃脂课", "category": "有氧燃脂", "duration": 45, "coverImage": "http://localhost:9000/fitness-bucket/courses/41873e51-e76b-44ae-9cad-9bc787845fb3.webp", "description": "高强度跳绳训练，快速提升心率，高效燃烧卡路里。"}, {"id": 82, "name": "燃脂动感单车", "category": "有氧燃脂", "duration": 45, "coverImage": "http://localhost:9000/fitness-bucket/courses/0da9ecfc-d9be-4659-85f6-9c072b1df915.webp", "description": "高强度骑行训练，提供电动与手动双模式，心率与阻力可调，高强度间歇训练与节奏训练可选，提升心肺耐力与燃脂效率，适用于体能强化与耐力提升。"}], "dayName": "周六", "equipment": [{"name": "动感单车 S200", "image": "http://localhost:9000/fitness-bucket/images/28a815be-a2cd-4f77-ac7e-716a320d1422.webp"}], "exercises": [{"name": "跳绳间歇", "reps": 2, "sets": 4, "restSeconds": 45}, {"name": "跑步机间歇", "reps": 1, "sets": 2, "restSeconds": 30}, {"name": "划船机间歇", "reps": 1, "sets": 2, "restSeconds": 45}, {"name": "战绳跳跃间歇", "reps": 2, "sets": 3, "restSeconds": 60}]}, {"focus": "休息与恢复", "courses": null, "dayName": "周日", "equipment": [], "exercises": []}]}');
INSERT INTO public.fitness_plan (id, user_id, plan_name, goal, duration, status, deleted, create_time, update_time, level, height, weight, age, gender, experience, fitness_goal, plan_data_json) VALUES (63, 30, '7天增肌高级训练计划', NULL, NULL, 1, true, '2026-04-12 20:37:54.463759', '2026-05-15 01:52:22.133866', NULL, 188.00, 78.00, 23, 'MALE', '初级', '增肌', '{"subtitle": "7天增肌高级训练计划", "userInfo": {"bmi": "22.1", "goal": "增肌", "height": "188 cm", "weight": "78 kg", "intensity": "初级"}, "weeklyPlan": [{"focus": "全身复合动作强化", "courses": [{"id": 81, "name": "全身力量循环", "category": "力量训练", "duration": 90, "coverImage": "https://images.unsplash.com/photo-1534438327276-14e5300c3a48?w=800", "description": "以复合动作为核心构建力量循环训练，系统提升全身整体力量水平。"}, {"id": 76, "name": "杠铃深蹲特训", "category": "力量训练", "duration": 60, "coverImage": "https://images.unsplash.com/photo-1534367507873-d2d7e24c797f?w=800", "description": "系统掌握杠铃深蹲要领，强化下肢力量与核心稳定，提升运动表现与体态控制。"}], "dayName": "周一", "equipment": [{"name": "奥林匹克杠铃杆", "image": "http://localhost:9000/fitness-bucket/images/89f93cc1-0835-4764-9680-fe7e28a83c46.webp"}, {"name": "可调节哑铃套装", "image": "http://localhost:9000/fitness-bucket/images/960bcc89-c268-4913-985d-edd725ac7e7e.jpg"}], "exercises": [{"name": "杠铃深蹲", "reps": 4, "sets": 3, "restSeconds": 90}, {"name": "硬拉", "reps": 3, "sets": 3, "restSeconds": 120}, {"name": "卧推", "reps": 4, "sets": 3, "restSeconds": 90}]}, {"focus": "上肢力量发展", "courses": [{"id": 79, "name": "肩部塑形训练", "category": "力量训练", "duration": 45, "coverImage": "https://images.unsplash.com/photo-1583454110551-21f2fa2afe61?w=800", "description": "针对三角肌前中后束的专项训练，打造立体肩部，配备多角度固定式肩推与侧平举、高低坐姿推举等模块，多点位激活并塑形肩峰线，提供可调阻力与多档位选择，满足进阶塑形与力量提升需求。"}, {"id": 80, "name": "手臂力量轰炸", "category": "力量训练", "duration": 40, "coverImage": "http://localhost:9000/fitness-bucket/courses/589bd94f-3ee4-4cd0-9896-528bcd2d2930.webp", "description": "二头肌与三头肌超级组训练，突破臂围瓶颈，高效刺激双臂肌群，提升力量与耐力。"}], "dayName": "周二", "equipment": [{"name": "橡胶包胶杠铃片套装", "image": "http://localhost:9000/fitness-bucket/images/71d74753-bb23-4ac3-a041-6ca2dc51e2e4.webp"}, {"name": "史密斯训练架", "image": "http://localhost:9000/fitness-bucket/images/6b017543-142a-422b-8f38-0caa3137bce0.webp"}, {"name": "可调节哑铃套装", "image": "http://localhost:9000/fitness-bucket/images/960bcc89-c268-4913-985d-edd725ac7e7e.jpg"}], "exercises": [{"name": "肩推", "reps": 4, "sets": 3, "restSeconds": 90}, {"name": "弯举", "reps": 3, "sets": 3, "restSeconds": 120}, {"name": "臂屈伸", "reps": 4, "sets": 3, "restSeconds": 90}]}, {"focus": "核心稳定性强化", "courses": [{"id": 90, "name": "普拉提核心床", "category": "瑜伽普拉提", "duration": 60, "coverImage": "https://images.unsplash.com/photo-1518310383802-640c2de311b2?w=800", "description": "借助核心床进行普拉提训练，是强化核心肌群的高效途径。通过器械独特的弹簧阻力与滑动床板设计，训练者能在动态不稳定中精准激活深层肌群。这不仅有助于塑造紧致身形，更能显著提升身体稳定性与协调性，让每一次伸展与发力都充满控制之美。"}, {"id": 93, "name": "垫上普拉提塑形", "category": "瑜伽普拉提", "duration": 50, "coverImage": "https://images.unsplash.com/photo-1575052814086-f385e2e2ad1b?w=800", "description": "经典垫上普拉提动作，塑造修长线条与优雅体态"}], "dayName": "周三", "equipment": [{"name": "TRX悬挂训练带", "image": null}, {"name": "泡沫轴", "image": "http://localhost:9000/fitness-bucket/images/4eda3da5-5023-457b-8076-e7020f52a711.webp"}], "exercises": []}, {"focus": "有氧耐力与心肺强化", "courses": [{"id": 88, "name": "有氧舞蹈派对", "category": "有氧燃脂", "duration": 50, "coverImage": "https://images.unsplash.com/photo-1524594152303-9fd13543fe6e?w=800", "description": "结合流行舞蹈的有氧运动，快乐燃脂不枯燥"}, {"id": 101, "name": "街舞Hip-Hop", "category": "舞蹈操课", "duration": 60, "coverImage": "https://images.unsplash.com/photo-1535525153412-5a42439a210d?w=800", "description": "学习Hip-Hop基础律动与舞步，释放青春活力"}], "dayName": "周四", "equipment": [{"name": "动感单车 S200", "image": "http://localhost:9000/fitness-bucket/images/28a815be-a2cd-4f77-ac7e-716a320d1422.webp"}, {"name": "商用跑步机 X1", "image": "http://localhost:9000/fitness-bucket/images/2a4e805e-b137-47c5-be32-e3b3e005e00a.webp"}], "exercises": []}, {"focus": "下肢力量与爆发力", "courses": [{"id": 81, "name": "全身力量循环", "category": "力量训练", "duration": 90, "coverImage": "https://images.unsplash.com/photo-1534438327276-14e5300c3a48?w=800", "description": "以复合动作为核心构建力量循环训练，系统提升全身整体力量水平。"}, {"id": 76, "name": "杠铃深蹲特训", "category": "力量训练", "duration": 60, "coverImage": "https://images.unsplash.com/photo-1534367507873-d2d7e24c797f?w=800", "description": "系统掌握杠铃深蹲要领，强化下肢力量与核心稳定，提升运动表现与体态控制。"}], "dayName": "周五", "equipment": [{"name": "划船机 R300", "image": "http://localhost:9000/fitness-bucket/images/4ad04cff-064f-4920-9195-7a2c98267a00.webp"}, {"name": "腿举训练器", "image": "http://localhost:9000/fitness-bucket/images/5255958d-f107-45a6-8383-6d4904961526.webp"}], "exercises": [{"name": "硬拉", "reps": 4, "sets": 3, "restSeconds": 90}, {"name": "臀推", "reps": 3, "sets": 3, "restSeconds": 120}, {"name": "腿举", "reps": 4, "sets": 3, "restSeconds": 90}]}, {"focus": "功能性训练与灵活性", "courses": [{"id": 104, "name": "脊柱侧弯矫正", "category": "康复体态", "duration": 50, "coverImage": "https://images.unsplash.com/photo-1506126613408-eca07ce68773?w=800", "description": "借助科学系统的专业训练，针对性矫正脊柱侧弯问题。通过强化核心肌群与优化体态排列，有效改善脊柱生理曲度，帮助身体重获自然平衡与挺拔姿态，从而提升整体健康气质。"}, {"id": 99, "name": "Zumba尊巴舞", "category": "舞蹈操课", "duration": 50, "coverImage": "http://localhost:9000/fitness-bucket/courses/50e9109f-1dbd-476f-b23c-02d9d8266994.jpg", "description": "拉丁风格有氧舞蹈，热情奔放，以律动与节奏燃脂塑形，融合踢踏、摇摆与旋转，提升心肺耐力与核心控制。"}], "dayName": "周六", "equipment": [{"name": "龙门架综合训练器", "image": "http://localhost:9000/fitness-bucket/images/a29ba2e2-f49c-4340-b090-38a2ad3a3776.webp"}, {"name": "弹力带套装", "image": "http://localhost:9000/fitness-bucket/images/4800b936-589d-4380-8b88-19cd1eb0ac16.jpg"}], "exercises": []}, {"focus": "深度放松与恢复", "courses": null, "dayName": "周日", "equipment": [], "exercises": []}]}');
INSERT INTO public.fitness_plan (id, user_id, plan_name, goal, duration, status, deleted, create_time, update_time, level, height, weight, age, gender, experience, fitness_goal, plan_data_json) VALUES (77, 25, '7天均衡健康训练计划', NULL, NULL, 1, false, '2026-05-25 01:40:59.238573', '2026-05-25 01:40:59.238573', NULL, 170.00, 63.00, 24, 'MALE', '中级', '保持健康', '{"subtitle": "7天均衡健康训练计划", "userInfo": {"bmi": "21.8", "goal": "保持健康", "height": "170厘米", "weight": "63公斤", "intensity": "中级"}, "weeklyPlan": [{"focus": "有氧燃脂", "courses": [{"id": 82, "name": "燃脂动感单车", "category": "有氧燃脂", "duration": 45, "coverImage": "http://localhost:9000/fitness-bucket/courses/0da9ecfc-d9be-4659-85f6-9c072b1df915.webp", "description": "高强度骑行训练，提供电动与手动双模式，心率与阻力可调，高强度间歇训练与节奏训练可选，提升心肺耐力与燃脂效率，适用于体能强化与耐力提升。"}, {"id": 99, "name": "Zumba尊巴舞", "duration": 50, "coverImage": "http://localhost:9000/fitness-bucket/courses/50e9109f-1dbd-476f-b23c-02d9d8266994.jpg", "description": "拉丁风格有氧舞蹈，热情奔放，以律动与节奏燃脂塑形，融合踢踏、摇摆与旋转，提升心肺耐力与核心控制。"}], "dayName": "星期一", "equipment": [{"name": "动感单车 S200", "image": "http://localhost:9000/fitness-bucket/images/28a815be-a2cd-4f77-ac7e-716a320d1422.webp"}], "exercises": [{"name": "动感单车匀速骑行", "reps": 1, "sets": 1, "restSeconds": 0}, {"name": "动感单车高强度间歇", "reps": 1, "sets": 6, "restSeconds": 60}, {"name": "仰卧卷腹", "reps": 15, "sets": 3, "restSeconds": 30}, {"name": "平板支撑", "reps": 1, "sets": 3, "restSeconds": 45}, {"name": "深蹲", "reps": 12, "sets": 3, "restSeconds": 45}, {"name": "弓步蹲", "reps": 10, "sets": 3, "restSeconds": 45}, {"name": "开合跳", "reps": 20, "sets": 3, "restSeconds": 30}, {"name": "拉伸放松", "reps": 1, "sets": 1, "restSeconds": 0}]}, {"focus": "全身力量", "courses": [{"id": 94, "name": "拳击基础入门", "category": "拳击格斗", "duration": 60, "coverImage": "https://images.unsplash.com/photo-1549719386-74dfcbf7dbed?w=800", "description": "学习拳击基本拳法、步法与防守技巧"}, {"id": 108, "name": "嘻嘻嘻", "duration": 23, "coverImage": "http://localhost:9000/fitness-bucket/courses/f9f1618d-1e95-41f0-8c86-930fdce8bfb0.png", "description": "这款综合训练设备设计专业，支持多样化的力量与塑形训练，全方位刺激目标肌群。配备精准的阻力调节系统，满足从基础塑形到力量进阶的不同需求，其运行平稳流畅，是打造专业健身区与提升训练效能的理想选择。"}], "dayName": "星期二", "equipment": [{"name": "可调节哑铃套装", "image": "http://localhost:9000/fitness-bucket/images/960bcc89-c268-4913-985d-edd725ac7e7e.jpg"}, {"name": "龙门架综合训练器", "image": "http://localhost:9000/fitness-bucket/images/a29ba2e2-f49c-4340-b090-38a2ad3a3776.webp"}], "exercises": [{"name": "哑铃卧推", "reps": 10, "sets": 3, "restSeconds": 60}, {"name": "哑铃划船", "reps": 10, "sets": 3, "restSeconds": 60}, {"name": "龙门架高位下拉", "reps": 12, "sets": 3, "restSeconds": 45}, {"name": "哑铃肩推", "reps": 10, "sets": 3, "restSeconds": 45}, {"name": "哑铃弯举", "reps": 12, "sets": 3, "restSeconds": 30}, {"name": "哑铃臂屈伸", "reps": 12, "sets": 3, "restSeconds": 30}, {"name": "拳击空击组合", "reps": 20, "sets": 3, "restSeconds": 45}, {"name": "拉伸放松", "reps": 1, "sets": 1, "restSeconds": 0}]}, {"focus": "有氧舞蹈与核心", "courses": [{"id": 99, "name": "Zumba尊巴舞", "category": "舞蹈操课", "duration": 50, "coverImage": "http://localhost:9000/fitness-bucket/courses/50e9109f-1dbd-476f-b23c-02d9d8266994.jpg", "description": "拉丁风格有氧舞蹈，热情奔放，以律动与节奏燃脂塑形，融合踢踏、摇摆与旋转，提升心肺耐力与核心控制。"}, {"id": 91, "name": "阴瑜伽深度放松", "duration": 90, "coverImage": "https://images.unsplash.com/photo-1506126613408-eca07ce68773?w=800", "description": "长时间保持体式，深度拉伸结缔组织，缓解压力"}], "dayName": "星期三", "equipment": [{"name": "TRX悬挂训练带", "image": null}, {"name": "泡沫轴", "image": "http://localhost:9000/fitness-bucket/images/4eda3da5-5023-457b-8076-e7020f52a711.webp"}], "exercises": [{"name": "TRX深蹲", "reps": 12, "sets": 3, "restSeconds": 45}, {"name": "TRX划船", "reps": 10, "sets": 3, "restSeconds": 45}, {"name": "TRX卷腹", "reps": 12, "sets": 3, "restSeconds": 30}, {"name": "平板支撑", "reps": 1, "sets": 3, "restSeconds": 45}, {"name": "侧平板支撑", "reps": 1, "sets": 3, "restSeconds": 30}, {"name": "俄罗斯转体", "reps": 16, "sets": 3, "restSeconds": 30}, {"name": "泡沫轴全身放松", "reps": 1, "sets": 1, "restSeconds": 0}, {"name": "拉伸放松", "reps": 1, "sets": 1, "restSeconds": 0}]}, {"focus": "休息日", "courses": null, "dayName": "星期四", "equipment": [], "exercises": []}, {"focus": "下肢力量与有氧", "courses": [{"id": 101, "name": "街舞Hip-Hop", "category": "舞蹈操课", "duration": 60, "coverImage": "https://images.unsplash.com/photo-1535525153412-5a42439a210d?w=800", "description": "学习Hip-Hop基础律动与舞步，释放青春活力"}, {"id": 99, "name": "Zumba尊巴舞", "duration": 50, "coverImage": "http://localhost:9000/fitness-bucket/courses/50e9109f-1dbd-476f-b23c-02d9d8266994.jpg", "description": "拉丁风格有氧舞蹈，热情奔放，以律动与节奏燃脂塑形，融合踢踏、摇摆与旋转，提升心肺耐力与核心控制。"}], "dayName": "星期五", "equipment": [{"name": "腿举训练器", "image": "http://localhost:9000/fitness-bucket/images/5255958d-f107-45a6-8383-6d4904961526.webp"}, {"name": "壶铃套装", "image": "http://localhost:9000/fitness-bucket/images/50b712ab-fb6e-4c07-b8c1-cc41a466da04.webp"}], "exercises": [{"name": "腿举", "reps": 12, "sets": 3, "restSeconds": 60}, {"name": "壶铃摇摆", "reps": 15, "sets": 3, "restSeconds": 45}, {"name": "壶铃深蹲", "reps": 12, "sets": 3, "restSeconds": 45}, {"name": "弓步蹲", "reps": 10, "sets": 3, "restSeconds": 45}, {"name": "提踵", "reps": 15, "sets": 3, "restSeconds": 30}, {"name": "臀桥", "reps": 15, "sets": 3, "restSeconds": 30}, {"name": "街舞律动练习", "reps": 20, "sets": 3, "restSeconds": 30}, {"name": "拉伸放松", "reps": 1, "sets": 1, "restSeconds": 0}]}, {"focus": "柔韧与恢复", "courses": null, "dayName": "星期六", "equipment": [], "exercises": []}, {"focus": "综合体能", "courses": [{"id": 108, "name": "嘻嘻嘻", "category": "拳击格斗", "duration": 23, "coverImage": "http://localhost:9000/fitness-bucket/courses/f9f1618d-1e95-41f0-8c86-930fdce8bfb0.png", "description": "这款综合训练设备设计专业，支持多样化的力量与塑形训练，全方位刺激目标肌群。配备精准的阻力调节系统，满足从基础塑形到力量进阶的不同需求，其运行平稳流畅，是打造专业健身区与提升训练效能的理想选择。"}, {"id": 91, "name": "阴瑜伽深度放松", "duration": 90, "coverImage": "https://images.unsplash.com/photo-1506126613408-eca07ce68773?w=800", "description": "长时间保持体式，深度拉伸结缔组织，缓解压力"}], "dayName": "星期日", "equipment": [{"name": "战绳 15米", "image": "http://localhost:9000/fitness-bucket/images/927d642f-c144-41b0-9690-a3d7861a5c49.webp"}, {"name": "划船机 R300", "image": "http://localhost:9000/fitness-bucket/images/4ad04cff-064f-4920-9195-7a2c98267a00.webp"}], "exercises": [{"name": "战绳波浪", "reps": 20, "sets": 3, "restSeconds": 45}, {"name": "战绳砸地", "reps": 15, "sets": 3, "restSeconds": 45}, {"name": "划船机匀速划行", "reps": 1, "sets": 1, "restSeconds": 0}, {"name": "划船机间歇冲刺", "reps": 1, "sets": 6, "restSeconds": 60}, {"name": "俯卧撑", "reps": 12, "sets": 3, "restSeconds": 30}, {"name": "深蹲跳", "reps": 10, "sets": 3, "restSeconds": 45}, {"name": "登山者", "reps": 20, "sets": 3, "restSeconds": 30}, {"name": "拉伸放松", "reps": 1, "sets": 1, "restSeconds": 0}]}]}');
INSERT INTO public.fitness_plan (id, user_id, plan_name, goal, duration, status, deleted, create_time, update_time, level, height, weight, age, gender, experience, fitness_goal, plan_data_json) VALUES (3, 25, '默认7天健身计划', '胸部+三头肌', 7, 1, true, '2026-04-03 14:01:24.407233', '2026-04-09 01:25:54.714095', NULL, NULL, NULL, NULL, NULL, NULL, NULL, NULL);
INSERT INTO public.fitness_plan (id, user_id, plan_name, goal, duration, status, deleted, create_time, update_time, level, height, weight, age, gender, experience, fitness_goal, plan_data_json) VALUES (5, 25, '默认7天健身计划', '胸部+三头肌', 7, 1, true, '2026-04-03 14:39:45.256338', '2026-04-09 01:45:33.71963', NULL, NULL, NULL, NULL, NULL, NULL, NULL, NULL);
INSERT INTO public.fitness_plan (id, user_id, plan_name, goal, duration, status, deleted, create_time, update_time, level, height, weight, age, gender, experience, fitness_goal, plan_data_json) VALUES (6, 25, '默认7天健身计划', '胸部+三头肌', 7, 1, true, '2026-04-03 14:55:26.403954', '2026-04-09 01:45:36.200516', NULL, NULL, NULL, NULL, NULL, NULL, NULL, NULL);


--
-- Data for Name: fitness_plan_detail; Type: TABLE DATA; Schema: public; Owner: fitness_user
--

INSERT INTO public.fitness_plan_detail (id, plan_id, day_of_week, exercise_name, sets, reps, duration, notes, sort_order, deleted, create_time, update_time, course_id, equipment_names, day_index, day_name, focus, course_name, equipment_json, exercises_json) VALUES (834, 44, 3, '泡沫轴筋膜放松', 1, 1, 20, '全身放松，重点在腿部和背部', 10, true, '2026-04-05 23:57:37.913745', '2026-04-09 02:17:04.183572', 103, '["泡沫轴","瑜伽垫"]', 3, '周三', '综合训练', NULL, NULL, NULL);
INSERT INTO public.fitness_plan_detail (id, plan_id, day_of_week, exercise_name, sets, reps, duration, notes, sort_order, deleted, create_time, update_time, course_id, equipment_names, day_index, day_name, focus, course_name, equipment_json, exercises_json) VALUES (835, 44, 3, '猫牛式伸展', 3, 15, 5, '脊柱灵活性', 11, true, '2026-04-05 23:57:37.916585', '2026-04-09 02:17:04.183572', 103, '["泡沫轴","瑜伽垫"]', 3, '周三', '综合训练', NULL, NULL, NULL);
INSERT INTO public.fitness_plan_detail (id, plan_id, day_of_week, exercise_name, sets, reps, duration, notes, sort_order, deleted, create_time, update_time, course_id, equipment_names, day_index, day_name, focus, course_name, equipment_json, exercises_json) VALUES (836, 44, 3, '死虫式', 3, 12, 5, '核心激活', 12, true, '2026-04-05 23:57:37.919253', '2026-04-09 02:17:04.183572', 103, '["泡沫轴","瑜伽垫"]', 3, '周三', '综合训练', NULL, NULL, NULL);
INSERT INTO public.fitness_plan_detail (id, plan_id, day_of_week, exercise_name, sets, reps, duration, notes, sort_order, deleted, create_time, update_time, course_id, equipment_names, day_index, day_name, focus, course_name, equipment_json, exercises_json) VALUES (837, 44, 3, '平板支撑', 3, 1, 5, '每组力竭，核心稳定性', 13, true, '2026-04-05 23:57:37.922737', '2026-04-09 02:17:04.183572', 103, '["泡沫轴","瑜伽垫"]', 3, '周三', '综合训练', NULL, NULL, NULL);
INSERT INTO public.fitness_plan_detail (id, plan_id, day_of_week, exercise_name, sets, reps, duration, notes, sort_order, deleted, create_time, update_time, course_id, equipment_names, day_index, day_name, focus, course_name, equipment_json, exercises_json) VALUES (838, 44, 4, '站姿杠铃推举', 4, 8, 12, '三角肌前束与中束', 14, true, '2026-04-05 23:57:37.927519', '2026-04-09 02:17:04.183572', 79, '["哑铃套装","龙门架综合训练器"]', 4, '周四', '综合训练', NULL, NULL, NULL);
INSERT INTO public.fitness_plan_detail (id, plan_id, day_of_week, exercise_name, sets, reps, duration, notes, sort_order, deleted, create_time, update_time, course_id, equipment_names, day_index, day_name, focus, course_name, equipment_json, exercises_json) VALUES (839, 44, 4, '哑铃侧平举', 5, 15, 10, '递减组，充分刺激中束', 15, true, '2026-04-05 23:57:37.933303', '2026-04-09 02:17:04.183572', 79, '["哑铃套装","龙门架综合训练器"]', 4, '周四', '综合训练', NULL, NULL, NULL);
INSERT INTO public.fitness_plan_detail (id, plan_id, day_of_week, exercise_name, sets, reps, duration, notes, sort_order, deleted, create_time, update_time, course_id, equipment_names, day_index, day_name, focus, course_name, equipment_json, exercises_json) VALUES (840, 44, 4, '杠铃弯举', 4, 10, 10, '肱二头肌基础动作', 16, true, '2026-04-05 23:57:37.937353', '2026-04-09 02:17:04.183572', 79, '["哑铃套装","龙门架综合训练器"]', 4, '周四', '综合训练', NULL, NULL, NULL);
INSERT INTO public.fitness_plan_detail (id, plan_id, day_of_week, exercise_name, sets, reps, duration, notes, sort_order, deleted, create_time, update_time, course_id, equipment_names, day_index, day_name, focus, course_name, equipment_json, exercises_json) VALUES (841, 44, 4, '绳索下压', 4, 12, 8, '肱三头肌外侧头', 17, true, '2026-04-05 23:57:37.939391', '2026-04-09 02:17:04.183572', 79, '["哑铃套装","龙门架综合训练器"]', 4, '周四', '综合训练', NULL, NULL, NULL);
INSERT INTO public.fitness_plan_detail (id, plan_id, day_of_week, exercise_name, sets, reps, duration, notes, sort_order, deleted, create_time, update_time, course_id, equipment_names, day_index, day_name, focus, course_name, equipment_json, exercises_json) VALUES (842, 44, 4, '哑铃俯身飞鸟', 4, 15, 8, '三角肌后束', 18, true, '2026-04-05 23:57:37.943438', '2026-04-09 02:17:04.183572', 79, '["哑铃套装","龙门架综合训练器"]', 4, '周四', '综合训练', NULL, NULL, NULL);
INSERT INTO public.fitness_plan_detail (id, plan_id, day_of_week, exercise_name, sets, reps, duration, notes, sort_order, deleted, create_time, update_time, course_id, equipment_names, day_index, day_name, focus, course_name, equipment_json, exercises_json) VALUES (843, 44, 5, '高脚杯深蹲', 4, 12, 10, '核心与腿部综合', 19, true, '2026-04-05 23:57:37.946874', '2026-04-09 02:17:04.183572', 81, '["壶铃套装","战绳 15米","可调节哑铃套装"]', 5, '周五', '综合训练', NULL, NULL, NULL);
INSERT INTO public.fitness_plan_detail (id, plan_id, day_of_week, exercise_name, sets, reps, duration, notes, sort_order, deleted, create_time, update_time, course_id, equipment_names, day_index, day_name, focus, course_name, equipment_json, exercises_json) VALUES (844, 44, 5, '俯卧撑变式', 4, 15, 8, '胸肌与三头肌', 20, true, '2026-04-05 23:57:37.949007', '2026-04-09 02:17:04.183572', 81, '["壶铃套装","战绳 15米","可调节哑铃套装"]', 5, '周五', '综合训练', NULL, NULL, NULL);
INSERT INTO public.fitness_plan_detail (id, plan_id, day_of_week, exercise_name, sets, reps, duration, notes, sort_order, deleted, create_time, update_time, course_id, equipment_names, day_index, day_name, focus, course_name, equipment_json, exercises_json) VALUES (845, 44, 5, '哑铃划船', 4, 12, 10, '单侧背部刺激', 21, true, '2026-04-05 23:57:37.951671', '2026-04-09 02:17:04.183572', 81, '["壶铃套装","战绳 15米","可调节哑铃套装"]', 5, '周五', '综合训练', NULL, NULL, NULL);
INSERT INTO public.fitness_plan_detail (id, plan_id, day_of_week, exercise_name, sets, reps, duration, notes, sort_order, deleted, create_time, update_time, course_id, equipment_names, day_index, day_name, focus, course_name, equipment_json, exercises_json) VALUES (846, 44, 5, '壶铃摆动', 4, 20, 8, '爆发力与臀部', 22, true, '2026-04-05 23:57:37.954873', '2026-04-09 02:17:04.183572', 81, '["壶铃套装","战绳 15米","可调节哑铃套装"]', 5, '周五', '综合训练', NULL, NULL, NULL);
INSERT INTO public.fitness_plan_detail (id, plan_id, day_of_week, exercise_name, sets, reps, duration, notes, sort_order, deleted, create_time, update_time, course_id, equipment_names, day_index, day_name, focus, course_name, equipment_json, exercises_json) VALUES (847, 44, 5, '战绳波浪', 5, 30, 10, '心肺与耐力收尾', 23, true, '2026-04-05 23:57:37.956997', '2026-04-09 02:17:04.183572', 81, '["壶铃套装","战绳 15米","可调节哑铃套装"]', 5, '周五', '综合训练', NULL, NULL, NULL);
INSERT INTO public.fitness_plan_detail (id, plan_id, day_of_week, exercise_name, sets, reps, duration, notes, sort_order, deleted, create_time, update_time, course_id, equipment_names, day_index, day_name, focus, course_name, equipment_json, exercises_json) VALUES (848, 44, 6, '动感单车', 1, 1, 30, '中等阻力，保持转速', 24, true, '2026-04-05 23:57:37.960938', '2026-04-09 02:17:04.183572', 82, '["动感单车 S200","瑜伽垫"]', 6, '周六', '综合训练', NULL, NULL, NULL);
INSERT INTO public.fitness_plan_detail (id, plan_id, day_of_week, exercise_name, sets, reps, duration, notes, sort_order, deleted, create_time, update_time, course_id, equipment_names, day_index, day_name, focus, course_name, equipment_json, exercises_json) VALUES (849, 44, 6, '悬挂抬腿', 4, 15, 8, '下腹部刺激', 25, true, '2026-04-05 23:57:37.965183', '2026-04-09 02:17:04.183572', 82, '["动感单车 S200","瑜伽垫"]', 6, '周六', '综合训练', NULL, NULL, NULL);
INSERT INTO public.fitness_plan_detail (id, plan_id, day_of_week, exercise_name, sets, reps, duration, notes, sort_order, deleted, create_time, update_time, course_id, equipment_names, day_index, day_name, focus, course_name, equipment_json, exercises_json) VALUES (850, 44, 6, '卷腹', 4, 20, 6, '上腹部刺激', 26, true, '2026-04-05 23:57:37.966978', '2026-04-09 02:17:04.183572', 82, '["动感单车 S200","瑜伽垫"]', 6, '周六', '综合训练', NULL, NULL, NULL);
INSERT INTO public.fitness_plan_detail (id, plan_id, day_of_week, exercise_name, sets, reps, duration, notes, sort_order, deleted, create_time, update_time, course_id, equipment_names, day_index, day_name, focus, course_name, equipment_json, exercises_json) VALUES (730, 38, 4, '站姿杠铃推举', 4, 8, 15, '核心收紧，避免腰部反弓', 12, true, '2026-04-04 22:49:53.320974', '2026-04-09 02:17:06.288628', 79, '["龙门架综合训练器","可调节哑铃套装"]', 4, '周四', '综合训练', NULL, NULL, NULL);
INSERT INTO public.fitness_plan_detail (id, plan_id, day_of_week, exercise_name, sets, reps, duration, notes, sort_order, deleted, create_time, update_time, course_id, equipment_names, day_index, day_name, focus, course_name, equipment_json, exercises_json) VALUES (731, 38, 4, '哑铃侧平举', 4, 15, 10, '中束发力，控制速度', 13, true, '2026-04-04 22:49:53.323555', '2026-04-09 02:17:06.288628', 79, '["龙门架综合训练器","可调节哑铃套装"]', 4, '周四', '综合训练', NULL, NULL, NULL);
INSERT INTO public.fitness_plan_detail (id, plan_id, day_of_week, exercise_name, sets, reps, duration, notes, sort_order, deleted, create_time, update_time, course_id, equipment_names, day_index, day_name, focus, course_name, equipment_json, exercises_json) VALUES (732, 38, 4, '杠铃弯举', 4, 10, 10, '避免借力晃动', 14, true, '2026-04-04 22:49:53.325118', '2026-04-09 02:17:06.288628', 79, '["龙门架综合训练器","可调节哑铃套装"]', 4, '周四', '综合训练', NULL, NULL, NULL);
INSERT INTO public.fitness_plan_detail (id, plan_id, day_of_week, exercise_name, sets, reps, duration, notes, sort_order, deleted, create_time, update_time, course_id, equipment_names, day_index, day_name, focus, course_name, equipment_json, exercises_json) VALUES (733, 38, 4, '绳索下压', 4, 12, 10, '顶峰收缩肱三头肌', 15, true, '2026-04-04 22:49:53.326672', '2026-04-09 02:17:06.288628', 79, '["龙门架综合训练器","可调节哑铃套装"]', 4, '周四', '综合训练', NULL, NULL, NULL);
INSERT INTO public.fitness_plan_detail (id, plan_id, day_of_week, exercise_name, sets, reps, duration, notes, sort_order, deleted, create_time, update_time, course_id, equipment_names, day_index, day_name, focus, course_name, equipment_json, exercises_json) VALUES (734, 38, 5, '高脚杯深蹲', 4, 10, 15, '核心激活', 16, true, '2026-04-04 22:49:53.32978', '2026-04-09 02:17:06.288628', 81, '["壶铃套装","哑铃套装"]', 5, '周五', '综合训练', NULL, NULL, NULL);
INSERT INTO public.fitness_plan_detail (id, plan_id, day_of_week, exercise_name, sets, reps, duration, notes, sort_order, deleted, create_time, update_time, course_id, equipment_names, day_index, day_name, focus, course_name, equipment_json, exercises_json) VALUES (735, 38, 5, '哑铃单臂划船', 3, 12, 10, '背阔肌收缩', 17, true, '2026-04-04 22:49:53.331294', '2026-04-09 02:17:06.288628', 81, '["壶铃套装","哑铃套装"]', 5, '周五', '综合训练', NULL, NULL, NULL);
INSERT INTO public.fitness_plan_detail (id, plan_id, day_of_week, exercise_name, sets, reps, duration, notes, sort_order, deleted, create_time, update_time, course_id, equipment_names, day_index, day_name, focus, course_name, equipment_json, exercises_json) VALUES (736, 38, 5, '俯卧撑变式', 3, 15, 10, '钻石俯卧撑或击掌俯卧撑', 18, true, '2026-04-04 22:49:53.332823', '2026-04-09 02:17:06.288628', 81, '["壶铃套装","哑铃套装"]', 5, '周五', '综合训练', NULL, NULL, NULL);
INSERT INTO public.fitness_plan_detail (id, plan_id, day_of_week, exercise_name, sets, reps, duration, notes, sort_order, deleted, create_time, update_time, course_id, equipment_names, day_index, day_name, focus, course_name, equipment_json, exercises_json) VALUES (737, 38, 5, '壶铃摆动', 4, 20, 10, '髋部爆发力', 19, true, '2026-04-04 22:49:53.334337', '2026-04-09 02:17:06.288628', 81, '["壶铃套装","哑铃套装"]', 5, '周五', '综合训练', NULL, NULL, NULL);
INSERT INTO public.fitness_plan_detail (id, plan_id, day_of_week, exercise_name, sets, reps, duration, notes, sort_order, deleted, create_time, update_time, course_id, equipment_names, day_index, day_name, focus, course_name, equipment_json, exercises_json) VALUES (738, 38, 6, '动感单车骑行', 1, 1, 30, '中等阻力，保持转速', 20, true, '2026-04-04 22:49:53.336005', '2026-04-09 02:17:06.288628', 82, '["动感单车 S200","瑜伽垫"]', 6, '周六', '综合训练', NULL, NULL, NULL);
INSERT INTO public.fitness_plan_detail (id, plan_id, day_of_week, exercise_name, sets, reps, duration, notes, sort_order, deleted, create_time, update_time, course_id, equipment_names, day_index, day_name, focus, course_name, equipment_json, exercises_json) VALUES (739, 38, 6, '跳绳间歇', 5, 1, 15, '每组2分钟，高强度', 21, true, '2026-04-04 22:49:53.33862', '2026-04-09 02:17:06.288628', 82, '["动感单车 S200","瑜伽垫"]', 6, '周六', '综合训练', NULL, NULL, NULL);
INSERT INTO public.fitness_plan_detail (id, plan_id, day_of_week, exercise_name, sets, reps, duration, notes, sort_order, deleted, create_time, update_time, course_id, equipment_names, day_index, day_name, focus, course_name, equipment_json, exercises_json) VALUES (740, 38, 6, '腹部卷腹', 4, 20, 10, '腹肌持续紧张', 22, true, '2026-04-04 22:49:53.341232', '2026-04-09 02:17:06.288628', 82, '["动感单车 S200","瑜伽垫"]', 6, '周六', '综合训练', NULL, NULL, NULL);
INSERT INTO public.fitness_plan_detail (id, plan_id, day_of_week, exercise_name, sets, reps, duration, notes, sort_order, deleted, create_time, update_time, course_id, equipment_names, day_index, day_name, focus, course_name, equipment_json, exercises_json) VALUES (215, 13, 5, '仰卧杠铃臂屈伸', 3, 12, 10, '针对肱三头肌', 17, true, '2026-04-03 15:47:11.723087', '2026-04-09 02:17:08.939923', 80, '["龙门架综合训练器","蝴蝶机","可调节哑铃套装"]', 5, '周五', '综合训练', NULL, NULL, NULL);
INSERT INTO public.fitness_plan_detail (id, plan_id, day_of_week, exercise_name, sets, reps, duration, notes, sort_order, deleted, create_time, update_time, course_id, equipment_names, day_index, day_name, focus, course_name, equipment_json, exercises_json) VALUES (216, 13, 5, '哑铃锤式弯举', 3, 12, 8, '针对手臂线条', 18, true, '2026-04-03 15:47:11.726199', '2026-04-09 02:17:08.939923', 80, '["龙门架综合训练器","蝴蝶机","可调节哑铃套装"]', 5, '周五', '综合训练', NULL, NULL, NULL);
INSERT INTO public.fitness_plan_detail (id, plan_id, day_of_week, exercise_name, sets, reps, duration, notes, sort_order, deleted, create_time, update_time, course_id, equipment_names, day_index, day_name, focus, course_name, equipment_json, exercises_json) VALUES (217, 13, 5, '蝴蝶机夹胸', 3, 15, 10, '胸肌中缝塑形', 19, true, '2026-04-03 15:47:11.727733', '2026-04-09 02:17:08.939923', 80, '["龙门架综合训练器","蝴蝶机","可调节哑铃套装"]', 5, '周五', '综合训练', NULL, NULL, NULL);
INSERT INTO public.fitness_plan_detail (id, plan_id, day_of_week, exercise_name, sets, reps, duration, notes, sort_order, deleted, create_time, update_time, course_id, equipment_names, day_index, day_name, focus, course_name, equipment_json, exercises_json) VALUES (218, 13, 6, '壶铃摇摆', 4, 15, 10, '爆发力训练，注意髋部铰链', 20, true, '2026-04-03 15:47:11.729272', '2026-04-09 02:17:08.939923', 81, '["壶铃套装","战绳 15米","瑜伽垫"]', 6, '周六', '综合训练', NULL, NULL, NULL);
INSERT INTO public.fitness_plan_detail (id, plan_id, day_of_week, exercise_name, sets, reps, duration, notes, sort_order, deleted, create_time, update_time, course_id, equipment_names, day_index, day_name, focus, course_name, equipment_json, exercises_json) VALUES (219, 13, 6, '战绳波浪', 4, 30, 10, '保持核心稳定，快速挥动', 21, true, '2026-04-03 15:47:11.732711', '2026-04-09 02:17:08.939923', 81, '["壶铃套装","战绳 15米","瑜伽垫"]', 6, '周六', '综合训练', NULL, NULL, NULL);
INSERT INTO public.fitness_plan_detail (id, plan_id, day_of_week, exercise_name, sets, reps, duration, notes, sort_order, deleted, create_time, update_time, course_id, equipment_names, day_index, day_name, focus, course_name, equipment_json, exercises_json) VALUES (220, 13, 6, '波比跳', 3, 10, 8, '全身调动，提升心率', 22, true, '2026-04-03 15:47:11.734492', '2026-04-09 02:17:08.939923', 81, '["壶铃套装","战绳 15米","瑜伽垫"]', 6, '周六', '综合训练', NULL, NULL, NULL);
INSERT INTO public.fitness_plan_detail (id, plan_id, day_of_week, exercise_name, sets, reps, duration, notes, sort_order, deleted, create_time, update_time, course_id, equipment_names, day_index, day_name, focus, course_name, equipment_json, exercises_json) VALUES (221, 13, 6, '登山跑', 3, 20, 5, '核心收紧', 23, true, '2026-04-03 15:47:11.737612', '2026-04-09 02:17:08.939923', 81, '["壶铃套装","战绳 15米","瑜伽垫"]', 6, '周六', '综合训练', NULL, NULL, NULL);
INSERT INTO public.fitness_plan_detail (id, plan_id, day_of_week, exercise_name, sets, reps, duration, notes, sort_order, deleted, create_time, update_time, course_id, equipment_names, day_index, day_name, focus, course_name, equipment_json, exercises_json) VALUES (711, 37, 5, '哑铃侧平举', 5, 15, 12, '增加肩宽关键', 16, true, '2026-04-04 22:03:14.822496', '2026-04-16 02:24:22.662358', 79, '["史密斯机","可调节哑铃套装"]', 5, '周五', '综合训练', NULL, NULL, NULL);
INSERT INTO public.fitness_plan_detail (id, plan_id, day_of_week, exercise_name, sets, reps, duration, notes, sort_order, deleted, create_time, update_time, course_id, equipment_names, day_index, day_name, focus, course_name, equipment_json, exercises_json) VALUES (712, 37, 5, '面拉', 4, 15, 10, '后束肩肌与肩袖健康', 17, true, '2026-04-04 22:03:14.82405', '2026-04-16 02:24:22.662358', 79, '["史密斯机","可调节哑铃套装"]', 5, '周五', '综合训练', NULL, NULL, NULL);
INSERT INTO public.fitness_plan_detail (id, plan_id, day_of_week, exercise_name, sets, reps, duration, notes, sort_order, deleted, create_time, update_time, course_id, equipment_names, day_index, day_name, focus, course_name, equipment_json, exercises_json) VALUES (713, 37, 5, '锤式弯举', 4, 12, 10, '肱肌与肱桡肌训练', 18, true, '2026-04-04 22:03:14.826867', '2026-04-16 02:24:22.662358', 79, '["史密斯机","可调节哑铃套装"]', 5, '周五', '综合训练', NULL, NULL, NULL);
INSERT INTO public.fitness_plan_detail (id, plan_id, day_of_week, exercise_name, sets, reps, duration, notes, sort_order, deleted, create_time, update_time, course_id, equipment_names, day_index, day_name, focus, course_name, equipment_json, exercises_json) VALUES (714, 37, 6, '高脚杯深蹲', 4, 12, 12, '全身协调性训练', 19, true, '2026-04-04 22:03:14.831437', '2026-04-16 02:24:22.662358', 81, '["战绳 15米","壶铃套装","动感单车 S200"]', 6, '周六', '综合训练', NULL, NULL, NULL);
INSERT INTO public.fitness_plan_detail (id, plan_id, day_of_week, exercise_name, sets, reps, duration, notes, sort_order, deleted, create_time, update_time, course_id, equipment_names, day_index, day_name, focus, course_name, equipment_json, exercises_json) VALUES (884, 46, 6, '平板支撑', 3, NULL, 1, NULL, 14, true, '2026-04-06 18:15:32.246482', '2026-04-09 02:17:02.025614', NULL, NULL, 6, '周六', '综合训练', NULL, NULL, NULL);
INSERT INTO public.fitness_plan_detail (id, plan_id, day_of_week, exercise_name, sets, reps, duration, notes, sort_order, deleted, create_time, update_time, course_id, equipment_names, day_index, day_name, focus, course_name, equipment_json, exercises_json) VALUES (885, 46, 6, '卷腹', 4, 20, NULL, NULL, 15, true, '2026-04-06 18:15:32.250356', '2026-04-09 02:17:02.025614', NULL, NULL, 6, '周六', '综合训练', NULL, NULL, NULL);
INSERT INTO public.fitness_plan_detail (id, plan_id, day_of_week, exercise_name, sets, reps, duration, notes, sort_order, deleted, create_time, update_time, course_id, equipment_names, day_index, day_name, focus, course_name, equipment_json, exercises_json) VALUES (886, 46, 6, '俄罗斯转体', 3, 30, NULL, NULL, 16, true, '2026-04-06 18:15:32.252939', '2026-04-09 02:17:02.025614', NULL, NULL, 6, '周六', '综合训练', NULL, NULL, NULL);
INSERT INTO public.fitness_plan_detail (id, plan_id, day_of_week, exercise_name, sets, reps, duration, notes, sort_order, deleted, create_time, update_time, course_id, equipment_names, day_index, day_name, focus, course_name, equipment_json, exercises_json) VALUES (198, 13, 1, '杠铃颈后深蹲', 4, 10, 15, '核心收紧，保持背部挺直', 0, true, '2026-04-03 15:47:11.691595', '2026-04-09 02:17:08.939923', 76, '["深蹲架","奥林匹克杠铃杆","腿举训练器"]', 1, '周一', '综合训练', NULL, NULL, NULL);
INSERT INTO public.fitness_plan_detail (id, plan_id, day_of_week, exercise_name, sets, reps, duration, notes, sort_order, deleted, create_time, update_time, course_id, equipment_names, day_index, day_name, focus, course_name, equipment_json, exercises_json) VALUES (199, 13, 1, '罗马尼亚硬拉', 4, 12, 12, '感受大腿后侧拉伸', 1, true, '2026-04-03 15:47:11.69574', '2026-04-09 02:17:08.939923', 76, '["深蹲架","奥林匹克杠铃杆","腿举训练器"]', 1, '周一', '综合训练', NULL, NULL, NULL);
INSERT INTO public.fitness_plan_detail (id, plan_id, day_of_week, exercise_name, sets, reps, duration, notes, sort_order, deleted, create_time, update_time, course_id, equipment_names, day_index, day_name, focus, course_name, equipment_json, exercises_json) VALUES (200, 13, 1, '哑铃箭步蹲', 3, 12, 10, '膝盖尽量不要超过脚尖', 2, true, '2026-04-03 15:47:11.698799', '2026-04-09 02:17:08.939923', 76, '["深蹲架","奥林匹克杠铃杆","腿举训练器"]', 1, '周一', '综合训练', NULL, NULL, NULL);
INSERT INTO public.fitness_plan_detail (id, plan_id, day_of_week, exercise_name, sets, reps, duration, notes, sort_order, deleted, create_time, update_time, course_id, equipment_names, day_index, day_name, focus, course_name, equipment_json, exercises_json) VALUES (201, 13, 1, '坐姿腿举', 3, 15, 10, '缓慢下放，避免膝盖锁死', 3, true, '2026-04-03 15:47:11.698799', '2026-04-09 02:17:08.939923', 76, '["深蹲架","奥林匹克杠铃杆","腿举训练器"]', 1, '周一', '综合训练', NULL, NULL, NULL);
INSERT INTO public.fitness_plan_detail (id, plan_id, day_of_week, exercise_name, sets, reps, duration, notes, sort_order, deleted, create_time, update_time, course_id, equipment_names, day_index, day_name, focus, course_name, equipment_json, exercises_json) VALUES (202, 13, 2, '史密斯机平板卧推', 4, 12, 12, '控制下放速度，感受胸肌拉伸', 4, true, '2026-04-03 15:47:11.700366', '2026-04-09 02:17:08.939923', 79, '["史密斯机","哑铃套装","平板卧推凳"]', 2, '周二', '综合训练', NULL, NULL, NULL);
INSERT INTO public.fitness_plan_detail (id, plan_id, day_of_week, exercise_name, sets, reps, duration, notes, sort_order, deleted, create_time, update_time, course_id, equipment_names, day_index, day_name, focus, course_name, equipment_json, exercises_json) VALUES (203, 13, 2, '哑铃上斜推举', 3, 12, 10, '刺激上胸线条', 5, true, '2026-04-03 15:47:11.703572', '2026-04-09 02:17:08.939923', 79, '["史密斯机","哑铃套装","平板卧推凳"]', 2, '周二', '综合训练', NULL, NULL, NULL);
INSERT INTO public.fitness_plan_detail (id, plan_id, day_of_week, exercise_name, sets, reps, duration, notes, sort_order, deleted, create_time, update_time, course_id, equipment_names, day_index, day_name, focus, course_name, equipment_json, exercises_json) VALUES (204, 13, 2, '坐姿哑铃推举', 4, 10, 12, '保持核心稳定，避免腰部反弓', 6, true, '2026-04-03 15:47:11.705128', '2026-04-09 02:17:08.939923', 79, '["史密斯机","哑铃套装","平板卧推凳"]', 2, '周二', '综合训练', NULL, NULL, NULL);
INSERT INTO public.fitness_plan_detail (id, plan_id, day_of_week, exercise_name, sets, reps, duration, notes, sort_order, deleted, create_time, update_time, course_id, equipment_names, day_index, day_name, focus, course_name, equipment_json, exercises_json) VALUES (205, 13, 2, '哑铃侧平举', 4, 15, 10, '中束发力，不要耸肩', 7, true, '2026-04-03 15:47:11.70666', '2026-04-09 02:17:08.939923', 79, '["史密斯机","哑铃套装","平板卧推凳"]', 2, '周二', '综合训练', NULL, NULL, NULL);
INSERT INTO public.fitness_plan_detail (id, plan_id, day_of_week, exercise_name, sets, reps, duration, notes, sort_order, deleted, create_time, update_time, course_id, equipment_names, day_index, day_name, focus, course_name, equipment_json, exercises_json) VALUES (206, 13, 3, '普拉提卷腹', 3, 15, 8, '卷起时呼气，控制节奏', 8, true, '2026-04-03 15:47:11.708195', '2026-04-09 02:17:08.939923', 90, '["瑜伽垫","泡沫轴"]', 3, '周三', '综合训练', NULL, NULL, NULL);
INSERT INTO public.fitness_plan_detail (id, plan_id, day_of_week, exercise_name, sets, reps, duration, notes, sort_order, deleted, create_time, update_time, course_id, equipment_names, day_index, day_name, focus, course_name, equipment_json, exercises_json) VALUES (207, 13, 3, '平板支撑', 3, 1, 5, '每组坚持45-60秒', 9, true, '2026-04-03 15:47:11.709732', '2026-04-09 02:17:08.939923', 90, '["瑜伽垫","泡沫轴"]', 3, '周三', '综合训练', NULL, NULL, NULL);
INSERT INTO public.fitness_plan_detail (id, plan_id, day_of_week, exercise_name, sets, reps, duration, notes, sort_order, deleted, create_time, update_time, course_id, equipment_names, day_index, day_name, focus, course_name, equipment_json, exercises_json) VALUES (208, 13, 3, '猫牛式伸展', 2, 10, 5, '灵活脊柱', 10, true, '2026-04-03 15:47:11.711272', '2026-04-09 02:17:08.939923', 90, '["瑜伽垫","泡沫轴"]', 3, '周三', '综合训练', NULL, NULL, NULL);
INSERT INTO public.fitness_plan_detail (id, plan_id, day_of_week, exercise_name, sets, reps, duration, notes, sort_order, deleted, create_time, update_time, course_id, equipment_names, day_index, day_name, focus, course_name, equipment_json, exercises_json) VALUES (209, 13, 3, '全身泡沫轴放松', 1, 1, 15, '重点放松前两日训练部位', 11, true, '2026-04-03 15:47:11.71228', '2026-04-09 02:17:08.939923', 90, '["瑜伽垫","泡沫轴"]', 3, '周三', '综合训练', NULL, NULL, NULL);
INSERT INTO public.fitness_plan_detail (id, plan_id, day_of_week, exercise_name, sets, reps, duration, notes, sort_order, deleted, create_time, update_time, course_id, equipment_names, day_index, day_name, focus, course_name, equipment_json, exercises_json) VALUES (210, 13, 4, '高位下拉', 4, 12, 12, '挺胸沉肩，收缩背阔肌', 12, true, '2026-04-03 15:47:11.714335', '2026-04-09 02:17:08.939923', 77, '["高位下拉器","坐姿划船器","哑铃套装"]', 4, '周四', '综合训练', NULL, NULL, NULL);
INSERT INTO public.fitness_plan_detail (id, plan_id, day_of_week, exercise_name, sets, reps, duration, notes, sort_order, deleted, create_time, update_time, course_id, equipment_names, day_index, day_name, focus, course_name, equipment_json, exercises_json) VALUES (211, 13, 4, '坐姿划船', 4, 12, 12, '夹紧肩胛骨', 13, true, '2026-04-03 15:47:11.71586', '2026-04-09 02:17:08.939923', 77, '["高位下拉器","坐姿划船器","哑铃套装"]', 4, '周四', '综合训练', NULL, NULL, NULL);
INSERT INTO public.fitness_plan_detail (id, plan_id, day_of_week, exercise_name, sets, reps, duration, notes, sort_order, deleted, create_time, update_time, course_id, equipment_names, day_index, day_name, focus, course_name, equipment_json, exercises_json) VALUES (212, 13, 4, '单臂哑铃划船', 3, 12, 10, '感受背部深度收缩', 14, true, '2026-04-03 15:47:11.717414', '2026-04-09 02:17:08.939923', 77, '["高位下拉器","坐姿划船器","哑铃套装"]', 4, '周四', '综合训练', NULL, NULL, NULL);
INSERT INTO public.fitness_plan_detail (id, plan_id, day_of_week, exercise_name, sets, reps, duration, notes, sort_order, deleted, create_time, update_time, course_id, equipment_names, day_index, day_name, focus, course_name, equipment_json, exercises_json) VALUES (213, 13, 4, '站姿哑铃弯举', 3, 15, 8, '大臂夹紧身体', 15, true, '2026-04-03 15:47:11.718929', '2026-04-09 02:17:08.939923', 77, '["高位下拉器","坐姿划船器","哑铃套装"]', 4, '周四', '综合训练', NULL, NULL, NULL);
INSERT INTO public.fitness_plan_detail (id, plan_id, day_of_week, exercise_name, sets, reps, duration, notes, sort_order, deleted, create_time, update_time, course_id, equipment_names, day_index, day_name, focus, course_name, equipment_json, exercises_json) VALUES (214, 13, 5, '绳索面拉', 4, 15, 10, '针对后肩和上背部', 16, true, '2026-04-03 15:47:11.72154', '2026-04-09 02:17:08.939923', 80, '["龙门架综合训练器","蝴蝶机","可调节哑铃套装"]', 5, '周五', '综合训练', NULL, NULL, NULL);
INSERT INTO public.fitness_plan_detail (id, plan_id, day_of_week, exercise_name, sets, reps, duration, notes, sort_order, deleted, create_time, update_time, course_id, equipment_names, day_index, day_name, focus, course_name, equipment_json, exercises_json) VALUES (627, 34, 1, '杠铃深蹲', 4, 8, 15, '核心收紧，控制下蹲节奏', 0, true, '2026-04-04 02:39:15.210078', '2026-04-16 02:24:20.510613', 76, '["深蹲架","奥林匹克杠铃杆","哑铃套装"]', 1, '周一', '综合训练', NULL, NULL, NULL);
INSERT INTO public.fitness_plan_detail (id, plan_id, day_of_week, exercise_name, sets, reps, duration, notes, sort_order, deleted, create_time, update_time, course_id, equipment_names, day_index, day_name, focus, course_name, equipment_json, exercises_json) VALUES (628, 34, 1, '哑铃罗马尼亚硬拉', 4, 10, 10, '感受腘绳肌拉伸', 1, true, '2026-04-04 02:39:15.219409', '2026-04-16 02:24:20.510613', 76, '["深蹲架","奥林匹克杠铃杆","哑铃套装"]', 1, '周一', '综合训练', NULL, NULL, NULL);
INSERT INTO public.fitness_plan_detail (id, plan_id, day_of_week, exercise_name, sets, reps, duration, notes, sort_order, deleted, create_time, update_time, course_id, equipment_names, day_index, day_name, focus, course_name, equipment_json, exercises_json) VALUES (629, 34, 1, '臀桥', 4, 15, 8, '顶峰收缩1秒', 2, true, '2026-04-04 02:39:15.223015', '2026-04-16 02:24:20.510613', 76, '["深蹲架","奥林匹克杠铃杆","哑铃套装"]', 1, '周一', '综合训练', NULL, NULL, NULL);
INSERT INTO public.fitness_plan_detail (id, plan_id, day_of_week, exercise_name, sets, reps, duration, notes, sort_order, deleted, create_time, update_time, course_id, equipment_names, day_index, day_name, focus, course_name, equipment_json, exercises_json) VALUES (630, 34, 1, '坐姿腿屈伸', 3, 12, 8, '股四头肌孤立刺激', 3, true, '2026-04-04 02:39:15.225568', '2026-04-16 02:24:20.510613', 76, '["深蹲架","奥林匹克杠铃杆","哑铃套装"]', 1, '周一', '综合训练', NULL, NULL, NULL);
INSERT INTO public.fitness_plan_detail (id, plan_id, day_of_week, exercise_name, sets, reps, duration, notes, sort_order, deleted, create_time, update_time, course_id, equipment_names, day_index, day_name, focus, course_name, equipment_json, exercises_json) VALUES (631, 34, 2, '史密斯机卧推', 4, 10, 12, '中等握距，专注胸肌收缩', 4, true, '2026-04-04 02:39:15.228657', '2026-04-16 02:24:20.510613', 77, '["史密斯机","龙门架综合训练器","平板卧推凳"]', 2, '周二', '综合训练', NULL, NULL, NULL);
INSERT INTO public.fitness_plan_detail (id, plan_id, day_of_week, exercise_name, sets, reps, duration, notes, sort_order, deleted, create_time, update_time, course_id, equipment_names, day_index, day_name, focus, course_name, equipment_json, exercises_json) VALUES (632, 34, 2, '哑铃肩上推举', 4, 10, 10, '保持核心稳定，不借力', 5, true, '2026-04-04 02:39:15.232354', '2026-04-16 02:24:20.510613', 77, '["史密斯机","龙门架综合训练器","平板卧推凳"]', 2, '周二', '综合训练', NULL, NULL, NULL);
INSERT INTO public.fitness_plan_detail (id, plan_id, day_of_week, exercise_name, sets, reps, duration, notes, sort_order, deleted, create_time, update_time, course_id, equipment_names, day_index, day_name, focus, course_name, equipment_json, exercises_json) VALUES (633, 34, 2, '哑铃侧平举', 4, 15, 8, '中束发力，控制速度', 6, true, '2026-04-04 02:39:15.236524', '2026-04-16 02:24:20.510613', 77, '["史密斯机","龙门架综合训练器","平板卧推凳"]', 2, '周二', '综合训练', NULL, NULL, NULL);
INSERT INTO public.fitness_plan_detail (id, plan_id, day_of_week, exercise_name, sets, reps, duration, notes, sort_order, deleted, create_time, update_time, course_id, equipment_names, day_index, day_name, focus, course_name, equipment_json, exercises_json) VALUES (634, 34, 2, '绳索下压', 3, 15, 8, '肱三头肌外侧头刺激', 7, true, '2026-04-04 02:39:15.239194', '2026-04-16 02:24:20.510613', 77, '["史密斯机","龙门架综合训练器","平板卧推凳"]', 2, '周二', '综合训练', NULL, NULL, NULL);
INSERT INTO public.fitness_plan_detail (id, plan_id, day_of_week, exercise_name, sets, reps, duration, notes, sort_order, deleted, create_time, update_time, course_id, equipment_names, day_index, day_name, focus, course_name, equipment_json, exercises_json) VALUES (635, 34, 3, '普拉提百次拍击', 3, 20, 5, '激活核心', 8, true, '2026-04-04 02:39:15.242878', '2026-04-16 02:24:20.510613', 90, '["瑜伽垫","泡沫轴"]', 3, '周三', '综合训练', NULL, NULL, NULL);
INSERT INTO public.fitness_plan_detail (id, plan_id, day_of_week, exercise_name, sets, reps, duration, notes, sort_order, deleted, create_time, update_time, course_id, equipment_names, day_index, day_name, focus, course_name, equipment_json, exercises_json) VALUES (636, 34, 3, '死虫式', 3, 12, 5, '保持下背部贴地', 9, true, '2026-04-04 02:39:15.24543', '2026-04-16 02:24:20.510613', 90, '["瑜伽垫","泡沫轴"]', 3, '周三', '综合训练', NULL, NULL, NULL);
INSERT INTO public.fitness_plan_detail (id, plan_id, day_of_week, exercise_name, sets, reps, duration, notes, sort_order, deleted, create_time, update_time, course_id, equipment_names, day_index, day_name, focus, course_name, equipment_json, exercises_json) VALUES (637, 34, 3, '泡沫轴筋膜放松', 1, 1, 15, '重点放松腿部和背部', 10, true, '2026-04-04 02:39:15.24704', '2026-04-16 02:24:20.510613', 90, '["瑜伽垫","泡沫轴"]', 3, '周三', '综合训练', NULL, NULL, NULL);
INSERT INTO public.fitness_plan_detail (id, plan_id, day_of_week, exercise_name, sets, reps, duration, notes, sort_order, deleted, create_time, update_time, course_id, equipment_names, day_index, day_name, focus, course_name, equipment_json, exercises_json) VALUES (638, 34, 3, '猫牛式伸展', 2, 10, 5, '灵活脊柱', 11, true, '2026-04-04 02:39:15.250164', '2026-04-16 02:24:20.510613', 90, '["瑜伽垫","泡沫轴"]', 3, '周三', '综合训练', NULL, NULL, NULL);
INSERT INTO public.fitness_plan_detail (id, plan_id, day_of_week, exercise_name, sets, reps, duration, notes, sort_order, deleted, create_time, update_time, course_id, equipment_names, day_index, day_name, focus, course_name, equipment_json, exercises_json) VALUES (639, 34, 4, '高位下拉', 4, 12, 10, '挺胸沉肩，背阔肌发力', 12, true, '2026-04-04 02:39:15.253258', '2026-04-16 02:24:20.510613', 77, '["高位下拉器","坐姿划船器","可调节哑铃套装"]', 4, '周四', '综合训练', NULL, NULL, NULL);
INSERT INTO public.fitness_plan_detail (id, plan_id, day_of_week, exercise_name, sets, reps, duration, notes, sort_order, deleted, create_time, update_time, course_id, equipment_names, day_index, day_name, focus, course_name, equipment_json, exercises_json) VALUES (882, 46, 5, '弓步蹲', 3, 12, NULL, NULL, 12, true, '2026-04-06 18:15:32.240605', '2026-04-09 02:17:02.025614', NULL, NULL, 5, '周五', '综合训练', NULL, NULL, NULL);
INSERT INTO public.fitness_plan_detail (id, plan_id, day_of_week, exercise_name, sets, reps, duration, notes, sort_order, deleted, create_time, update_time, course_id, equipment_names, day_index, day_name, focus, course_name, equipment_json, exercises_json) VALUES (640, 34, 4, '坐姿划船', 4, 12, 10, '收紧中背部', 13, true, '2026-04-04 02:39:15.256296', '2026-04-16 02:24:20.510613', 77, '["高位下拉器","坐姿划船器","可调节哑铃套装"]', 4, '周四', '综合训练', NULL, NULL, NULL);
INSERT INTO public.fitness_plan_detail (id, plan_id, day_of_week, exercise_name, sets, reps, duration, notes, sort_order, deleted, create_time, update_time, course_id, equipment_names, day_index, day_name, focus, course_name, equipment_json, exercises_json) VALUES (641, 34, 4, '哑铃单臂划船', 3, 12, 10, '背阔肌深度刺激', 14, true, '2026-04-04 02:39:15.25784', '2026-04-16 02:24:20.510613', 77, '["高位下拉器","坐姿划船器","可调节哑铃套装"]', 4, '周四', '综合训练', NULL, NULL, NULL);
INSERT INTO public.fitness_plan_detail (id, plan_id, day_of_week, exercise_name, sets, reps, duration, notes, sort_order, deleted, create_time, update_time, course_id, equipment_names, day_index, day_name, focus, course_name, equipment_json, exercises_json) VALUES (642, 34, 4, '杠铃弯举', 3, 12, 8, '避免借力晃动', 15, true, '2026-04-04 02:39:15.261434', '2026-04-16 02:24:20.510613', 77, '["高位下拉器","坐姿划船器","可调节哑铃套装"]', 4, '周四', '综合训练', NULL, NULL, NULL);
INSERT INTO public.fitness_plan_detail (id, plan_id, day_of_week, exercise_name, sets, reps, duration, notes, sort_order, deleted, create_time, update_time, course_id, equipment_names, day_index, day_name, focus, course_name, equipment_json, exercises_json) VALUES (643, 34, 5, '硬拉', 4, 8, 12, '保持背部挺直，髋铰链动作', 16, true, '2026-04-04 02:39:15.26448', '2026-04-16 02:24:20.510613', 81, '["奥林匹克杠铃杆","战绳 15米","哑铃套装"]', 5, '周五', '综合训练', NULL, NULL, NULL);
INSERT INTO public.fitness_plan_detail (id, plan_id, day_of_week, exercise_name, sets, reps, duration, notes, sort_order, deleted, create_time, update_time, course_id, equipment_names, day_index, day_name, focus, course_name, equipment_json, exercises_json) VALUES (644, 34, 5, '哑铃箭步蹲', 3, 12, 10, '膝盖不内扣', 17, true, '2026-04-04 02:39:15.266031', '2026-04-16 02:24:20.510613', 81, '["奥林匹克杠铃杆","战绳 15米","哑铃套装"]', 5, '周五', '综合训练', NULL, NULL, NULL);
INSERT INTO public.fitness_plan_detail (id, plan_id, day_of_week, exercise_name, sets, reps, duration, notes, sort_order, deleted, create_time, update_time, course_id, equipment_names, day_index, day_name, focus, course_name, equipment_json, exercises_json) VALUES (645, 34, 5, '战绳波浪', 4, 30, 10, '高强度间歇，全身发力', 18, true, '2026-04-04 02:39:15.268601', '2026-04-16 02:24:20.510613', 81, '["奥林匹克杠铃杆","战绳 15米","哑铃套装"]', 5, '周五', '综合训练', NULL, NULL, NULL);
INSERT INTO public.fitness_plan_detail (id, plan_id, day_of_week, exercise_name, sets, reps, duration, notes, sort_order, deleted, create_time, update_time, course_id, equipment_names, day_index, day_name, focus, course_name, equipment_json, exercises_json) VALUES (646, 34, 5, '平板支撑', 3, 1, 5, '每组力竭，保持身体一条直线', 19, true, '2026-04-04 02:39:15.270785', '2026-04-16 02:24:20.510613', 81, '["奥林匹克杠铃杆","战绳 15米","哑铃套装"]', 5, '周五', '综合训练', NULL, NULL, NULL);
INSERT INTO public.fitness_plan_detail (id, plan_id, day_of_week, exercise_name, sets, reps, duration, notes, sort_order, deleted, create_time, update_time, course_id, equipment_names, day_index, day_name, focus, course_name, equipment_json, exercises_json) VALUES (647, 34, 6, '椭圆机热身', 1, 1, 10, '中等阻力', 20, true, '2026-04-04 02:39:15.27283', '2026-04-16 02:24:20.510613', 80, '["椭圆机 E500","哑铃套装"]', 6, '周六', '综合训练', NULL, NULL, NULL);
INSERT INTO public.fitness_plan_detail (id, plan_id, day_of_week, exercise_name, sets, reps, duration, notes, sort_order, deleted, create_time, update_time, course_id, equipment_names, day_index, day_name, focus, course_name, equipment_json, exercises_json) VALUES (648, 34, 6, '哑铃交替弯举', 3, 12, 8, '肱二头肌', 21, true, '2026-04-04 02:39:15.275397', '2026-04-16 02:24:20.510613', 80, '["椭圆机 E500","哑铃套装"]', 6, '周六', '综合训练', NULL, NULL, NULL);
INSERT INTO public.fitness_plan_detail (id, plan_id, day_of_week, exercise_name, sets, reps, duration, notes, sort_order, deleted, create_time, update_time, course_id, equipment_names, day_index, day_name, focus, course_name, equipment_json, exercises_json) VALUES (649, 34, 6, '仰卧臂屈伸', 3, 12, 8, '肱三头肌', 22, true, '2026-04-04 02:39:15.277423', '2026-04-16 02:24:20.510613', 80, '["椭圆机 E500","哑铃套装"]', 6, '周六', '综合训练', NULL, NULL, NULL);
INSERT INTO public.fitness_plan_detail (id, plan_id, day_of_week, exercise_name, sets, reps, duration, notes, sort_order, deleted, create_time, update_time, course_id, equipment_names, day_index, day_name, focus, course_name, equipment_json, exercises_json) VALUES (650, 34, 6, '跳绳', 5, 1, 15, '每组1-2分钟，间歇休息', 23, true, '2026-04-04 02:39:15.279999', '2026-04-16 02:24:20.510613', 80, '["椭圆机 E500","哑铃套装"]', 6, '周六', '综合训练', NULL, NULL, NULL);
INSERT INTO public.fitness_plan_detail (id, plan_id, day_of_week, exercise_name, sets, reps, duration, notes, sort_order, deleted, create_time, update_time, course_id, equipment_names, day_index, day_name, focus, course_name, equipment_json, exercises_json) VALUES (695, 37, 1, '平板杠铃卧推', 5, 5, 20, '大重量复合动作，冲击力量极限', 0, true, '2026-04-04 22:03:14.782877', '2026-04-16 02:24:22.662358', 77, '["平板卧推凳","奥林匹克杠铃杆","龙门架综合训练器"]', 1, '周一', '综合训练', NULL, NULL, NULL);
INSERT INTO public.fitness_plan_detail (id, plan_id, day_of_week, exercise_name, sets, reps, duration, notes, sort_order, deleted, create_time, update_time, course_id, equipment_names, day_index, day_name, focus, course_name, equipment_json, exercises_json) VALUES (696, 37, 1, '上斜哑铃卧推', 4, 10, 15, '针对上胸塑形', 1, true, '2026-04-04 22:03:14.784423', '2026-04-16 02:24:22.662358', 77, '["平板卧推凳","奥林匹克杠铃杆","龙门架综合训练器"]', 1, '周一', '综合训练', NULL, NULL, NULL);
INSERT INTO public.fitness_plan_detail (id, plan_id, day_of_week, exercise_name, sets, reps, duration, notes, sort_order, deleted, create_time, update_time, course_id, equipment_names, day_index, day_name, focus, course_name, equipment_json, exercises_json) VALUES (697, 37, 1, '双杠臂屈伸', 4, 12, 10, '自重训练，刺激下胸与三头', 2, true, '2026-04-04 22:03:14.786508', '2026-04-16 02:24:22.662358', 77, '["平板卧推凳","奥林匹克杠铃杆","龙门架综合训练器"]', 1, '周一', '综合训练', NULL, NULL, NULL);
INSERT INTO public.fitness_plan_detail (id, plan_id, day_of_week, exercise_name, sets, reps, duration, notes, sort_order, deleted, create_time, update_time, course_id, equipment_names, day_index, day_name, focus, course_name, equipment_json, exercises_json) VALUES (698, 37, 1, '绳索三头肌下压', 4, 15, 10, '孤立动作，追求泵感', 3, true, '2026-04-04 22:03:14.787519', '2026-04-16 02:24:22.662358', 77, '["平板卧推凳","奥林匹克杠铃杆","龙门架综合训练器"]', 1, '周一', '综合训练', NULL, NULL, NULL);
INSERT INTO public.fitness_plan_detail (id, plan_id, day_of_week, exercise_name, sets, reps, duration, notes, sort_order, deleted, create_time, update_time, course_id, equipment_names, day_index, day_name, focus, course_name, equipment_json, exercises_json) VALUES (699, 37, 2, '引体向上（负重）', 5, 8, 15, '背部宽度训练核心动作', 4, true, '2026-04-04 22:03:14.789082', '2026-04-16 02:24:22.662358', 77, '["高位下拉器","坐姿划船器","哑铃套装"]', 2, '周二', '综合训练', NULL, NULL, NULL);
INSERT INTO public.fitness_plan_detail (id, plan_id, day_of_week, exercise_name, sets, reps, duration, notes, sort_order, deleted, create_time, update_time, course_id, equipment_names, day_index, day_name, focus, course_name, equipment_json, exercises_json) VALUES (700, 37, 2, '杠铃俯身划船', 4, 10, 15, '增加背部厚度', 5, true, '2026-04-04 22:03:14.794957', '2026-04-16 02:24:22.662358', 77, '["高位下拉器","坐姿划船器","哑铃套装"]', 2, '周二', '综合训练', NULL, NULL, NULL);
INSERT INTO public.fitness_plan_detail (id, plan_id, day_of_week, exercise_name, sets, reps, duration, notes, sort_order, deleted, create_time, update_time, course_id, equipment_names, day_index, day_name, focus, course_name, equipment_json, exercises_json) VALUES (701, 37, 2, '高位下拉', 4, 12, 12, '背阔肌孤立刺激', 6, true, '2026-04-04 22:03:14.799074', '2026-04-16 02:24:22.662358', 77, '["高位下拉器","坐姿划船器","哑铃套装"]', 2, '周二', '综合训练', NULL, NULL, NULL);
INSERT INTO public.fitness_plan_detail (id, plan_id, day_of_week, exercise_name, sets, reps, duration, notes, sort_order, deleted, create_time, update_time, course_id, equipment_names, day_index, day_name, focus, course_name, equipment_json, exercises_json) VALUES (702, 37, 2, '杠铃弯举', 4, 12, 10, '二头肌基础训练', 7, true, '2026-04-04 22:03:14.801119', '2026-04-16 02:24:22.662358', 77, '["高位下拉器","坐姿划船器","哑铃套装"]', 2, '周二', '综合训练', NULL, NULL, NULL);
INSERT INTO public.fitness_plan_detail (id, plan_id, day_of_week, exercise_name, sets, reps, duration, notes, sort_order, deleted, create_time, update_time, course_id, equipment_names, day_index, day_name, focus, course_name, equipment_json, exercises_json) VALUES (703, 37, 3, '杠铃深蹲', 5, 5, 25, '腿部训练之王，大重量刺激', 8, true, '2026-04-04 22:03:14.802668', '2026-04-16 02:24:22.662358', 76, '["深蹲架","腿举训练器","橡胶包胶杠铃片套装"]', 3, '周三', '综合训练', NULL, NULL, NULL);
INSERT INTO public.fitness_plan_detail (id, plan_id, day_of_week, exercise_name, sets, reps, duration, notes, sort_order, deleted, create_time, update_time, course_id, equipment_names, day_index, day_name, focus, course_name, equipment_json, exercises_json) VALUES (704, 37, 3, '罗马尼亚硬拉', 4, 10, 15, '强化腘绳肌与臀部', 9, true, '2026-04-04 22:03:14.805763', '2026-04-16 02:24:22.662358', 76, '["深蹲架","腿举训练器","橡胶包胶杠铃片套装"]', 3, '周三', '综合训练', NULL, NULL, NULL);
INSERT INTO public.fitness_plan_detail (id, plan_id, day_of_week, exercise_name, sets, reps, duration, notes, sort_order, deleted, create_time, update_time, course_id, equipment_names, day_index, day_name, focus, course_name, equipment_json, exercises_json) VALUES (705, 37, 3, '腿举', 4, 12, 12, '进一步刺激股四头肌', 10, true, '2026-04-04 22:03:14.807309', '2026-04-16 02:24:22.662358', 76, '["深蹲架","腿举训练器","橡胶包胶杠铃片套装"]', 3, '周三', '综合训练', NULL, NULL, NULL);
INSERT INTO public.fitness_plan_detail (id, plan_id, day_of_week, exercise_name, sets, reps, duration, notes, sort_order, deleted, create_time, update_time, course_id, equipment_names, day_index, day_name, focus, course_name, equipment_json, exercises_json) VALUES (706, 37, 3, '坐姿腿屈伸', 3, 15, 10, '股四头肌孤立训练', 11, true, '2026-04-04 22:03:14.810141', '2026-04-16 02:24:22.662358', 76, '["深蹲架","腿举训练器","橡胶包胶杠铃片套装"]', 3, '周三', '综合训练', NULL, NULL, NULL);
INSERT INTO public.fitness_plan_detail (id, plan_id, day_of_week, exercise_name, sets, reps, duration, notes, sort_order, deleted, create_time, update_time, course_id, equipment_names, day_index, day_name, focus, course_name, equipment_json, exercises_json) VALUES (707, 37, 4, '泡沫轴筋膜放松', 1, 1, 20, '全身放松，缓解肌肉酸痛', 12, true, '2026-04-04 22:03:14.813208', '2026-04-16 02:24:22.662358', 90, '["泡沫轴","瑜伽垫"]', 4, '周四', '综合训练', NULL, NULL, NULL);
INSERT INTO public.fitness_plan_detail (id, plan_id, day_of_week, exercise_name, sets, reps, duration, notes, sort_order, deleted, create_time, update_time, course_id, equipment_names, day_index, day_name, focus, course_name, equipment_json, exercises_json) VALUES (708, 37, 4, '普拉提核心训练', 3, 15, 15, '激活核心肌群', 13, true, '2026-04-04 22:03:14.814783', '2026-04-16 02:24:22.662358', 90, '["泡沫轴","瑜伽垫"]', 4, '周四', '综合训练', NULL, NULL, NULL);
INSERT INTO public.fitness_plan_detail (id, plan_id, day_of_week, exercise_name, sets, reps, duration, notes, sort_order, deleted, create_time, update_time, course_id, equipment_names, day_index, day_name, focus, course_name, equipment_json, exercises_json) VALUES (709, 37, 4, '静态拉伸', 1, 1, 15, '重点拉伸胸肌、背阔肌和腿部', 14, true, '2026-04-04 22:03:14.817884', '2026-04-16 02:24:22.662358', 90, '["泡沫轴","瑜伽垫"]', 4, '周四', '综合训练', NULL, NULL, NULL);
INSERT INTO public.fitness_plan_detail (id, plan_id, day_of_week, exercise_name, sets, reps, duration, notes, sort_order, deleted, create_time, update_time, course_id, equipment_names, day_index, day_name, focus, course_name, equipment_json, exercises_json) VALUES (710, 37, 5, '站姿杠铃推举', 4, 8, 15, '肩部力量核心动作', 15, true, '2026-04-04 22:03:14.819423', '2026-04-16 02:24:22.662358', 79, '["史密斯机","可调节哑铃套装"]', 5, '周五', '综合训练', NULL, NULL, NULL);
INSERT INTO public.fitness_plan_detail (id, plan_id, day_of_week, exercise_name, sets, reps, duration, notes, sort_order, deleted, create_time, update_time, course_id, equipment_names, day_index, day_name, focus, course_name, equipment_json, exercises_json) VALUES (715, 37, 6, '战绳波浪', 5, 30, 10, '高强度心肺与核心', 20, true, '2026-04-04 22:03:14.841909', '2026-04-16 02:24:22.662358', 81, '["战绳 15米","壶铃套装","动感单车 S200"]', 6, '周六', '综合训练', NULL, NULL, NULL);
INSERT INTO public.fitness_plan_detail (id, plan_id, day_of_week, exercise_name, sets, reps, duration, notes, sort_order, deleted, create_time, update_time, course_id, equipment_names, day_index, day_name, focus, course_name, equipment_json, exercises_json) VALUES (716, 37, 6, '哑铃推举', 4, 12, 10, '上肢推力耐力', 21, true, '2026-04-04 22:03:14.844952', '2026-04-16 02:24:22.662358', 81, '["战绳 15米","壶铃套装","动感单车 S200"]', 6, '周六', '综合训练', NULL, NULL, NULL);
INSERT INTO public.fitness_plan_detail (id, plan_id, day_of_week, exercise_name, sets, reps, duration, notes, sort_order, deleted, create_time, update_time, course_id, equipment_names, day_index, day_name, focus, course_name, equipment_json, exercises_json) VALUES (717, 37, 6, '壶铃摆动', 4, 20, 10, '后链肌群爆发力', 22, true, '2026-04-04 22:03:14.848065', '2026-04-16 02:24:22.662358', 81, '["战绳 15米","壶铃套装","动感单车 S200"]', 6, '周六', '综合训练', NULL, NULL, NULL);
INSERT INTO public.fitness_plan_detail (id, plan_id, day_of_week, exercise_name, sets, reps, duration, notes, sort_order, deleted, create_time, update_time, course_id, equipment_names, day_index, day_name, focus, course_name, equipment_json, exercises_json) VALUES (718, 38, 1, '杠铃平板卧推', 5, 5, 20, '大重量，冲击力量极限', 0, true, '2026-04-04 22:49:53.293818', '2026-04-09 02:17:06.288628', 77, '["奥林匹克杠铃杆","平板卧推凳","哑铃套装"]', 1, '周一', '综合训练', NULL, NULL, NULL);
INSERT INTO public.fitness_plan_detail (id, plan_id, day_of_week, exercise_name, sets, reps, duration, notes, sort_order, deleted, create_time, update_time, course_id, equipment_names, day_index, day_name, focus, course_name, equipment_json, exercises_json) VALUES (719, 38, 1, '上斜哑铃卧推', 4, 8, 15, '控制离心收缩，刺激上胸', 1, true, '2026-04-04 22:49:53.298117', '2026-04-09 02:17:06.288628', 77, '["奥林匹克杠铃杆","平板卧推凳","哑铃套装"]', 1, '周一', '综合训练', NULL, NULL, NULL);
INSERT INTO public.fitness_plan_detail (id, plan_id, day_of_week, exercise_name, sets, reps, duration, notes, sort_order, deleted, create_time, update_time, course_id, equipment_names, day_index, day_name, focus, course_name, equipment_json, exercises_json) VALUES (720, 38, 1, '负重引体向上', 4, 8, 15, '增加负重以匹配高级训练水平', 2, true, '2026-04-04 22:49:53.29966', '2026-04-09 02:17:06.288628', 77, '["奥林匹克杠铃杆","平板卧推凳","哑铃套装"]', 1, '周一', '综合训练', NULL, NULL, NULL);
INSERT INTO public.fitness_plan_detail (id, plan_id, day_of_week, exercise_name, sets, reps, duration, notes, sort_order, deleted, create_time, update_time, course_id, equipment_names, day_index, day_name, focus, course_name, equipment_json, exercises_json) VALUES (721, 38, 1, '杠铃划船', 4, 10, 15, '保持背部挺直，专注背阔肌收缩', 3, true, '2026-04-04 22:49:53.30067', '2026-04-09 02:17:06.288628', 77, '["奥林匹克杠铃杆","平板卧推凳","哑铃套装"]', 1, '周一', '综合训练', NULL, NULL, NULL);
INSERT INTO public.fitness_plan_detail (id, plan_id, day_of_week, exercise_name, sets, reps, duration, notes, sort_order, deleted, create_time, update_time, course_id, equipment_names, day_index, day_name, focus, course_name, equipment_json, exercises_json) VALUES (722, 38, 2, '杠铃深蹲', 5, 5, 25, '核心收紧，下蹲至大腿平行地面', 4, true, '2026-04-04 22:49:53.303599', '2026-04-09 02:17:06.288628', 76, '["深蹲架","腿举训练器"]', 2, '周二', '综合训练', NULL, NULL, NULL);
INSERT INTO public.fitness_plan_detail (id, plan_id, day_of_week, exercise_name, sets, reps, duration, notes, sort_order, deleted, create_time, update_time, course_id, equipment_names, day_index, day_name, focus, course_name, equipment_json, exercises_json) VALUES (723, 38, 2, '罗马尼亚硬拉', 4, 8, 15, '专注腘绳肌拉伸感', 5, true, '2026-04-04 22:49:53.306919', '2026-04-09 02:17:06.288628', 76, '["深蹲架","腿举训练器"]', 2, '周二', '综合训练', NULL, NULL, NULL);
INSERT INTO public.fitness_plan_detail (id, plan_id, day_of_week, exercise_name, sets, reps, duration, notes, sort_order, deleted, create_time, update_time, course_id, equipment_names, day_index, day_name, focus, course_name, equipment_json, exercises_json) VALUES (724, 38, 2, '腿举', 4, 12, 15, '双脚放置位置偏下以刺激股四头肌', 6, true, '2026-04-04 22:49:53.310024', '2026-04-09 02:17:06.288628', 76, '["深蹲架","腿举训练器"]', 2, '周二', '综合训练', NULL, NULL, NULL);
INSERT INTO public.fitness_plan_detail (id, plan_id, day_of_week, exercise_name, sets, reps, duration, notes, sort_order, deleted, create_time, update_time, course_id, equipment_names, day_index, day_name, focus, course_name, equipment_json, exercises_json) VALUES (725, 38, 2, '负重提踵', 4, 15, 10, '顶峰收缩2秒', 7, true, '2026-04-04 22:49:53.311069', '2026-04-09 02:17:06.288628', 76, '["深蹲架","腿举训练器"]', 2, '周二', '综合训练', NULL, NULL, NULL);
INSERT INTO public.fitness_plan_detail (id, plan_id, day_of_week, exercise_name, sets, reps, duration, notes, sort_order, deleted, create_time, update_time, course_id, equipment_names, day_index, day_name, focus, course_name, equipment_json, exercises_json) VALUES (726, 38, 3, '泡沫轴筋膜放松', 1, 1, 20, '全身肌群滚动放松', 8, true, '2026-04-04 22:49:53.312608', '2026-04-09 02:17:06.288628', 103, '["泡沫轴","瑜伽垫"]', 3, '周三', '综合训练', NULL, NULL, NULL);
INSERT INTO public.fitness_plan_detail (id, plan_id, day_of_week, exercise_name, sets, reps, duration, notes, sort_order, deleted, create_time, update_time, course_id, equipment_names, day_index, day_name, focus, course_name, equipment_json, exercises_json) VALUES (727, 38, 3, '猫牛式伸展', 3, 15, 5, '灵活脊柱', 9, true, '2026-04-04 22:49:53.314135', '2026-04-09 02:17:06.288628', 103, '["泡沫轴","瑜伽垫"]', 3, '周三', '综合训练', NULL, NULL, NULL);
INSERT INTO public.fitness_plan_detail (id, plan_id, day_of_week, exercise_name, sets, reps, duration, notes, sort_order, deleted, create_time, update_time, course_id, equipment_names, day_index, day_name, focus, course_name, equipment_json, exercises_json) VALUES (728, 38, 3, '平板支撑', 4, 1, 10, '每组力竭，保持身体一条直线', 10, true, '2026-04-04 22:49:53.31568', '2026-04-09 02:17:06.288628', 103, '["泡沫轴","瑜伽垫"]', 3, '周三', '综合训练', NULL, NULL, NULL);
INSERT INTO public.fitness_plan_detail (id, plan_id, day_of_week, exercise_name, sets, reps, duration, notes, sort_order, deleted, create_time, update_time, course_id, equipment_names, day_index, day_name, focus, course_name, equipment_json, exercises_json) VALUES (729, 38, 3, '死虫式', 3, 12, 10, '核心抗旋训练', 11, true, '2026-04-04 22:49:53.317224', '2026-04-09 02:17:06.288628', 103, '["泡沫轴","瑜伽垫"]', 3, '周三', '综合训练', NULL, NULL, NULL);
INSERT INTO public.fitness_plan_detail (id, plan_id, day_of_week, exercise_name, sets, reps, duration, notes, sort_order, deleted, create_time, update_time, course_id, equipment_names, day_index, day_name, focus, course_name, equipment_json, exercises_json) VALUES (883, 46, 5, '小腿提踵', 4, 20, NULL, NULL, 13, true, '2026-04-06 18:15:32.243387', '2026-04-09 02:17:02.025614', NULL, NULL, 5, '周五', '综合训练', NULL, NULL, NULL);
INSERT INTO public.fitness_plan_detail (id, plan_id, day_of_week, exercise_name, sets, reps, duration, notes, sort_order, deleted, create_time, update_time, course_id, equipment_names, day_index, day_name, focus, course_name, equipment_json, exercises_json) VALUES (824, 44, 1, '杠铃平板卧推', 5, 5, 15, '大重量复合动作，冲击力量', 0, true, '2026-04-05 23:57:37.863111', '2026-04-09 02:17:04.183572', 77, '["平板卧推凳","奥林匹克杠铃杆","哑铃套装"]', 1, '周一', '综合训练', NULL, NULL, NULL);
INSERT INTO public.fitness_plan_detail (id, plan_id, day_of_week, exercise_name, sets, reps, duration, notes, sort_order, deleted, create_time, update_time, course_id, equipment_names, day_index, day_name, focus, course_name, equipment_json, exercises_json) VALUES (825, 44, 1, '引体向上（负重）', 5, 8, 12, '背部宽度刺激', 1, true, '2026-04-05 23:57:37.872407', '2026-04-09 02:17:04.183572', 77, '["平板卧推凳","奥林匹克杠铃杆","哑铃套装"]', 1, '周一', '综合训练', NULL, NULL, NULL);
INSERT INTO public.fitness_plan_detail (id, plan_id, day_of_week, exercise_name, sets, reps, duration, notes, sort_order, deleted, create_time, update_time, course_id, equipment_names, day_index, day_name, focus, course_name, equipment_json, exercises_json) VALUES (826, 44, 1, '上斜哑铃卧推', 4, 10, 10, '针对上胸肌', 2, true, '2026-04-05 23:57:37.878404', '2026-04-09 02:17:04.183572', 77, '["平板卧推凳","奥林匹克杠铃杆","哑铃套装"]', 1, '周一', '综合训练', NULL, NULL, NULL);
INSERT INTO public.fitness_plan_detail (id, plan_id, day_of_week, exercise_name, sets, reps, duration, notes, sort_order, deleted, create_time, update_time, course_id, equipment_names, day_index, day_name, focus, course_name, equipment_json, exercises_json) VALUES (827, 44, 1, '杠铃划船', 4, 10, 10, '背部厚度打造', 3, true, '2026-04-05 23:57:37.883262', '2026-04-09 02:17:04.183572', 77, '["平板卧推凳","奥林匹克杠铃杆","哑铃套装"]', 1, '周一', '综合训练', NULL, NULL, NULL);
INSERT INTO public.fitness_plan_detail (id, plan_id, day_of_week, exercise_name, sets, reps, duration, notes, sort_order, deleted, create_time, update_time, course_id, equipment_names, day_index, day_name, focus, course_name, equipment_json, exercises_json) VALUES (828, 44, 1, '绳索夹胸', 4, 12, 8, '胸肌线条刻画', 4, true, '2026-04-05 23:57:37.887014', '2026-04-09 02:17:04.183572', 77, '["平板卧推凳","奥林匹克杠铃杆","哑铃套装"]', 1, '周一', '综合训练', NULL, NULL, NULL);
INSERT INTO public.fitness_plan_detail (id, plan_id, day_of_week, exercise_name, sets, reps, duration, notes, sort_order, deleted, create_time, update_time, course_id, equipment_names, day_index, day_name, focus, course_name, equipment_json, exercises_json) VALUES (829, 44, 2, '杠铃颈后深蹲', 5, 5, 20, '腿部训练之王，注意膝盖指向', 5, true, '2026-04-05 23:57:37.890727', '2026-04-09 02:17:04.183572', 76, '["深蹲架","腿举训练器"]', 2, '周二', '综合训练', NULL, NULL, NULL);
INSERT INTO public.fitness_plan_detail (id, plan_id, day_of_week, exercise_name, sets, reps, duration, notes, sort_order, deleted, create_time, update_time, course_id, equipment_names, day_index, day_name, focus, course_name, equipment_json, exercises_json) VALUES (870, 46, 1, '俯卧撑', 3, 15, NULL, NULL, 0, true, '2026-04-06 18:15:32.199899', '2026-04-09 02:17:02.025614', NULL, NULL, 1, '周一', '综合训练', NULL, NULL, NULL);
INSERT INTO public.fitness_plan_detail (id, plan_id, day_of_week, exercise_name, sets, reps, duration, notes, sort_order, deleted, create_time, update_time, course_id, equipment_names, day_index, day_name, focus, course_name, equipment_json, exercises_json) VALUES (871, 46, 1, '哑铃卧推', 4, 12, NULL, NULL, 1, true, '2026-04-06 18:15:32.210915', '2026-04-09 02:17:02.025614', NULL, NULL, 1, '周一', '综合训练', NULL, NULL, NULL);
INSERT INTO public.fitness_plan_detail (id, plan_id, day_of_week, exercise_name, sets, reps, duration, notes, sort_order, deleted, create_time, update_time, course_id, equipment_names, day_index, day_name, focus, course_name, equipment_json, exercises_json) VALUES (872, 46, 1, '飞鸟', 3, 15, NULL, NULL, 2, true, '2026-04-06 18:15:32.213126', '2026-04-09 02:17:02.025614', NULL, NULL, 1, '周一', '综合训练', NULL, NULL, NULL);
INSERT INTO public.fitness_plan_detail (id, plan_id, day_of_week, exercise_name, sets, reps, duration, notes, sort_order, deleted, create_time, update_time, course_id, equipment_names, day_index, day_name, focus, course_name, equipment_json, exercises_json) VALUES (873, 46, 2, '引体向上', 3, 8, NULL, NULL, 3, true, '2026-04-06 18:15:32.215178', '2026-04-09 02:17:02.025614', NULL, NULL, 2, '周二', '综合训练', NULL, NULL, NULL);
INSERT INTO public.fitness_plan_detail (id, plan_id, day_of_week, exercise_name, sets, reps, duration, notes, sort_order, deleted, create_time, update_time, course_id, equipment_names, day_index, day_name, focus, course_name, equipment_json, exercises_json) VALUES (874, 46, 2, '哑铃划船', 4, 12, NULL, NULL, 4, true, '2026-04-06 18:15:32.218217', '2026-04-09 02:17:02.025614', NULL, NULL, 2, '周二', '综合训练', NULL, NULL, NULL);
INSERT INTO public.fitness_plan_detail (id, plan_id, day_of_week, exercise_name, sets, reps, duration, notes, sort_order, deleted, create_time, update_time, course_id, equipment_names, day_index, day_name, focus, course_name, equipment_json, exercises_json) VALUES (875, 46, 2, '硬拉', 3, 10, NULL, NULL, 5, true, '2026-04-06 18:15:32.219224', '2026-04-09 02:17:02.025614', NULL, NULL, 2, '周二', '综合训练', NULL, NULL, NULL);
INSERT INTO public.fitness_plan_detail (id, plan_id, day_of_week, exercise_name, sets, reps, duration, notes, sort_order, deleted, create_time, update_time, course_id, equipment_names, day_index, day_name, focus, course_name, equipment_json, exercises_json) VALUES (876, 46, 3, '跑步', NULL, NULL, 30, NULL, 6, true, '2026-04-06 18:15:32.22356', '2026-04-09 02:17:02.025614', NULL, NULL, 3, '周三', '综合训练', NULL, NULL, NULL);
INSERT INTO public.fitness_plan_detail (id, plan_id, day_of_week, exercise_name, sets, reps, duration, notes, sort_order, deleted, create_time, update_time, course_id, equipment_names, day_index, day_name, focus, course_name, equipment_json, exercises_json) VALUES (877, 46, 3, '跳绳', NULL, NULL, 15, NULL, 7, true, '2026-04-06 18:15:32.225095', '2026-04-09 02:17:02.025614', NULL, NULL, 3, '周三', '综合训练', NULL, NULL, NULL);
INSERT INTO public.fitness_plan_detail (id, plan_id, day_of_week, exercise_name, sets, reps, duration, notes, sort_order, deleted, create_time, update_time, course_id, equipment_names, day_index, day_name, focus, course_name, equipment_json, exercises_json) VALUES (878, 46, 4, '哑铃推举', 4, 12, NULL, NULL, 8, true, '2026-04-06 18:15:32.228717', '2026-04-09 02:17:02.025614', NULL, NULL, 4, '周四', '综合训练', NULL, NULL, NULL);
INSERT INTO public.fitness_plan_detail (id, plan_id, day_of_week, exercise_name, sets, reps, duration, notes, sort_order, deleted, create_time, update_time, course_id, equipment_names, day_index, day_name, focus, course_name, equipment_json, exercises_json) VALUES (879, 46, 4, '侧平举', 3, 15, NULL, NULL, 9, true, '2026-04-06 18:15:32.231252', '2026-04-09 02:17:02.025614', NULL, NULL, 4, '周四', '综合训练', NULL, NULL, NULL);
INSERT INTO public.fitness_plan_detail (id, plan_id, day_of_week, exercise_name, sets, reps, duration, notes, sort_order, deleted, create_time, update_time, course_id, equipment_names, day_index, day_name, focus, course_name, equipment_json, exercises_json) VALUES (880, 46, 4, '前平举', 3, 12, NULL, NULL, 10, true, '2026-04-06 18:15:32.234376', '2026-04-09 02:17:02.025614', NULL, NULL, 4, '周四', '综合训练', NULL, NULL, NULL);
INSERT INTO public.fitness_plan_detail (id, plan_id, day_of_week, exercise_name, sets, reps, duration, notes, sort_order, deleted, create_time, update_time, course_id, equipment_names, day_index, day_name, focus, course_name, equipment_json, exercises_json) VALUES (881, 46, 5, '深蹲', 4, 15, NULL, NULL, 11, true, '2026-04-06 18:15:32.237498', '2026-04-09 02:17:02.025614', NULL, NULL, 5, '周五', '综合训练', NULL, NULL, NULL);
INSERT INTO public.fitness_plan_detail (id, plan_id, day_of_week, exercise_name, sets, reps, duration, notes, sort_order, deleted, create_time, update_time, course_id, equipment_names, day_index, day_name, focus, course_name, equipment_json, exercises_json) VALUES (830, 44, 2, '罗马尼亚硬拉', 4, 8, 12, '强化腘绳肌与臀部', 6, true, '2026-04-05 23:57:37.896824', '2026-04-09 02:17:04.183572', 76, '["深蹲架","腿举训练器"]', 2, '周二', '综合训练', NULL, NULL, NULL);
INSERT INTO public.fitness_plan_detail (id, plan_id, day_of_week, exercise_name, sets, reps, duration, notes, sort_order, deleted, create_time, update_time, course_id, equipment_names, day_index, day_name, focus, course_name, equipment_json, exercises_json) VALUES (831, 44, 2, '腿举', 4, 12, 10, '大重量刺激股四头肌', 7, true, '2026-04-05 23:57:37.902633', '2026-04-09 02:17:04.183572', 76, '["深蹲架","腿举训练器"]', 2, '周二', '综合训练', NULL, NULL, NULL);
INSERT INTO public.fitness_plan_detail (id, plan_id, day_of_week, exercise_name, sets, reps, duration, notes, sort_order, deleted, create_time, update_time, course_id, equipment_names, day_index, day_name, focus, course_name, equipment_json, exercises_json) VALUES (832, 44, 2, '坐姿腿屈伸', 4, 15, 8, '孤立刺激股四头肌', 8, true, '2026-04-05 23:57:37.905781', '2026-04-09 02:17:04.183572', 76, '["深蹲架","腿举训练器"]', 2, '周二', '综合训练', NULL, NULL, NULL);
INSERT INTO public.fitness_plan_detail (id, plan_id, day_of_week, exercise_name, sets, reps, duration, notes, sort_order, deleted, create_time, update_time, course_id, equipment_names, day_index, day_name, focus, course_name, equipment_json, exercises_json) VALUES (833, 44, 2, '提踵', 4, 20, 8, '小腿肌群训练', 9, true, '2026-04-05 23:57:37.909435', '2026-04-09 02:17:04.183572', 76, '["深蹲架","腿举训练器"]', 2, '周二', '综合训练', NULL, NULL, NULL);
INSERT INTO public.fitness_plan_detail (id, plan_id, day_of_week, exercise_name, sets, reps, duration, notes, sort_order, deleted, create_time, update_time, course_id, equipment_names, day_index, day_name, focus, course_name, equipment_json, exercises_json) VALUES (887, 46, 7, '瑜伽拉伸', NULL, NULL, 30, NULL, 17, true, '2026-04-06 18:15:32.255497', '2026-04-09 02:17:02.025614', NULL, NULL, 7, '周日', '综合训练', NULL, NULL, NULL);
INSERT INTO public.fitness_plan_detail (id, plan_id, day_of_week, exercise_name, sets, reps, duration, notes, sort_order, deleted, create_time, update_time, course_id, equipment_names, day_index, day_name, focus, course_name, equipment_json, exercises_json) VALUES (888, 46, 7, '散步', NULL, NULL, 20, NULL, 18, true, '2026-04-06 18:15:32.258574', '2026-04-09 02:17:02.025614', NULL, NULL, 7, '周日', '综合训练', NULL, NULL, NULL);


--
-- Data for Name: fitness_private_coach_booking; Type: TABLE DATA; Schema: public; Owner: fitness_user
--

INSERT INTO public.fitness_private_coach_booking (id, user_id, coach_id, booking_date, start_time, end_time, note, status, cancel_reason, deleted, create_time, update_time) VALUES (1, 25, 4, '2026-05-28', '09:00:00', '10:00:00', NULL, 0, NULL, false, '2026-05-27 11:04:40.563064+00', '2026-05-27 11:04:40.563064+00');
INSERT INTO public.fitness_private_coach_booking (id, user_id, coach_id, booking_date, start_time, end_time, note, status, cancel_reason, deleted, create_time, update_time) VALUES (2, 25, 4, '2026-05-28', '10:00:00', '11:00:00', NULL, 0, NULL, false, '2026-05-27 12:39:41.76146+00', '2026-05-27 12:39:41.76146+00');
INSERT INTO public.fitness_private_coach_booking (id, user_id, coach_id, booking_date, start_time, end_time, note, status, cancel_reason, deleted, create_time, update_time) VALUES (3, 42, 4, '2026-05-28', '14:00:00', '15:00:00', NULL, 0, NULL, false, '2026-05-27 14:49:37.333742+00', '2026-05-27 14:49:37.333742+00');
INSERT INTO public.fitness_private_coach_booking (id, user_id, coach_id, booking_date, start_time, end_time, note, status, cancel_reason, deleted, create_time, update_time) VALUES (4, 25, 4, '2026-05-29', '10:00:00', '11:00:00', NULL, 0, NULL, false, '2026-05-28 14:49:32.562549+00', '2026-05-28 14:49:32.562549+00');


--
-- Data for Name: fitness_repair_record; Type: TABLE DATA; Schema: public; Owner: fitness_user
--

INSERT INTO public.fitness_repair_record (id, repair_id, handler_id, record_type, before_status, after_status, content, deleted, create_time, update_time) VALUES (14, 8, 25, 1, NULL, 0, '提交报修申请', true, '2026-04-06 16:51:09.373825', '2026-04-06 17:02:46.029689');
INSERT INTO public.fitness_repair_record (id, repair_id, handler_id, record_type, before_status, after_status, content, deleted, create_time, update_time) VALUES (15, 8, 25, 4, 0, 3, '用户取消报修', true, '2026-04-06 16:51:19.516925', '2026-04-06 17:02:46.029689');
INSERT INTO public.fitness_repair_record (id, repair_id, handler_id, record_type, before_status, after_status, content, deleted, create_time, update_time) VALUES (11, 7, 25, 1, NULL, 0, '提交报修申请', true, '2026-04-06 16:49:56.060087', '2026-04-06 17:02:48.824061');
INSERT INTO public.fitness_repair_record (id, repair_id, handler_id, record_type, before_status, after_status, content, deleted, create_time, update_time) VALUES (12, 7, 1, 2, 0, 1, '状态变更: 待处理 -> 处理中', true, '2026-04-06 16:50:06.200435', '2026-04-06 17:02:48.824061');
INSERT INTO public.fitness_repair_record (id, repair_id, handler_id, record_type, before_status, after_status, content, deleted, create_time, update_time) VALUES (13, 7, 1, 2, 1, 2, '状态变更: 处理中 -> 已完成', true, '2026-04-06 16:50:23.293445', '2026-04-06 17:02:48.824061');
INSERT INTO public.fitness_repair_record (id, repair_id, handler_id, record_type, before_status, after_status, content, deleted, create_time, update_time) VALUES (6, 6, 25, 1, NULL, 0, '提交报修申请', true, '2026-04-06 16:43:43.066526', '2026-04-06 17:02:51.551936');
INSERT INTO public.fitness_repair_record (id, repair_id, handler_id, record_type, before_status, after_status, content, deleted, create_time, update_time) VALUES (7, 6, 1, 2, 0, 3, '状态变更: 待处理 -> 已关闭', true, '2026-04-06 16:43:54.779296', '2026-04-06 17:02:51.551936');
INSERT INTO public.fitness_repair_record (id, repair_id, handler_id, record_type, before_status, after_status, content, deleted, create_time, update_time) VALUES (16, 2, 1, 2, 1, 2, '状态变更: 处理中 -> 已完成', true, '2026-04-09 13:24:30.300865', '2026-04-12 21:54:07.51557');
INSERT INTO public.fitness_repair_record (id, repair_id, handler_id, record_type, before_status, after_status, content, deleted, create_time, update_time) VALUES (1, 3, 25, 1, NULL, 0, '提交报修申请', true, '2026-04-06 16:05:22.582626', '2026-04-12 21:54:09.151264');
INSERT INTO public.fitness_repair_record (id, repair_id, handler_id, record_type, before_status, after_status, content, deleted, create_time, update_time) VALUES (4, 3, 1, 2, 0, 1, '状态变更: 待处理 -> 处理中', true, '2026-04-06 16:28:05.830576', '2026-04-12 21:54:09.151264');
INSERT INTO public.fitness_repair_record (id, repair_id, handler_id, record_type, before_status, after_status, content, deleted, create_time, update_time) VALUES (10, 3, 1, 2, 1, 2, '状态变更: 处理中 -> 已完成', true, '2026-04-06 16:49:30.928673', '2026-04-12 21:54:09.151264');
INSERT INTO public.fitness_repair_record (id, repair_id, handler_id, record_type, before_status, after_status, content, deleted, create_time, update_time) VALUES (2, 4, 25, 1, NULL, 0, '提交报修申请', true, '2026-04-06 16:21:10.288752', '2026-04-12 21:54:12.143257');
INSERT INTO public.fitness_repair_record (id, repair_id, handler_id, record_type, before_status, after_status, content, deleted, create_time, update_time) VALUES (3, 4, 1, 2, 0, 3, '状态变更: 待处理 -> 已关闭，备注: 没问题', true, '2026-04-06 16:27:14.784326', '2026-04-12 21:54:12.143257');
INSERT INTO public.fitness_repair_record (id, repair_id, handler_id, record_type, before_status, after_status, content, deleted, create_time, update_time) VALUES (19, 10, 30, 1, NULL, 0, '提交报修申请', false, '2026-04-12 21:54:33.211943', '2026-04-12 21:54:32.251381');
INSERT INTO public.fitness_repair_record (id, repair_id, handler_id, record_type, before_status, after_status, content, deleted, create_time, update_time) VALUES (20, 10, 1, 2, 0, 1, '状态变更: 待处理 -> 处理中，备注: 进货，完成补货', false, '2026-04-12 21:55:06.518398', '2026-04-12 21:55:05.644669');
INSERT INTO public.fitness_repair_record (id, repair_id, handler_id, record_type, before_status, after_status, content, deleted, create_time, update_time) VALUES (21, 10, 1, 2, 1, 2, '状态变更: 处理中 -> 已完成，备注: 已补货加入到店铺', false, '2026-04-12 21:55:38.168416', '2026-04-12 21:55:37.336402');
INSERT INTO public.fitness_repair_record (id, repair_id, handler_id, record_type, before_status, after_status, content, deleted, create_time, update_time) VALUES (5, 5, 25, 1, NULL, 0, '提交报修申请', true, '2026-04-06 16:28:34.93815', '2026-04-12 22:10:58.271189');
INSERT INTO public.fitness_repair_record (id, repair_id, handler_id, record_type, before_status, after_status, content, deleted, create_time, update_time) VALUES (8, 5, 1, 2, 0, 1, '状态变更: 待处理 -> 处理中', true, '2026-04-06 16:48:51.138686', '2026-04-12 22:10:58.271189');
INSERT INTO public.fitness_repair_record (id, repair_id, handler_id, record_type, before_status, after_status, content, deleted, create_time, update_time) VALUES (9, 5, 1, 2, 1, 2, '状态变更: 处理中 -> 已完成', true, '2026-04-06 16:49:00.883421', '2026-04-12 22:10:58.271189');
INSERT INTO public.fitness_repair_record (id, repair_id, handler_id, record_type, before_status, after_status, content, deleted, create_time, update_time) VALUES (22, 11, 30, 1, NULL, 0, '提交报修申请', false, '2026-04-13 00:37:40.887223', '2026-04-13 00:37:40.882785');
INSERT INTO public.fitness_repair_record (id, repair_id, handler_id, record_type, before_status, after_status, content, deleted, create_time, update_time) VALUES (23, 11, 1, 2, 0, 1, '状态变更: 待处理 -> 处理中', false, '2026-04-13 00:38:01.438671', '2026-04-13 00:38:01.432399');
INSERT INTO public.fitness_repair_record (id, repair_id, handler_id, record_type, before_status, after_status, content, deleted, create_time, update_time) VALUES (24, 12, 30, 1, NULL, 0, '提交报修申请', false, '2026-04-13 00:59:04.069674', '2026-04-13 00:59:04.06622');
INSERT INTO public.fitness_repair_record (id, repair_id, handler_id, record_type, before_status, after_status, content, deleted, create_time, update_time) VALUES (25, 12, 1, 2, 0, 1, '状态变更: 待处理 -> 处理中', false, '2026-04-13 00:59:39.34826', '2026-04-13 00:59:39.342587');
INSERT INTO public.fitness_repair_record (id, repair_id, handler_id, record_type, before_status, after_status, content, deleted, create_time, update_time) VALUES (26, 12, 1, 2, 1, 2, '状态变更: 处理中 -> 已完成', false, '2026-04-13 00:59:47.701113', '2026-04-13 00:59:47.69734');
INSERT INTO public.fitness_repair_record (id, repair_id, handler_id, record_type, before_status, after_status, content, deleted, create_time, update_time) VALUES (27, 11, 1, 2, 1, 3, '状态变更: 处理中 -> 已关闭', false, '2026-04-13 00:59:56.693471', '2026-04-13 00:59:56.651807');
INSERT INTO public.fitness_repair_record (id, repair_id, handler_id, record_type, before_status, after_status, content, deleted, create_time, update_time) VALUES (28, 13, 30, 1, NULL, 0, '提交报修申请', false, '2026-04-13 01:06:57.680673', '2026-04-13 01:06:57.676465');
INSERT INTO public.fitness_repair_record (id, repair_id, handler_id, record_type, before_status, after_status, content, deleted, create_time, update_time) VALUES (29, 13, 1, 2, 0, 1, '状态变更: 待处理 -> 处理中，备注: 进货', false, '2026-04-13 01:07:52.158598', '2026-04-13 01:07:52.151813');
INSERT INTO public.fitness_repair_record (id, repair_id, handler_id, record_type, before_status, after_status, content, deleted, create_time, update_time) VALUES (17, 9, 30, 1, NULL, 0, '提交报修申请', true, '2026-04-12 21:53:23.28024', '2026-04-13 01:08:13.925153');
INSERT INTO public.fitness_repair_record (id, repair_id, handler_id, record_type, before_status, after_status, content, deleted, create_time, update_time) VALUES (18, 9, 1, 2, 0, 1, '状态变更: 待处理 -> 处理中', true, '2026-04-12 21:53:44.20309', '2026-04-13 01:08:13.925153');
INSERT INTO public.fitness_repair_record (id, repair_id, handler_id, record_type, before_status, after_status, content, deleted, create_time, update_time) VALUES (30, 13, 1, 2, 1, 2, '状态变更: 处理中 -> 已完成', false, '2026-04-13 01:08:18.483858', '2026-04-13 01:08:18.480901');
INSERT INTO public.fitness_repair_record (id, repair_id, handler_id, record_type, before_status, after_status, content, deleted, create_time, update_time) VALUES (34, 15, 30, 1, NULL, 0, '提交报修申请', false, '2026-05-15 01:54:27.687403', '2026-05-15 01:54:27.644984');
INSERT INTO public.fitness_repair_record (id, repair_id, handler_id, record_type, before_status, after_status, content, deleted, create_time, update_time) VALUES (35, 15, 1, 2, 0, 1, '状态变更: 待处理 -> 处理中', false, '2026-05-15 01:54:57.771882', '2026-05-15 01:54:57.764041');
INSERT INTO public.fitness_repair_record (id, repair_id, handler_id, record_type, before_status, after_status, content, deleted, create_time, update_time) VALUES (36, 16, 25, 1, NULL, 0, '提交报修申请', false, '2026-05-15 21:08:39.440415', '2026-05-15 21:08:39.479022');
INSERT INTO public.fitness_repair_record (id, repair_id, handler_id, record_type, before_status, after_status, content, deleted, create_time, update_time) VALUES (31, 14, 30, 1, NULL, 0, '提交报修申请', true, '2026-04-13 18:38:25.80111', '2026-05-17 01:07:57.959915');
INSERT INTO public.fitness_repair_record (id, repair_id, handler_id, record_type, before_status, after_status, content, deleted, create_time, update_time) VALUES (32, 14, 1, 2, 0, 1, '状态变更: 待处理 -> 处理中', true, '2026-04-13 18:38:38.630802', '2026-05-17 01:07:57.959915');
INSERT INTO public.fitness_repair_record (id, repair_id, handler_id, record_type, before_status, after_status, content, deleted, create_time, update_time) VALUES (33, 14, 1, 2, 1, 2, '状态变更: 处理中 -> 已完成', true, '2026-04-13 18:38:50.509921', '2026-05-17 01:07:57.959915');
INSERT INTO public.fitness_repair_record (id, repair_id, handler_id, record_type, before_status, after_status, content, deleted, create_time, update_time) VALUES (37, 17, 25, 1, NULL, 0, '提交报修申请', true, '2026-05-17 14:36:25.37374', '2026-05-17 14:39:55.199152');
INSERT INTO public.fitness_repair_record (id, repair_id, handler_id, record_type, before_status, after_status, content, deleted, create_time, update_time) VALUES (38, 17, 1, 2, 0, 1, '状态变更: 待处理 -> 处理中，备注: 开始处理', true, '2026-05-17 14:37:31.545167', '2026-05-17 14:39:55.199152');
INSERT INTO public.fitness_repair_record (id, repair_id, handler_id, record_type, before_status, after_status, content, deleted, create_time, update_time) VALUES (39, 17, 1, 2, 1, 2, '状态变更: 处理中 -> 已完成，备注: 已修复', true, '2026-05-17 14:37:40.133689', '2026-05-17 14:39:55.199152');
INSERT INTO public.fitness_repair_record (id, repair_id, handler_id, record_type, before_status, after_status, content, deleted, create_time, update_time) VALUES (40, 17, 1, 3, 2, 2, '完成', true, '2026-05-17 14:37:51.811831', '2026-05-17 14:39:55.199152');


--
-- Data for Name: fitness_video_course; Type: TABLE DATA; Schema: public; Owner: fitness_user
--



--
-- Data for Name: flyway_schema_history; Type: TABLE DATA; Schema: public; Owner: fitness_user
--

INSERT INTO public.flyway_schema_history (installed_rank, version, description, type, script, checksum, installed_by, installed_on, execution_time, success) VALUES (1, '1', 'init schema', 'SQL', 'V1__init_schema.sql', 1049116544, 'fitness_user', '2026-03-17 20:16:05.050664', 259, true);
INSERT INTO public.flyway_schema_history (installed_rank, version, description, type, script, checksum, installed_by, installed_on, execution_time, success) VALUES (2, '2', 'init data', 'SQL', 'V2__init_data.sql', -1102979887, 'fitness_user', '2026-03-17 20:16:05.361882', 17, true);
INSERT INTO public.flyway_schema_history (installed_rank, version, description, type, script, checksum, installed_by, installed_on, execution_time, success) VALUES (3, '3', 'create sys file table', 'SQL', 'V3__create_sys_file_table.sql', -2008758388, 'fitness_user', '2026-03-17 20:16:05.40621', 10, true);
INSERT INTO public.flyway_schema_history (installed_rank, version, description, type, script, checksum, installed_by, installed_on, execution_time, success) VALUES (4, '4', 'alter timestamp to without timezone', 'SQL', 'V4__alter_timestamp_to_without_timezone.sql', 1751027251, 'fitness_user', '2026-03-18 00:46:57.625684', 275, true);
INSERT INTO public.flyway_schema_history (installed_rank, version, description, type, script, checksum, installed_by, installed_on, execution_time, success) VALUES (5, '5', 'init course data', 'SQL', 'V5__init_course_data.sql', 422252342, 'fitness_user', '2026-03-18 01:17:31.661347', 24, true);
INSERT INTO public.flyway_schema_history (installed_rank, version, description, type, script, checksum, installed_by, installed_on, execution_time, success) VALUES (6, '6', 'add equipment type', 'SQL', 'V6__add_equipment_type.sql', 356325199, 'fitness_user', '2026-03-19 14:05:52.855818', 84, true);
INSERT INTO public.flyway_schema_history (installed_rank, version, description, type, script, checksum, installed_by, installed_on, execution_time, success) VALUES (7, '7', 'add course detail fields', 'SQL', 'V7__add_course_detail_fields.sql', -1409891171, 'fitness_user', '2026-03-26 10:47:26.976504', 48, true);
INSERT INTO public.flyway_schema_history (installed_rank, version, description, type, script, checksum, installed_by, installed_on, execution_time, success) VALUES (8, '8', 'add total booking count', 'SQL', 'V8__add_total_booking_count.sql', 350165576, 'fitness_user', '2026-03-26 11:23:18.342938', 34, true);
INSERT INTO public.flyway_schema_history (installed_rank, version, description, type, script, checksum, installed_by, installed_on, execution_time, success) VALUES (9, '9', 'create banner table', 'SQL', 'V9__create_banner_table.sql', 1768573963, 'fitness_user', '2026-03-26 12:01:35.96527', 9, true);
INSERT INTO public.flyway_schema_history (installed_rank, version, description, type, script, checksum, installed_by, installed_on, execution_time, success) VALUES (10, '10', 'create coach detail table', 'SQL', 'V10__create_coach_detail_table.sql', 2009933770, 'fitness_user', '2026-03-26 14:45:11.293764', 10, true);
INSERT INTO public.flyway_schema_history (installed_rank, version, description, type, script, checksum, installed_by, installed_on, execution_time, success) VALUES (11, '11', 'init coach detail for existing coaches', 'SQL', 'V11__init_coach_detail_for_existing_coaches.sql', -139250469, 'fitness_user', '2026-03-27 14:44:16.373429', 23, true);
INSERT INTO public.flyway_schema_history (installed_rank, version, description, type, script, checksum, installed_by, installed_on, execution_time, success) VALUES (12, '12', 'create product table', 'SQL', 'V12__create_product_table.sql', -1762109652, 'fitness_user', '2026-03-28 01:29:45.292102', 111, true);
INSERT INTO public.flyway_schema_history (installed_rank, version, description, type, script, checksum, installed_by, installed_on, execution_time, success) VALUES (13, '13', 'add user points column', 'SQL', 'V13__add_user_points_column.sql', -153554598, 'fitness_user', '2026-03-28 01:30:33.629104', 35, true);
INSERT INTO public.flyway_schema_history (installed_rank, version, description, type, script, checksum, installed_by, installed_on, execution_time, success) VALUES (14, '14', 'add equipment mock data', 'SQL', 'V14__add_equipment_mock_data.sql', 1683184966, 'fitness_user', '2026-03-28 11:27:11.871131', 12, true);
INSERT INTO public.flyway_schema_history (installed_rank, version, description, type, script, checksum, installed_by, installed_on, execution_time, success) VALUES (15, '15', 'create user fitness profile table', 'SQL', 'V15__create_user_fitness_profile_table.sql', 1073149466, 'fitness_user', '2026-03-28 12:00:23.29003', 55, true);
INSERT INTO public.flyway_schema_history (installed_rank, version, description, type, script, checksum, installed_by, installed_on, execution_time, success) VALUES (16, '16', 'create announcement table', 'SQL', 'V16__create_announcement_table.sql', 1724316493, 'fitness_user', '2026-03-28 14:01:18.399092', 124, true);
INSERT INTO public.flyway_schema_history (installed_rank, version, description, type, script, checksum, installed_by, installed_on, execution_time, success) VALUES (17, '17', 'add announcement mock data', 'SQL', 'V17__add_announcement_mock_data.sql', 1263845567, 'fitness_user', '2026-03-28 14:19:19.206517', 16, true);
INSERT INTO public.flyway_schema_history (installed_rank, version, description, type, script, checksum, installed_by, installed_on, execution_time, success) VALUES (18, '18', 'create chat tables', 'SQL', 'V18__create_chat_tables.sql', -1534480441, 'fitness_user', '2026-04-01 19:51:29.102716', 130, true);
INSERT INTO public.flyway_schema_history (installed_rank, version, description, type, script, checksum, installed_by, installed_on, execution_time, success) VALUES (19, '19', 'add private coach id to profile', 'SQL', 'V19__add_private_coach_id_to_profile.sql', -763339935, 'fitness_user', '2026-04-02 15:46:11.173887', 112, true);
INSERT INTO public.flyway_schema_history (installed_rank, version, description, type, script, checksum, installed_by, installed_on, execution_time, success) VALUES (20, '20', 'add equipment name unique constraint', 'SQL', 'V20__add_equipment_name_unique_constraint.sql', 1039827852, 'fitness_user', '2026-04-02 19:33:54.296374', 33, true);
INSERT INTO public.flyway_schema_history (installed_rank, version, description, type, script, checksum, installed_by, installed_on, execution_time, success) VALUES (21, '21', 'create knowledge base tables', 'SQL', 'V21__create_knowledge_base_tables.sql', 222983157, 'fitness_user', '2026-04-02 22:48:09.045338', 254, true);
INSERT INTO public.flyway_schema_history (installed_rank, version, description, type, script, checksum, installed_by, installed_on, execution_time, success) VALUES (22, '22', 'simplify knowledge document', 'SQL', 'V22__simplify_knowledge_document.sql', 1781251620, 'fitness_user', '2026-04-03 00:40:11.698964', 39, true);
INSERT INTO public.flyway_schema_history (installed_rank, version, description, type, script, checksum, installed_by, installed_on, execution_time, success) VALUES (23, '23', 'add plan detail course equipment fields', 'SQL', 'V23__add_plan_detail_course_equipment_fields.sql', 1246539498, 'fitness_user', '2026-04-03 13:20:41.031686', 40, true);
INSERT INTO public.flyway_schema_history (installed_rank, version, description, type, script, checksum, installed_by, installed_on, execution_time, success) VALUES (24, '24', 'add gender to user fitness profile', 'SQL', 'V24__add_gender_to_user_fitness_profile.sql', 802953524, 'fitness_user', '2026-04-03 15:05:19.599213', 37, true);
INSERT INTO public.flyway_schema_history (installed_rank, version, description, type, script, checksum, installed_by, installed_on, execution_time, success) VALUES (25, '25', 'add lost found menu', 'SQL', 'V25__add_lost_found_menu.sql', 1103101580, 'fitness_user', '2026-04-04 00:45:42.74872', 11, true);
INSERT INTO public.flyway_schema_history (installed_rank, version, description, type, script, checksum, installed_by, installed_on, execution_time, success) VALUES (26, '26', 'update repair table remove equipment', 'SQL', 'V26__update_repair_table_remove_equipment.sql', 388482463, 'fitness_user', '2026-04-04 01:01:00.9511', 42, true);
INSERT INTO public.flyway_schema_history (installed_rank, version, description, type, script, checksum, installed_by, installed_on, execution_time, success) VALUES (27, '27', 'add dashboard indexes', 'SQL', 'V27__add_dashboard_indexes.sql', 1350167817, 'fitness_user', '2026-04-05 23:50:33.111365', 178, true);
INSERT INTO public.flyway_schema_history (installed_rank, version, description, type, script, checksum, installed_by, installed_on, execution_time, success) VALUES (28, '28', 'add missing repair fields', 'SQL', 'V28__add_missing_repair_fields.sql', 1803387105, 'fitness_user', '2026-04-06 15:55:23.285803', 146, true);
INSERT INTO public.flyway_schema_history (installed_rank, version, description, type, script, checksum, installed_by, installed_on, execution_time, success) VALUES (29, '29', 'update fitness plan schema', 'SQL', 'V29__update_fitness_plan_schema.sql', 483003572, 'fitness_user', '2026-04-06 23:32:11.872429', 154, true);
INSERT INTO public.flyway_schema_history (installed_rank, version, description, type, script, checksum, installed_by, installed_on, execution_time, success) VALUES (31, '31', 'alter fitness plan add user attrs and json', 'SQL', 'V31__alter_fitness_plan_add_user_attrs_and_json.sql', 371771908, 'fitness_user', '2026-04-09 00:44:41.372492', 48, true);
INSERT INTO public.flyway_schema_history (installed_rank, version, description, type, script, checksum, installed_by, installed_on, execution_time, success) VALUES (32, '32', 'add nickname to sys user', 'SQL', 'V32__add_nickname_to_sys_user.sql', -507984214, 'fitness_user', '2026-04-12 16:01:01.540538', 11, true);
INSERT INTO public.flyway_schema_history (installed_rank, version, description, type, script, checksum, installed_by, installed_on, execution_time, success) VALUES (33, '33', 'fix add nickname to sys user', 'SQL', 'V33__fix_add_nickname_to_sys_user.sql', -1376801299, 'fitness_user', '2026-04-12 17:35:24.240037', 89, true);
INSERT INTO public.flyway_schema_history (installed_rank, version, description, type, script, checksum, installed_by, installed_on, execution_time, success) VALUES (34, '34', 'add equipment id to repair', 'SQL', 'V34__add_equipment_id_to_repair.sql', -1519321932, 'fitness_user', '2026-04-12 21:52:47.307587', 55, true);
INSERT INTO public.flyway_schema_history (installed_rank, version, description, type, script, checksum, installed_by, installed_on, execution_time, success) VALUES (35, '35', 'init knowledge categories', 'SQL', 'V35__init_knowledge_categories.sql', 167603992, 'fitness_user', '2026-04-12 23:46:40.931939', 42, true);
INSERT INTO public.flyway_schema_history (installed_rank, version, description, type, script, checksum, installed_by, installed_on, execution_time, success) VALUES (36, '36', 'add category id to knowledge document', 'SQL', 'V36__add_category_id_to_knowledge_document.sql', 2008348548, 'fitness_user', '2026-04-13 00:14:33.553768', 46, true);
INSERT INTO public.flyway_schema_history (installed_rank, version, description, type, script, checksum, installed_by, installed_on, execution_time, success) VALUES (37, '37', 'create membership tables', 'SQL', 'V37__create_membership_tables.sql', 1207378000, 'fitness_user', '2026-04-16 00:32:00.036428', 205, true);
INSERT INTO public.flyway_schema_history (installed_rank, version, description, type, script, checksum, installed_by, installed_on, execution_time, success) VALUES (38, '38', 'add user balance column', 'SQL', 'V38__add_user_balance_column.sql', -360339142, 'fitness_user', '2026-04-16 00:36:51.526139', 37, true);
INSERT INTO public.flyway_schema_history (installed_rank, version, description, type, script, checksum, installed_by, installed_on, execution_time, success) VALUES (39, '39', 'create sys dict tables', 'SQL', 'V39__create_sys_dict_tables.sql', -1434176929, 'fitness_user', '2026-04-16 01:12:34.247815', 97, true);
INSERT INTO public.flyway_schema_history (installed_rank, version, description, type, script, checksum, installed_by, installed_on, execution_time, success) VALUES (40, '40', 'add type code to membership card', 'SQL', 'V40__add_type_code_to_membership_card.sql', 2103559090, 'fitness_user', '2026-04-16 01:38:02.066024', 25, true);
INSERT INTO public.flyway_schema_history (installed_rank, version, description, type, script, checksum, installed_by, installed_on, execution_time, success) VALUES (41, '41', 'rename order time fields', 'SQL', 'V41__rename_order_time_fields.sql', 2075000756, 'fitness_user', '2026-04-16 01:59:18.076795', 27, true);
INSERT INTO public.flyway_schema_history (installed_rank, version, description, type, script, checksum, installed_by, installed_on, execution_time, success) VALUES (42, '42', 'create chat long term memory table', 'SQL', 'V42__create_chat_long_term_memory_table.sql', 1730978143, 'fitness_user', '2026-05-07 20:45:29.192036', 96, true);
INSERT INTO public.flyway_schema_history (installed_rank, version, description, type, script, checksum, installed_by, installed_on, execution_time, success) VALUES (43, '43', 'create video course table', 'SQL', 'V43__create_video_course_table.sql', -1946661879, 'fitness_user', '2026-05-08 20:50:15.504156', 109, true);
INSERT INTO public.flyway_schema_history (installed_rank, version, description, type, script, checksum, installed_by, installed_on, execution_time, success) VALUES (44, '44', 'alter course to weekly schedule', 'SQL', 'V44__alter_course_to_weekly_schedule.sql', 1901211658, 'fitness_user', '2026-05-09 20:51:41.964716', 163, true);
INSERT INTO public.flyway_schema_history (installed_rank, version, description, type, script, checksum, installed_by, installed_on, execution_time, success) VALUES (45, '45', 'create course session table', 'SQL', 'V45__create_course_session_table.sql', 28556768, 'fitness_user', '2026-05-09 21:22:08.554634', 90, true);
INSERT INTO public.flyway_schema_history (installed_rank, version, description, type, script, checksum, installed_by, installed_on, execution_time, success) VALUES (46, '46', 'add coach id to product', 'SQL', 'V46__add_coach_id_to_product.sql', 1071969117, 'fitness_user', '2026-05-10 16:13:39.767368', 33, true);
INSERT INTO public.flyway_schema_history (installed_rank, version, description, type, script, checksum, installed_by, installed_on, execution_time, success) VALUES (47, '47', 'add real name to coach detail', 'SQL', 'V47__add_real_name_to_coach_detail.sql', -998159771, 'fitness_user', '2026-05-10 18:05:55.601832', 157, true);
INSERT INTO public.flyway_schema_history (installed_rank, version, description, type, script, checksum, installed_by, installed_on, execution_time, success) VALUES (48, '48', 'normalize late timestamp fields', 'SQL', 'V48__normalize_late_timestamp_fields.sql', 73622759, 'fitness_user', '2026-05-16 23:55:38.77615', 157, true);
INSERT INTO public.flyway_schema_history (installed_rank, version, description, type, script, checksum, installed_by, installed_on, execution_time, success) VALUES (49, '49', 'add active booking unique index', 'SQL', 'V49__add_active_booking_unique_index.sql', 1437251481, 'fitness_user', '2026-05-19 17:30:32.694526', 63, true);
INSERT INTO public.flyway_schema_history (installed_rank, version, description, type, script, checksum, installed_by, installed_on, execution_time, success) VALUES (50, '50', 'add dashboard composite indexes', 'SQL', 'V50__add_dashboard_composite_indexes.sql', -1819567722, 'fitness_user', '2026-05-26 00:04:31.238627', 77, true);
INSERT INTO public.flyway_schema_history (installed_rank, version, description, type, script, checksum, installed_by, installed_on, execution_time, success) VALUES (51, '51', 'booking renovation cleanup', 'SQL', 'V51__booking_renovation_cleanup.sql', 246616644, 'fitness_user', '2026-05-26 19:17:04.865038', 100, true);
INSERT INTO public.flyway_schema_history (installed_rank, version, description, type, script, checksum, installed_by, installed_on, execution_time, success) VALUES (52, '52', 'add deleted to membership order', 'SQL', 'V52__add_deleted_to_membership_order.sql', -691792772, 'fitness_user', '2026-05-26 20:03:51.061136', 37, true);
INSERT INTO public.flyway_schema_history (installed_rank, version, description, type, script, checksum, installed_by, installed_on, execution_time, success) VALUES (53, '53', 'fix sys dict tables', 'SQL', 'V53__fix_sys_dict_tables.sql', 781612099, 'fitness_user', '2026-05-27 17:45:46.66275', 59, true);
INSERT INTO public.flyway_schema_history (installed_rank, version, description, type, script, checksum, installed_by, installed_on, execution_time, success) VALUES (54, '54', 'create private coach booking', 'SQL', 'V54__create_private_coach_booking.sql', -1322724935, 'fitness_user', '2026-05-27 17:53:07.592218', 55, true);
INSERT INTO public.flyway_schema_history (installed_rank, version, description, type, script, checksum, installed_by, installed_on, execution_time, success) VALUES (55, '55', 'refine private booking unique index', 'SQL', 'V55__refine_private_booking_unique_index.sql', 2077587667, 'fitness_user', '2026-05-27 19:27:56.073514', 29, true);
INSERT INTO public.flyway_schema_history (installed_rank, version, description, type, script, checksum, installed_by, installed_on, execution_time, success) VALUES (56, '56', 'enhance product order', 'SQL', 'V56__enhance_product_order.sql', -835045591, 'fitness_user', '2026-05-27 20:28:31.899254', 51, true);
INSERT INTO public.flyway_schema_history (installed_rank, version, description, type, script, checksum, installed_by, installed_on, execution_time, success) VALUES (57, '57', 'add coach package and student binding', 'SQL', 'V57__add_coach_package_and_student_binding.sql', -724401775, 'fitness_user', '2026-05-27 22:12:31.886177', 132, true);
INSERT INTO public.flyway_schema_history (installed_rank, version, description, type, script, checksum, installed_by, installed_on, execution_time, success) VALUES (58, '58', 'rename product time columns', 'SQL', 'V58__rename_product_time_columns.sql', 1068135531, 'fitness_user', '2026-05-28 19:07:40.901602', 33, true);
INSERT INTO public.flyway_schema_history (installed_rank, version, description, type, script, checksum, installed_by, installed_on, execution_time, success) VALUES (59, '59', 'create order base and ext tables', 'SQL', 'V59__create_order_base_and_ext_tables.sql', -2142677725, 'fitness_user', '2026-05-28 19:10:50.062647', 141, true);
INSERT INTO public.flyway_schema_history (installed_rank, version, description, type, script, checksum, installed_by, installed_on, execution_time, success) VALUES (60, '60', 'create coach package and migrate', 'SQL', 'V60__create_coach_package_and_migrate.sql', -671516716, 'fitness_user', '2026-05-28 19:11:45.728647', 69, true);


--
-- Data for Name: knowledge_category; Type: TABLE DATA; Schema: public; Owner: fitness_user
--

INSERT INTO public.knowledge_category (id, name, code, description, sort_order, deleted, create_time, update_time) VALUES (1, '课程相关', 'COURSE', '健身课程介绍、课程安排、课程内容等相关文档', 1, false, '2026-04-02 22:48:09.129104', '2026-04-02 22:48:09.129104');
INSERT INTO public.knowledge_category (id, name, code, description, sort_order, deleted, create_time, update_time) VALUES (2, '会员政策', 'MEMBERSHIP', '会员权益、会员等级、会员服务等相关文档', 2, false, '2026-04-02 22:48:09.129104', '2026-04-02 22:48:09.129104');
INSERT INTO public.knowledge_category (id, name, code, description, sort_order, deleted, create_time, update_time) VALUES (3, '商品相关', 'PRODUCT', '健身商品、营养补剂、运动装备等相关文档', 3, false, '2026-04-02 22:48:09.129104', '2026-04-02 22:48:09.129104');
INSERT INTO public.knowledge_category (id, name, code, description, sort_order, deleted, create_time, update_time) VALUES (4, '售后服务', 'AFTER_SALES', '售后服务、退换货政策、投诉建议等相关文档', 4, false, '2026-04-02 22:48:09.129104', '2026-04-02 22:48:09.129104');
INSERT INTO public.knowledge_category (id, name, code, description, sort_order, deleted, create_time, update_time) VALUES (6, '其他', 'OTHER', '其他类型的知识文档', 99, false, '2026-04-02 22:48:09.129104', '2026-04-02 22:48:09.129104');
INSERT INTO public.knowledge_category (id, name, code, description, sort_order, deleted, create_time, update_time) VALUES (7, '场馆基础信息', 'VENUE_INFO', '包含场馆介绍、位置营业时间、联系方式、交通指南、场馆设施等基础信息', 1, false, '2026-04-12 23:46:41.122039', '2026-04-12 23:46:41.122039');
INSERT INTO public.knowledge_category (id, name, code, description, sort_order, deleted, create_time, update_time) VALUES (8, '会员卡与收费政策', 'MEMBERSHIP_POLICY', '包含会员卡类型价格、开卡停卡退卡规则、老带新政策、节日优惠、企业团办等收费政策', 2, false, '2026-04-12 23:46:41.122039', '2026-04-12 23:46:41.122039');
INSERT INTO public.knowledge_category (id, name, code, description, sort_order, deleted, create_time, update_time) VALUES (9, '课程与预约服务', 'COURSE_BOOKING', '包含团课时间表、私教服务内容价格、预约取消爽约规则、课程推荐逻辑', 3, false, '2026-04-12 23:46:41.122039', '2026-04-12 23:46:41.122039');
INSERT INTO public.knowledge_category (id, name, code, description, sort_order, deleted, create_time, update_time) VALUES (10, '场馆使用规范', 'VENUE_RULES', '包含入场要求、器械使用规范、储物柜淋浴间规则、禁止事项、访客规则、安全应急流程', 4, false, '2026-04-12 23:46:41.122039', '2026-04-12 23:46:41.122039');
INSERT INTO public.knowledge_category (id, name, code, description, sort_order, deleted, create_time, update_time) VALUES (11, '常见问题FAQ', 'FAQ', '包含账号登录问题、卡与权益问题、课程预约问题、其他常见问题的解答', 5, false, '2026-04-12 23:46:41.122039', '2026-04-12 23:46:41.122039');
INSERT INTO public.knowledge_category (id, name, code, description, sort_order, deleted, create_time, update_time) VALUES (12, '教练团队介绍', 'COACH_TEAM', '包含教练资质、擅长方向、可预约时间、教练简介、预约方式', 6, false, '2026-04-12 23:46:41.122039', '2026-04-12 23:46:41.122039');
INSERT INTO public.knowledge_category (id, name, code, description, sort_order, deleted, create_time, update_time) VALUES (5, '场馆信息', 'VENUE', '场馆介绍、设施说明、开放时间等相关文档', 5, true, '2026-04-02 22:48:09.129104', '2026-04-13 00:00:36.850978');


--
-- Data for Name: knowledge_document; Type: TABLE DATA; Schema: public; Owner: fitness_user
--

INSERT INTO public.knowledge_document (id, title, file_url, file_name, file_type, file_size, status, chunk_count, create_by, deleted, create_time, update_time, category_id) VALUES (4, '健身房信息', 'http://localhost:9000/fitness-bucket/knowledge/b0defc9b-4476-4bf7-8bea-24008ed1c6b2.md', '健身房信息知识库文档.md', 'md', 16405, 0, 0, 1, true, '2026-04-03 00:34:34.305332', '2026-04-03 00:45:56.926747', NULL);
INSERT INTO public.knowledge_document (id, title, file_url, file_name, file_type, file_size, status, chunk_count, create_by, deleted, create_time, update_time, category_id) VALUES (9, '课程', 'http://localhost:9000/fitness-bucket/knowledge/96c145d7-d7b7-4a32-9a56-f49ce9e00e1b.md', '03_课程与预约服务.md', 'md', 3341, 1, 5, 1, false, '2026-04-13 00:21:25.438383', '2026-04-13 00:31:56.402833', 1);
INSERT INTO public.knowledge_document (id, title, file_url, file_name, file_type, file_size, status, chunk_count, create_by, deleted, create_time, update_time, category_id) VALUES (8, '会员卡与收费', 'http://localhost:9000/fitness-bucket/knowledge/34ff00c3-51cf-4524-99f2-6b7faaef2e06.md', '02_会员卡与收费政策.md', 'md', 4366, 1, 8, 1, false, '2026-04-12 23:56:23.978687', '2026-04-13 00:32:03.883701', 8);
INSERT INTO public.knowledge_document (id, title, file_url, file_name, file_type, file_size, status, chunk_count, create_by, deleted, create_time, update_time, category_id) VALUES (5, '健身房信息', 'http://localhost:9000/fitness-bucket/knowledge/def3a3b2-6ad7-4efd-ac85-8f192faa69ea.md', '健身房信息知识库文档.md', 'md', 16405, 1, 19, 1, true, '2026-04-03 00:42:35.421934', '2026-04-07 22:33:03.905129', NULL);
INSERT INTO public.knowledge_document (id, title, file_url, file_name, file_type, file_size, status, chunk_count, create_by, deleted, create_time, update_time, category_id) VALUES (7, '健身房场馆基础信息', 'http://localhost:9000/fitness-bucket/knowledge/26ee3167-3b9d-4dc2-aa2b-d42ba3f0f10d.md', '01_场馆基础信息.md', 'md', 1906, 1, 4, 1, false, '2026-04-12 23:54:41.372551', '2026-04-13 00:32:11.451583', 7);
INSERT INTO public.knowledge_document (id, title, file_url, file_name, file_type, file_size, status, chunk_count, create_by, deleted, create_time, update_time, category_id) VALUES (6, '健身房信息', 'http://localhost:9000/fitness-bucket/knowledge/c4306e4b-552c-4bed-a285-c597b9bd3611.md', '健身房信息知识库文档.md', 'md', 16284, 2, 19, 1, true, '2026-04-07 22:36:22.148957', '2026-04-12 23:53:26.42793', NULL);
INSERT INTO public.knowledge_document (id, title, file_url, file_name, file_type, file_size, status, chunk_count, create_by, deleted, create_time, update_time, category_id) VALUES (11, '常见会员问题汇总', 'http://localhost:9000/fitness-bucket/knowledge/6cb55606-2107-4f1c-800f-a068e27a0e7e.md', '05_常见问题FAQ.md', 'md', 4086, 1, 5, 1, false, '2026-04-13 00:32:36.678665', '2026-04-13 00:32:36.722796', 11);
INSERT INTO public.knowledge_document (id, title, file_url, file_name, file_type, file_size, status, chunk_count, create_by, deleted, create_time, update_time, category_id) VALUES (10, '场馆使用', 'http://localhost:9000/fitness-bucket/knowledge/40824676-5b79-49be-86a8-512017bf01f4.md', '04_场馆使用规范.md', 'md', 3361, 1, 6, 1, false, '2026-04-13 00:25:17.287736', '2026-04-13 00:25:37.394666', 10);
INSERT INTO public.knowledge_document (id, title, file_url, file_name, file_type, file_size, status, chunk_count, create_by, deleted, create_time, update_time, category_id) VALUES (12, '健身教练团队', 'http://localhost:9000/fitness-bucket/knowledge/aedc54f6-ca6f-4a68-8c41-3bc49b8b85fa.md', '06_教练团队介绍.md', 'md', 3435, 1, 6, 1, false, '2026-04-13 00:33:24.453987', '2026-05-16 00:00:31.665691', 12);


--
-- Data for Name: knowledge_chunk; Type: TABLE DATA; Schema: public; Owner: fitness_user
--

INSERT INTO public.knowledge_chunk (id, document_id, chunk_index, content, content_hash, embedding, metadata, char_count, create_time) VALUES (147, 12, 0, '## 专业教练团队

我们的教练均拥有专业的健身资质与丰富的教学经验，为您的健身保驾护航：

---

### 张磊 - 主教练

* **资质**：美国 ACE 认证教练、国家健身营养师
* **从业年限**：8 年
* **擅长方向**：减脂塑形、增肌增重、体态调整
* **可预约时间**：周一至周五 10:00-20:00
* **简介**：曾帮助超过 500 位用户成功减脂，平均减脂 20 斤，擅长定制个性化饮食与训练计划。

---

### 李娜 - 女子训练专家

* **资质**：国家一级健身教练、产后康复师
* **从业年限**：6 年
* **擅长方向**：产后恢复、女子塑形、普拉提
* **可预约时间**：周二至周日 9:00-18:00
* **简介**：专注女性健身，帮助超过 300 位产后妈妈完成身材恢复，擅长温和有效的训练方式。

---

### 王强 - 康复教练', '9ce387b6533a8881da4e97b403ffcade', '[0.013681354,0.01652769,-0.0057486976,-0.0055268626,-0.0088119395,0.028747384,-0.01668773,0.017023195,0.03251147,-0.06929137,0.017809613,-0.018632462,0.056930028,0.020871265,0.032426123,0.052678633,-0.010347019,0.0690852,-0.09497607,0.056245565,0.010725123,-0.0022034044,0.019475736,-0.020119919,0.041215725,0.011805974,-0.012134898,-0.035202723,0.033797715,-0.015732642,0.0046961177,0.006961812,0.055611774,-0.027500069,0.016362745,0.042465188,-0.007777104,-0.059177037,0.08301583,-0.046677466,-0.04668907,0.023675825,-0.049798388,-0.021354,0.019764565,-0.0022191212,0.037703075,0.008361402,-0.021052264,0.0035882043,-0.005663434,0.036410294,-0.041486807,0.090953365,-0.06542027,0.046030514,0.02853858,-0.014553257,-0.012821576,0.025192762,0.006069904,-0.0019788512,0.037098132,0.039728854,-0.05562374,-0.013793226,-0.039433856,-0.0072898753,0.034824993,0.1516876,-0.03309878,-0.05150371,-0.017100794,-0.029544406,0.11792925,0.0636031,-0.009150983,0.003171581,0.011803184,-0.043932226,0.032283805,0.017741045,0.029994115,-0.02614286,0.07435555,0.023300512,-0.037050944,-0.03302906,0.063410036,-0.038260687,0.02329389,-0.03906104,0.07169159,-0.0057216124,-0.035782073,0.039121516,0.044747926,0.02917958,-0.016967561,-0.028295746,-0.010963181,-0.022472033,0.022634627,0.06829969,0.025470752,0.033262905,-0.05538528,0.061668925,-0.04676379,0.039966326,-0.032815564,-0.038915206,5.2844887e-05,-0.028214805,-0.019591488,0.037055165,-0.024219772,0.019650431,0.018519726,-0.057333294,0.034269426,0.015269503,-0.0031686048,-0.027330548,0.014845454,-0.0370136,0.00944921,-0.007979833,0.0037147808,0.006553885,0.003557946,-0.044807233,0.013439312,-0.028140515,-0.00080459646,0.024557581,0.005934805,0.01908958,0.08582551,-0.023095917,-0.013847732,-0.10196179,0.07436153,-0.03590559,-0.0036884707,0.054615136,-0.012392654,-0.0050489893,0.041888434,0.041972864,0.07401885,0.031821158,-0.019965908,0.00037351504,-0.040629786,-0.04315565,-0.03831896,-0.016154151,0.03056088,0.04949144,-0.039052498,-0.05474945,0.044364586,-0.013564916,-0.007065441,0.044081803,0.012460998,0.0072766244,-0.011150986,-0.037267346,-0.04056372,-0.014308864,-0.011842916,-0.00013245655,-0.008293034,-0.008862957,-0.0010546307,0.0006570032,-0.029900005,-0.02281741,-0.013442833,0.008363271,-0.0022822854,0.002943284,-0.027079742,0.034282822,0.009265822,0.04922572,-0.0058298195,0.026846401,0.02366783,-0.04091586,0.08566059,-0.049691524,0.050544705,0.0351784,0.011384511,-0.003626309,0.040583327,-0.0500375,0.04491285,0.023652293,0.052539907,0.0031765995,0.06804044,0.003886966,0.025517905,0.01577432,-0.05556079,0.028645245,-0.020511545,0.017734407,-0.008951227,-0.025185559,0.0022534097,0.040749222,-0.03225298,0.050100215,-0.0016156394,0.020063668,0.03849788,-0.0055814665,-0.06404524,-0.008490358,-0.031872213,0.0046046646,-0.03372535,0.017912598,-0.007204022,0.016284266,0.037798375,-0.009921048,-0.006879203,0.06958846,-0.018247096,0.00552175,0.00021626172,0.034409203,0.033734277,0.08369527,0.039111216,0.025777865,0.018125333,0.0020582848,-0.045621756,-0.035405222,-0.02455884,-0.04247372,-0.022356328,0.0026368413,0.02873386,-0.011370687,-0.011514879,0.084574826,-0.022218665,0.031080255,-0.031106906,0.027732052,0.028639918,0.0030437417,-0.010691033,0.0031578569,-0.026869899,-0.02281741,-0.028006202,-0.043248776,-0.028327025,0.013011377,-0.051155645,-0.03923397,0.017898364,0.021352869,0.026401196,0.05410002,0.0035789001,-0.03843888,-0.029693464,-0.09954544,-0.019950341,0.013219139,0.00031733175,-0.018914746,0.041968346,-0.0030414644,0.077920936,-0.0060555562,-0.05018403,-0.0014859145,0.0108378595,-0.0035600178,0.004320986,-0.0099630905,0.060192704,0.03815609,-0.035566412,0.01699002,-0.08069057,-0.01586587,-0.034238305,-0.03289195,0.0067167915,0.034515314,-0.009269393,-0.03330847,0.039285284,0.035578713,-0.097813085,0.027327918,0.014725658,-0.0462265,-0.0367823,-0.01513156,0.043899894,0.011713672,0.04734939,-0.0052838568,-0.0189908,-0.030373514,-0.03205826,-0.008214012,-0.016136317,0.040990777,0.030979127,0.003856887,0.003179915,0.003731287,-0.056569163,0.0030190698,-0.035074532,-0.013286965,0.051918644,0.05458893,0.035864785,-0.024615772,-0.045875102,0.06625364,-0.008008613,0.071344875,-0.04657745,0.02252915,0.0601102,-0.027972518,0.015590287,-0.009264321,0.051641166,0.04724475,-0.053702746,-0.009464728,-0.011895581,-0.0064331084,0.023213288,0.004271743,0.00441965,-0.019350698,-0.07389151,0.018238757,-0.058191344,-0.022790631,-0.0029260411,-0.03676784,0.025436193,-0.012775628,-0.020932999,0.0039030546,0.0428462,0.015698217,-0.0122625,0.017693903,0.04305631,0.016389636,0.05846013,-0.057147063,-0.016963137,-0.0069234446,-0.05629339,0.05602148,-0.02486167,0.0023016783,0.01765336,-0.04786668,-0.042831652,-0.017864162,0.012311772,0.026961563,0.0369383,-0.02839711,0.065925114,0.028507378,0.019378759,0.035440776,0.018814664,-0.028134942,0.011802376,0.018195188,-0.0004391369,-0.029885832,0.009328606,0.030282447,0.0042388313,0.12944129,-0.041097302,0.019731099,-0.09975741,-0.07721017,0.060464527,-0.0050538024,-0.04680533,-0.0024959971,-0.07646257,0.005273108,-0.010409461,-0.075092964,-0.018690456,0.04285962,-0.031257037,0.010810692,0.061534364,0.009110617,-0.07183358,-0.025677186,-0.045024373,-0.053745195,0.03657392,0.005885331,-0.02285717,-0.0200182,0.04549426,-0.013598475,0.047919884,-0.031980705,0.030284705,-0.009245489,0.0041778004,0.051158547,-0.0037243864,-0.049054082,0.029419145,0.014422502,0.038041342,0.026610496,-0.013998501,-0.003136038,0.018494474,0.0034961316,-0.026601737,2.9101619e-05,-0.025986152,0.01662199,0.029135307,-0.014963809,0.03003971,-0.048222158,0.021850586,0.037981827,-0.012927518,0.010076673,0.0060959873,0.04572906,-0.058442958,0.0068487553,0.009434246,0.0028852385,0.012935663,0.047503315,0.03425531,0.0105457455,0.0054177884,0.0057866126,-0.09474094,-0.013998923,0.012132064,0.009902998,-0.025475271,0.03373106,0.022134379,-0.044637088,0.015600926,-0.037258234,-0.018150749,-0.039365407,-0.011476664,0.038370032,-0.010091786,0.074943244,0.08552386,-0.024528917,-0.023797184,-0.007168201,0.01850556,-0.02615948,0.025041243,-0.048122413,0.028376224,0.01902716,-0.021639057,0.016583875,-0.008668087,0.0005263944,-0.024392882,0.0437331,0.0011883028,-0.036012333,-0.019384408,-0.0020226992,0.0030067633,0.025506098,0.05639275,0.004035653,-0.0419249,-0.0459872,-0.0046548727,0.0033464488,0.014091786,0.012808855,-0.040111467,-0.020823127,-0.043671887,0.08742902,-0.0027188102,0.059222173,0.01293433,0.006268353,0.01627286,-0.0060528293,-0.031985093,-0.018313067,0.029797692,0.02424866,0.06485503,0.028452637,0.034139566,-0.006342085,-0.0018361163,0.023326958,0.02174506,0.0042209476,0.030456273,-0.055375654,0.02654277,-0.035899326,0.043200254,0.03388526,-0.005725918,-0.027648894,0.039932217,-0.02123749,-0.014066716,-0.038005356,0.010265083,0.042130526,0.0060146223,0.02388527,-0.022679217,-0.010926087,-0.005264328,-0.006021496,0.0579699,0.0017544009,-0.049163535,-0.003888446,-0.07857801,0.019768896,-0.0148587,0.015168683,0.020148452,0.022967787,-0.015534861,-0.037126563,-0.004430541,0.050502475,0.043889277,0.003116356,0.015771758,-0.01226265,0.025008751,-0.019552914,-0.00867447,-0.022835203,-0.008980006,-0.05051891,-0.022287084,-0.050173778,0.016937863,-0.022001319,0.018432735,-0.0042904513,0.011958217,-0.038339287,-0.020994864,-0.011727391,0.012668193,-0.054691378,-0.025251037,-0.008769643,-0.029426053,0.012573448,0.013165009,0.021981126,-0.013190411,-0.021140583,-0.033196986,0.03126798,-0.012773949,-0.0075409734,0.07669953,0.0005041424,-0.03800284,0.049791295,-0.08564983,-0.041104954,-0.0580242,-0.0076168003,-0.009437493,-0.013606469,0.008432311,0.009835711,0.042247932,0.008337083,0.01917167,-0.015731439,0.020434603,0.024971679,0.069206156,0.01871968,-0.032585822,-0.027753916,0.013233618,0.06628527,0.027636293,0.04664774,0.056275282,0.065845534,-0.014199314,0.029292416,-0.031178907,-0.04766047,0.011079414,0.015047626,0.027850615,-0.028080866,0.052973583,0.017748192,0.013262249,0.035599712,0.0063230647,0.002394714,-0.024396887,-0.038412105,-0.016607314,-0.025213229,0.057063438,-0.020006716,-0.04102322,0.031748075,0.026083328,-0.039072193,0.032746945,0.030048195,-0.02731569,-0.024546357,0.024471177,-0.025549421,-0.00015570445,0.02837339,0.055569746,0.03380277,0.028524248,0.05579354,-0.029493548,0.022683853,-0.041271277,0.037476644,-0.061084114,-0.009390109,-0.017854175,-0.054529086,-0.015725411,-0.016597087,-0.029322768,-0.031004624,-0.03526324,-0.014801009,-0.053845,0.00052186166,-0.016853321,0.00075338496,-0.053622153,-0.005789181,-0.020215718,-0.090415455,0.08069709,0.0009158968,-0.042953238,0.04545721,0.004032956,0.01783535,-0.0013956482,0.016390303,0.02674351,0.033535678,-0.007299846,0.009811741,-0.020997498,-0.03279011,-0.027381483,0.0012483166,0.041601315,0.026734725,-0.055509042,0.056481004,-0.014613854,-0.0014433312,-0.01252923,-0.043117337,0.051090863,0.000117218675,-0.034139004,0.03110897,-0.0052532805,-0.043069478,0.013534157,-0.05711551,0.015273582,0.00400496,0.051003855,-0.028188359,0.05467959,0.046483982,0.052080434,-0.03606356,-0.0056937765,0.06456367,0.009640896,-0.032617316,0.027780542,0.07090769,0.066942245,-0.045819882,-0.016519967,0.018200744,-0.027867135,-0.0849167,0.017062984,-0.00831702,-0.0464183,0.033450183,0.049833108,0.04942437,0.026010225,-0.03747885,0.00030123623,-0.0292952,-0.03347338,0.044846363,-0.010476733,0.055167887,-0.019842727,-0.0149151925,0.053011164,-0.04482242,-0.049199138,-0.014924834,-0.04292542,-0.028086968,0.0049721315,0.09117677,-0.009934962,-0.0096855415]', '{"chunk_size": 500, "chunk_index": 0, "document_id": 12, "chunk_overlap": 50, "document_title": "健身教练团队"}', 404, '2026-05-16 00:00:43.52611');
INSERT INTO public.knowledge_chunk (id, document_id, chunk_index, content, content_hash, embedding, metadata, char_count, create_time) VALUES (148, 12, 1, '---

### 王强 - 康复教练

* **资质**：运动康复师、国家健身教练职业资格证
* **从业年限**：7 年
* **擅长方向**：运动损伤康复、肩颈腰腿痛调理、体态矫正
* **可预约时间**：周一至周六 14:00-22:00
* **简介**：曾为多名职业运动员提供康复服务，擅长通过康复训练改善慢性疼痛。

---

### 刘芳 - 团课教练

* **资质**：Zumba 认证教练、瑜伽导师
* **从业年限**：5 年
* **擅长方向**：动感单车、舞蹈、瑜伽
* **可预约时间**：周一至周日 9:00-21:00
* **简介**：活力满满的团课教练，课程氛围轻松有趣，深受会员喜爱。

---', 'c4245b90dbbd876035ba574f07e68e7a', '[-0.028424393,-0.011025407,-0.01150475,0.035768468,0.0046558906,-0.0059171626,-0.074344,-0.012821919,0.0030999265,-0.010018592,-0.0057252864,-0.025708659,0.04105732,0.002674069,0.044690035,0.0614186,-0.049572177,0.066027276,-0.08160926,0.016166432,0.030324971,0.0455271,0.021827344,-0.024288038,0.014289924,-0.012560347,-0.046169017,-0.04159323,-0.0007868277,-0.040124487,-0.0145482235,-0.0044099716,0.030976852,0.0035519982,-0.014445935,0.04791595,0.08182371,-0.056562614,0.045192987,-0.013939835,-0.027059719,0.07285087,-0.089983806,0.020682937,0.0026081337,-0.0069734636,-0.016620386,-0.005762386,-0.015893,0.0039388533,-0.035188414,0.03315058,-0.023860635,0.07206267,-0.07951638,0.0036012984,-0.0055856504,-0.021168401,-0.05127714,-0.04385574,-0.0070346026,-0.016342828,-0.0055068075,0.02151343,-0.06469818,-0.053086244,-0.046110943,-0.038420536,0.08562995,0.09266902,-0.01562342,-0.045861483,-0.023489075,-0.055019792,0.10204633,0.056914072,-0.013125738,0.010406455,0.003960929,-0.03138987,0.010244682,0.007312017,-0.0053017493,-0.026027704,0.07371196,-0.011429283,0.040207,-0.033596747,0.052801598,-0.00035436463,0.03363944,-0.039071497,0.03712102,0.027194284,-0.041826658,0.022829723,-0.025770953,0.028165687,-0.047262475,-0.05439376,0.00021429671,0.007670148,0.020788515,0.080475025,-0.0015311701,0.053186063,-0.07520957,0.040666733,-0.008064186,0.01761274,0.0020857542,-0.033409957,0.011032848,-0.0150220925,0.003829546,0.0064400164,-0.04192103,-0.0089336615,0.025458694,-0.03742091,0.041550968,0.008474965,0.0010636827,-0.030765386,0.038062353,-0.010644193,-0.016903931,-0.027793461,0.02919409,-0.010008194,0.016465534,-0.048201494,0.015799748,-0.02234645,-0.0023364006,-0.0064620962,0.012639445,0.031858344,0.037309177,0.0028785546,-0.016225025,-0.071027674,0.031207401,-0.04352325,0.03763994,0.068041556,-0.011207575,-0.0020722724,0.010361398,0.021353936,0.06068649,0.03741366,-0.052310564,-0.0054581002,-0.041541945,-0.04192856,-0.036265776,-0.009191784,-0.0027609866,-0.04162747,0.009890437,-0.08419892,0.020522254,-0.0041253273,-0.014647625,0.0018813636,0.04074701,0.015277265,-0.03815992,-0.049993683,-0.028563274,0.00904946,-0.030186636,-0.004051798,-0.037521847,0.02165677,-0.03540958,0.01767144,-0.025263254,-0.041915845,0.02255451,-0.013326122,0.0067140395,0.007192998,-0.06134545,0.03641966,-0.01145834,0.026657067,0.0027013398,0.0046272385,0.010996748,-0.028108858,0.09087563,-0.05607113,0.055066306,0.038215328,0.003327624,-0.004984057,0.020675154,-0.051095933,0.08476117,0.009118722,0.050696086,0.038577825,0.07784076,0.0021289757,0.013886636,-0.007518389,-0.019676816,0.03453289,-0.028582152,0.0036868951,-0.02616843,0.036697026,0.009740925,0.051424507,-0.028132755,0.0061133057,0.05617272,0.029434733,0.006795801,0.02226888,-0.055240896,0.0032034342,-0.0459045,-0.034047548,-0.04250424,0.007826022,-0.039584674,0.012191645,0.021344082,0.0009936204,0.019721609,0.013916264,-0.01709312,0.008764284,-0.043995447,0.03661403,0.017236816,0.050474476,0.0043499605,0.03173943,-0.004230561,-0.0058869175,-0.005482712,-0.04129964,0.03356229,-0.070691064,-0.031818654,0.024896495,0.021521512,-0.022877472,0.014397034,0.07116083,-0.040042683,0.029464016,-0.022837717,-0.005073203,0.030132232,-0.009215161,0.021773662,0.020941602,-0.03660889,-0.014656605,-0.027957942,-0.026052257,-0.02650536,-0.010891196,0.029496202,-0.046542067,0.053226497,0.044079863,-0.009965242,0.05490608,-0.013695296,-0.0516725,0.040207397,-0.09223652,0.021740813,-0.021971073,0.0052218814,0.01745681,0.05384514,0.009622258,0.056170415,0.0011271419,-0.08907303,-0.017833903,-0.007247747,-0.009102067,0.020422209,-0.039846476,0.06104035,0.033661023,-0.06419201,0.031483345,-0.030936683,-0.016291814,-0.042872865,-0.074125476,0.0093484875,0.01694806,0.0051002256,0.0066471254,0.005238007,0.013013514,-0.030309526,-0.007891654,-0.0018542573,0.00044791983,0.005815429,-0.059243824,0.0009167125,0.07378912,0.032059554,0.044281762,0.00813878,-0.013907558,-0.008299347,-0.050083004,0.0003690191,0.02621826,0.00064420595,0.034615103,0.037562203,-0.037149288,-0.029042471,-0.005073541,0.0011143277,0.0148689775,0.036846913,0.053352714,0.027151935,0.025907906,-0.009578554,0.019000985,0.019814108,-0.021481827,-0.04053683,-0.0034069298,0.053224545,-0.035000287,0.027536625,-0.016122848,0.01981451,0.015093457,-0.0069515957,0.054906573,-0.04371275,-0.025245171,0.03437517,-0.012155849,0.0152053535,-0.0032071474,-0.09225355,0.023153609,-0.07735315,-0.05051919,-0.04861627,-0.018244416,0.018730326,-0.014430318,-0.006741934,0.029050961,0.0424671,0.01395727,-0.018678045,-0.01744344,0.09954135,0.026064044,0.026312761,-0.057307098,-0.033339974,-0.022734752,-0.070652194,0.027471764,-0.04534182,-0.0038872838,0.024560891,-0.024089295,-0.04428509,0.025251623,0.01918706,0.04657488,-0.00024979393,-0.02286891,0.033991892,-0.006857584,-0.0029633003,0.023085233,0.00169431,-0.013750019,0.00031703574,0.0107604945,0.03172405,-0.0011408817,-0.02032611,0.018934458,-0.011056819,0.098707415,-0.056076065,0.00724513,-0.038507037,-0.0868672,0.03181771,-0.00047736327,-0.103084244,0.017635815,-0.06727824,0.027590564,-0.0088867685,-0.050798096,0.010068075,0.040858816,-0.026988251,-0.030925708,0.019329887,-0.016205268,-0.00498889,-0.003130965,-0.022366228,-0.062269207,-0.027454805,0.036080465,0.031533152,-0.06346795,0.0032457965,0.05215271,0.054668576,-0.018761469,0.010307114,0.023013312,0.01710804,0.023140082,0.012129788,-0.066502534,0.023608059,-0.016469542,0.053090677,0.041186925,-0.05401627,-0.0044277585,0.046226084,-0.0036604113,-0.015109441,-0.05005328,-0.035489686,0.014735322,0.06561036,0.0039431485,-0.011324358,0.014430135,0.03320744,-0.0082582785,-0.06665819,-0.0051910165,-0.005954356,0.044029508,-0.019147616,0.0026967914,-0.024401749,0.030823857,0.01800606,0.009509826,0.051227637,0.0056460756,-0.049473286,-0.03338289,-0.07137042,-0.0601911,0.017777154,0.014655601,-0.03603129,0.048841268,0.023337005,-0.027212627,0.017129607,-0.021189013,-0.0031099147,-0.022755876,0.010620593,-0.06009401,-0.034601174,0.051226556,0.048081953,-0.010474027,-0.0077308584,-0.03311154,0.03904192,-0.043032337,0.013123823,-0.041828528,0.007897317,-0.016439967,-0.023927525,-0.01363236,0.010424788,-0.028730636,-0.0052213995,-0.0019438674,0.012714677,-0.054755345,0.018907392,0.016350515,0.004714273,0.054275863,0.04006631,-0.008671729,-0.056595102,0.0061785006,-0.038475316,0.015397941,-0.002089959,0.040606663,-0.059621,0.022063084,-0.03815671,0.06665209,0.007016604,0.042758968,0.043468773,0.002689911,-0.028894907,0.03330307,-0.0061909123,-0.054314196,-0.014011024,0.04006217,0.04382168,-0.002660813,0.052469622,-0.011166879,-0.004419833,0.031586576,0.025191499,0.0065972256,-0.012977441,-0.044522364,0.047488827,-0.0516214,0.034372494,0.07136724,-0.007439386,-0.018974623,0.05124543,-0.0083263675,-0.058220346,-0.004159027,-0.0023043305,0.047648076,-0.000731137,-0.0043554585,-0.0128769465,-0.023908187,-0.002890344,0.016184311,0.06567721,-0.007381043,-0.03982693,-0.016582405,-0.07131035,0.038892172,-0.009378124,-0.06069046,0.044157714,0.048986014,-0.04181889,-0.0437574,0.006003604,0.04378182,0.029676205,0.028909855,-0.014585298,-0.03393597,0.015685283,-0.021226611,0.015956381,-0.014144459,-0.008513614,-0.013977993,-0.0057338118,-0.046622906,-0.0114798015,-0.008117612,0.050618324,0.045975197,-0.02864026,-0.0039465535,-0.033193473,-0.013083726,0.0048166835,-0.06917434,-0.052920055,0.003348159,-0.06900984,-0.05682301,0.0133203445,0.02826865,0.03345083,-0.0563412,0.006784509,0.04191514,0.024149388,0.0035368134,0.03243132,0.024141638,-0.040864233,0.022275286,-0.061636906,-0.03267759,-0.042423375,-0.055265583,0.01130181,-0.011981254,0.016518049,0.015942365,0.030393362,0.05880262,0.0129897315,-0.036537156,-0.000113806695,0.017659975,0.034871347,0.026027007,-0.0045909043,-0.012641059,0.0077780294,0.027940175,0.05135749,0.010587739,0.0502345,0.03887941,0.0031286487,0.048663843,-0.03884187,-0.011819497,0.005992055,0.042889852,0.011997966,-0.02983922,0.10802109,0.016448235,0.037048604,-0.022441935,0.019295774,0.039425597,-0.007777735,-0.0042040427,-0.0058167707,0.0057164603,0.022956055,-0.0117042735,-0.04127947,0.020419301,-0.0061478615,-0.04604513,-0.002183534,0.07192018,0.026917987,-0.0015269364,0.045777284,0.031943932,-0.0024680367,0.017339135,0.036502596,0.00934389,0.025534293,0.038482673,-0.05638048,-0.027396578,-0.06479997,0.05470413,-0.065645896,-0.027319055,-0.0022816863,-0.08286641,-0.029639008,0.03399507,-0.059182137,-0.02188015,-0.04622499,-0.019488946,0.006636612,0.013001127,0.017665457,-0.031158699,-0.03845029,-0.021087563,-0.0051548043,-0.10003569,0.065365046,0.04391675,-0.033293746,0.053422127,-0.014163063,-0.014673931,0.08148957,0.009620224,0.030397423,-0.013811171,-0.021313006,0.024073286,0.012125702,-0.037968323,-0.014687305,0.010287267,0.039559692,0.013651262,-0.027297676,0.006424891,0.011578737,0.03296102,-0.0043752026,-0.027408326,0.09237535,-0.0017570292,-0.028546289,0.03579779,0.040462617,-0.026345193,-0.02532175,-0.0122778835,0.0019862775,0.012393885,0.03460814,0.0072449576,0.044269912,0.06487325,0.04541376,-0.019179193,0.026120652,0.0094310725,0.033589926,-0.028638892,0.008836316,0.07489981,0.026006933,-0.003637526,-0.03080084,-0.018127726,-0.049506146,-0.09076145,0.025123326,-0.024522955,-0.05342296,0.022692977,0.023030065,-0.009306751,0.0355886,-0.01819464,-0.026281025,-0.051858384,-0.043505874,0.0033101551,-0.02343648,0.04111972,-0.027464679,-0.018064253,-0.010504059,-0.034595225,-0.040031232,-0.045635443,-0.049999416,-0.0031567614,-0.050706502,0.071797825,-0.01254122,0.040665373]', '{"chunk_size": 500, "chunk_index": 1, "document_id": 12, "chunk_overlap": 50, "document_title": "健身教练团队"}', 316, '2026-05-16 00:00:43.637592');
INSERT INTO public.knowledge_chunk (id, document_id, chunk_index, content, content_hash, embedding, metadata, char_count, create_time) VALUES (149, 12, 2, '## 如何选择教练

### 根据健身目标选择

* **减脂塑形**：推荐张磊教练、李娜教练
* **增肌增重**：推荐张磊教练
* **体态调整**：推荐张磊教练、王强教练
* **康复训练**：推荐王强教练
* **产后恢复**：推荐李娜教练
* **团课训练**：推荐刘芳教练

### 根据时间安排选择

* **上午时段**：李娜教练（9:00-18:00）、刘芳教练
* **下午时段**：张磊教练（10:00-20:00）、王强教练（14:00-22:00）
* **晚间时段**：张磊教练、王强教练、刘芳教练

---', 'b649c8e34b25a3c57ff501ffef5123f6', '[0.0122682955,-0.0003945357,-0.0076816115,-0.01170358,-0.012487541,0.02087659,0.0015384669,-0.00029530842,0.024479507,-0.07764673,-0.00044684834,-0.02764135,0.06970447,0.018657146,0.022496793,0.042950977,0.009993929,0.07120939,-0.086643435,0.05831098,0.026256736,-0.018943697,-0.0047161984,-0.031569373,0.057866193,0.034658737,-0.022795914,-0.0410046,0.016631283,-0.05573358,-0.012900756,0.015217712,0.025592443,-0.003110783,-0.008285979,0.019781876,0.036158442,-0.0572126,0.047158577,-0.028936634,-0.06308359,0.037795585,-0.073447935,-0.0023423238,-0.0019821664,-0.0032605343,0.026694668,-0.0018369663,-0.010159836,0.0038033167,-0.041612756,0.04974611,-0.032160677,0.08970356,-0.051531173,0.05791178,-0.0080248555,0.0003125993,-0.04259666,-0.0064057717,0.027408917,-0.04553988,0.056567527,0.02818199,-0.0730927,-0.024028268,-0.044036414,-0.028784757,0.044004437,0.101742074,-0.044168815,-0.045580324,-0.008629725,-0.01656006,0.12965277,0.0624493,0.00023797643,0.012248677,0.013301912,-0.054193508,0.004698999,0.017858187,0.014739302,-0.037168458,0.09016777,0.01037522,-0.011215355,-0.043622825,0.08160096,-0.021218559,0.031189565,-0.017399082,0.05140249,0.019801673,-0.06615859,0.030149408,0.026664572,-0.005121158,-0.036174186,-0.04686923,-0.018837312,0.0037581536,0.01406407,0.06493107,0.020314947,0.027196996,-0.0619584,0.06874627,-0.03668287,0.04166786,-0.016056122,-0.04889567,0.01512173,-0.018162841,-0.014211808,0.02759617,-0.024123272,0.013462998,0.01441766,-0.052230734,0.029547365,0.032505117,0.018357113,-0.019704435,0.041130792,-0.0330583,0.024702221,0.0031482943,0.0499215,-0.0051388093,0.009338349,-0.03251565,0.03163001,-0.010218157,0.005506377,0.03373928,-0.011797431,0.011812719,0.052446984,0.016454732,-0.038917582,-0.10131106,0.060942777,-0.028687993,-0.006481401,0.06793973,-0.025120134,-0.00041068144,0.004823007,0.061657157,0.06492367,0.009215288,-0.039839387,0.0011648816,-0.053629667,-0.052533645,-0.008118109,-0.011967087,0.049548715,0.05132711,-0.036970925,-0.034677614,0.016008737,-0.023382401,0.006755024,0.05269432,0.0012742352,0.0058831903,-0.01954512,-0.041253515,-0.017662033,0.018450517,-0.02226856,0.010433488,-0.0105849095,0.013339498,0.008199926,0.012122491,-0.03801253,-0.012333834,0.0021359432,0.029102974,-0.018137746,0.02744645,-0.020259436,0.018195795,-0.037902404,0.0040253378,0.008695055,0.004059424,0.008589546,-0.030974664,0.10666127,-0.0653419,0.008244394,0.035479058,-0.004816105,-0.0012238335,0.013668979,-0.0550477,0.05556249,0.042650074,0.032967225,0.006052832,0.015549405,0.0002709344,0.0221712,-0.015043231,-0.05922968,0.004740067,-0.01258745,0.024326492,-0.0063035,-0.008943579,-0.013092592,0.01077026,-0.01737867,0.054509833,0.04267432,0.020608315,0.0005271811,-0.0019160325,-0.06517676,-0.017471856,-0.028237738,0.03092177,-0.06614748,0.018600274,-0.011229771,0.007875762,0.03349092,-0.021251302,-0.018331848,0.06915574,0.02712199,0.010211236,0.013324721,0.06381786,0.049094334,0.04594025,0.0081519885,0.02811474,0.013265433,0.039002627,-0.038416,-0.017989421,-0.02963675,-0.05431727,0.014848133,0.039777797,0.021245237,-0.024642639,0.0049730293,0.08921905,-0.012288173,0.045215227,-0.0049832305,0.0295047,0.043802008,-0.011549487,0.007027296,0.03409048,0.0049607847,0.00015056056,-0.042576794,-0.04818724,-3.925556e-05,0.007516739,-0.032666847,-0.010745286,0.035615824,0.032476388,0.003186534,0.027597472,0.018285943,-0.044481464,-0.04760197,-0.09529828,-0.0038937747,0.021038529,0.01885416,0.033518855,0.06742501,-0.00241335,0.05666436,0.023195814,-0.058895692,-0.0132830655,0.0014428587,-0.02655819,0.01841398,-0.018029584,0.08855133,0.02442295,-0.04459724,0.022285735,-0.045062438,-0.009326788,-0.03382534,-0.04430318,0.032888554,0.014216625,0.008152417,-0.031617336,0.019072052,0.007826781,-0.09388587,-0.01892034,0.006326017,-0.04737822,-0.04392435,-0.015894627,0.039164077,0.0148246735,0.026460571,0.011937907,-0.000743462,-0.05014745,-0.0086959535,-0.03029944,-0.027293969,0.013385665,0.011979057,0.013509483,0.040453475,-0.018591795,-0.039171457,-0.00148785,-0.01985966,0.00034050367,0.06905884,0.050689224,0.019418208,-0.026188426,-0.0057226843,0.04251026,-0.001272517,0.06552768,-0.00618153,0.026309133,0.036602687,-0.00754835,0.018078705,0.01745422,0.042090025,0.024247237,-0.04198712,0.0061909356,-0.020754945,0.006502214,0.042070437,-0.006120696,0.027994424,-0.01556684,-0.05611318,0.022894997,-0.0274631,-0.041372187,-0.010198015,0.0011297469,0.019707266,-0.02577676,-0.019051097,0.0021743902,0.05409494,0.02172548,-0.02184801,-0.0005525828,0.045231853,0.029579813,0.031135345,-0.08951016,0.0014661016,-0.008310413,-0.05800989,0.041842688,-0.0074298135,0.013324813,0.0024876564,-0.05608889,-0.020910496,-0.026160771,0.0083438745,0.03177993,0.016740158,-0.022104124,0.049125835,-0.0017259298,0.042452596,0.020786813,0.032759774,0.011671438,-0.023351694,-0.020391108,0.003282885,0.0023693156,-0.0027626734,0.052018188,0.012130098,0.09719875,-0.02647615,0.016224202,-0.076357275,-0.052347507,0.038847353,-0.009105741,-0.0497609,0.009363131,-0.059408616,-0.0012967853,0.005809115,-0.06072238,-0.020048717,0.045542963,-0.046546467,-0.003195804,0.07141572,0.025221558,-0.05722929,-0.02833655,-0.010128095,-0.03780518,0.03906739,0.010251684,-0.029570602,-0.033025585,0.024557803,-0.04557096,0.0016948867,-0.034140136,0.04079244,-0.012317152,-0.0014723662,0.042156085,0.0026653118,-0.061898973,0.003351971,0.016399976,0.047470946,0.026224462,-0.040714704,0.023168359,0.06556708,0.0020422256,-0.0050445395,-0.024966644,-0.05269941,0.04057857,-0.020382512,-0.047749378,0.038766224,-0.018405482,-0.012751272,0.013535037,-0.024676427,-0.027476676,-0.0034594866,0.041811824,-0.07608668,-0.006169726,0.00826816,0.02680895,0.036005594,0.030109234,0.055001628,0.033729512,0.01563484,0.01630572,-0.06633786,-0.02390392,0.010602303,0.03763766,-0.018491337,0.02080738,-0.0050367727,-0.035709642,0.027973108,-0.082478985,0.0028821495,-0.0068231425,-0.018989429,0.031103345,-0.026685229,0.04774551,0.065298155,-0.0049323244,-0.051503167,-0.0048541953,0.034454856,-0.022801582,0.058605857,-0.051903807,0.02014683,-0.00095495564,-0.0032590677,0.0015478762,0.005146497,-0.060074236,-0.048740357,0.049912807,-0.0032097118,-0.04643398,-0.012328115,-0.00987022,-0.015028083,0.006690769,0.06525057,0.025119778,-0.029866433,-0.046068892,-0.015799481,0.0007050841,0.007256698,0.0007373262,-0.010148569,-0.05616455,-0.026831072,0.04572971,0.009288715,0.02951401,0.005106219,-0.0016887718,-0.003337062,-0.030888367,-0.0002170316,-0.017038416,0.0063422234,-0.0035843246,0.07648873,-0.0015197819,0.010204899,-0.008140013,0.010682131,0.047682878,0.057058785,-0.03709659,0.009371547,-0.07141116,0.056293327,-0.038593482,0.0016880857,0.053581294,0.0050155935,-0.014099531,0.08092225,-0.02053823,-0.011138966,-0.020738106,0.03238425,0.017098006,0.03373058,6.8745554e-05,-0.020550609,-0.013051217,0.02029324,-0.00056949444,0.046488974,0.017221976,-0.048390362,0.009607513,-0.08718546,0.02745117,-0.010563405,0.0042096307,0.003931894,-0.014729894,0.0033326691,-0.054812502,0.017390283,0.044374257,0.020822892,0.009144177,-0.024422465,-0.037059966,0.04201925,-0.015620419,-0.019290976,-0.014618453,0.020861521,-0.06512229,-0.046901304,-0.0700401,0.009860785,-0.023393415,0.03227403,8.491324e-05,0.027614161,-0.056544278,-0.03425022,-0.025027325,0.0009830814,-0.06982924,-0.04441506,-0.0065362956,-0.06199622,-0.026845476,0.022969821,0.04875896,0.009214784,-0.018805072,0.0058584446,-0.0017182983,0.026456453,-0.0024097364,0.05228966,-0.011505167,-0.04075333,0.033174485,-0.083833426,-0.010185952,-0.04625784,-0.03049728,-0.00037889616,-0.027608542,0.0056909146,0.020852486,0.0412514,0.039157227,-0.004096188,-0.021944698,0.031246958,-0.0054238457,0.059940547,0.010222692,-0.010190488,-0.011748834,-0.023580028,0.035738934,7.829311e-06,0.028662074,0.035088316,0.025805172,0.008815748,-0.005985806,-0.057645272,0.023885855,-0.011350852,0.034991,0.031169267,-0.03579185,0.074878186,0.008579747,0.006433891,-0.002714438,0.015439231,0.02218288,-0.012967975,-0.022507057,-0.025897691,-0.030891186,0.06512264,-0.0353088,-0.009410355,-0.007624964,0.023143869,-0.011132375,0.028096477,0.037306514,-0.03043712,-0.012067617,0.049221843,0.008694127,0.0010972947,0.027507668,0.084388316,0.03714597,-0.0012349712,0.037227366,-0.03903876,0.0040919404,-0.05549244,0.06577427,-0.09072462,-0.026248187,-0.028219955,-0.03889522,0.0034062099,-0.020534955,-0.038987923,-0.03662324,-0.03692316,0.010705796,-0.010504364,-0.004554546,0.04431612,0.0033274963,-0.042290587,-0.04805499,0.0053400956,-0.1290864,0.095455565,0.00043166618,0.021321217,0.04797013,-0.013167489,0.014181155,0.016688991,0.019945232,0.035540644,0.028541148,-0.044203855,0.013001502,0.011554959,-0.021588909,-0.025493288,-0.0030558878,0.048236296,0.003327503,-0.05059483,0.04031161,-0.003189266,-0.009024396,-0.01116477,-0.023967637,0.004190585,-0.015656382,-0.005643543,0.051585756,0.01414559,-0.014856313,0.02341388,-0.034863014,0.023403462,0.011588748,0.014882876,-0.031009275,0.051148154,0.09439485,0.01824077,-0.0250842,0.025708204,0.04921361,-0.009170441,0.0039189775,0.017677227,0.09475131,0.025388649,-0.023619762,-0.017613122,-0.014635905,-0.055929307,-0.06824483,0.0075005563,0.023809388,0.010261633,0.025861803,0.030938033,0.021820154,0.05714986,-0.025279237,-0.033973668,-0.043135613,-0.024972094,0.009937355,-0.015323362,0.048957337,-0.019697348,-0.017366102,0.05052556,-0.06583021,-0.059440434,0.0215885,-0.06747935,0.02519426,0.02788779,0.10766968,-0.008537704,0.008432325]', '{"chunk_size": 500, "chunk_index": 2, "document_id": 12, "chunk_overlap": 50, "document_title": "健身教练团队"}', 268, '2026-05-16 00:00:43.650503');
INSERT INTO public.knowledge_chunk (id, document_id, chunk_index, content, content_hash, embedding, metadata, char_count, create_time) VALUES (150, 12, 3, '## 预约教练

### 预约方式

1. **公众号预约**：进入会员中心 - 私教预约，选择教练和时间段
2. **前台预约**：到场馆前台，由工作人员协助预约
3. **直接联系**：如果您已有专属教练，可直接联系教练约定时间

### 预约须知

* 私教课程需提前 24 小时预约
* 取消预约需提前 24 小时，否则扣除相应课时
* 首次预约可享受免费体测 + 私教体验课

---', '4b685bef4c33c300a7e810273ac58a1f', '[-0.011575565,-0.025234487,-0.0039348993,0.024393285,-0.032632254,0.0045697317,-0.042982146,0.034002826,0.031180564,-0.037665244,-0.00582639,-0.034628507,0.036725003,-0.0186054,0.05303565,0.09315417,-0.016096186,0.05987969,-0.14368534,-0.014958566,-0.056648124,-0.04678252,0.040000208,-0.008051367,0.00034422943,0.05848319,-0.008440852,-0.014015837,0.024778688,-0.018038059,0.025690515,-0.024830343,0.0439474,0.0037535515,-0.026048573,-0.021389075,-0.007410604,-0.060988627,0.05611466,-0.027702529,-0.043457825,0.07774002,0.0021769193,0.018533181,0.030203436,-0.027095782,0.06029089,-0.026908068,0.003219212,0.026743107,-0.002047708,0.02139796,-0.043811332,0.06922915,-0.061969403,0.0573078,0.033420086,0.006964576,-0.04713219,0.0032308553,0.009727583,-0.025543572,0.030945875,0.044656016,0.006156658,-0.040583283,-0.06544707,-0.013035377,0.019830203,0.11154212,-0.014628238,-0.06872398,-0.014345411,0.01667236,0.13329697,0.0794074,-0.016955044,0.0031248985,0.015354571,-0.023527196,0.0068588154,-0.00035106353,0.017396256,-0.029485118,0.047226693,0.014640762,-0.0044226376,-0.038567387,0.057988513,-0.027954536,0.032948557,-0.031856634,0.06376682,-0.004187544,-0.0023212354,-0.013293223,0.018728053,0.047702756,-0.032181926,-0.04826457,-0.018060537,-0.01331915,-0.0017894626,0.017925961,0.045693733,0.051636804,-0.086656794,0.019130038,-0.011738339,0.02160244,-0.008660313,-0.07231241,0.0066117193,-0.042335358,0.006401539,0.022864081,-0.047135685,-0.0019501637,0.0047617927,-0.01597728,0.0031834673,-0.0027708726,-0.017422875,0.00014473445,0.03783084,0.0028461984,0.017934417,-0.0055387695,0.024642205,-0.017659297,0.004727154,-0.008686303,-0.0007405932,-0.016308341,-0.013459946,0.01888679,0.013490967,-0.008159445,0.066631146,0.04825956,-0.05527592,-0.10631864,0.03361574,-0.045028035,-0.022972818,0.053794652,-0.024708482,0.024282416,-0.032505065,0.023697445,0.09051629,0.019169698,-0.035555415,-0.03485021,-0.026091475,-0.07549589,0.0032007422,0.018107494,0.059146058,0.0012103615,-0.043231368,-0.03859379,0.095360465,-0.0027141978,-0.014678056,0.044774342,0.016032293,0.015941044,-0.014764633,-0.0028384572,-0.0217217,-0.008162867,0.035514783,0.004557297,-0.03592777,-0.030349737,-0.014393785,-0.011783106,-0.000602642,-0.0017859016,0.00031214757,-0.02188064,-0.0045786323,0.015817935,-0.02922037,0.05273,-0.025710741,0.021339366,-0.034330435,0.038733378,0.04012541,0.0068445806,0.11624149,-0.0012015406,0.007662798,0.030711016,-0.0016043294,0.018169116,0.021735268,-0.066183604,0.023612214,0.015492937,0.073302485,-0.006804559,0.03244449,0.0033442143,-0.034491282,0.004907112,-0.07162336,0.018770944,-0.069074005,0.058668893,-0.022307342,-0.007055203,-0.020055965,0.06910288,-0.0031548468,-0.008226289,0.012463689,0.055192932,0.0514074,-0.0008177713,-0.060491495,-0.017239142,-0.03323234,-0.014407926,-0.02920409,0.0040060724,-7.045933e-05,-0.0013882036,0.0126398755,-0.002176852,0.017286457,0.07743515,0.0014497384,0.008177236,-0.053587515,-0.021231662,-0.0054272143,0.029299527,-0.018692385,0.027151639,-0.023934381,0.011400185,0.0037043667,-0.018051103,-0.011554716,-0.027901359,-0.008421084,0.06870275,0.027310804,0.0046822084,-0.029140068,0.0906692,-0.040199902,0.03327557,-0.002472192,0.008651573,0.026583487,-0.0077856015,0.019738767,-0.0023045796,-0.007654288,-0.016071714,-0.057480592,-0.016333563,-0.0034271758,-0.0041133068,-0.03664032,-0.018814411,0.028999597,0.025707478,-0.0402443,0.012137196,0.0054778694,-0.0389375,-0.0021387057,-0.08090066,-0.011405374,-0.03436053,-0.0033850563,-0.03306397,0.029200753,0.0052641802,0.033013612,-0.044881128,0.004657888,-0.067182004,0.00033030688,-0.022565061,-0.0073820483,0.006138964,0.052857284,0.0043398906,-0.019980602,0.012855436,-0.06445049,-0.013621541,0.007069471,-0.04039275,0.031557076,0.060389675,-0.015271733,-0.04972578,0.040641733,0.028635139,-0.04687952,0.0038326166,-0.010619915,-0.03733856,-0.020377541,-0.016567562,0.03057564,0.01136696,0.047531664,-0.02911135,-0.0003399402,-0.026870312,0.006268018,0.008340248,0.015532547,0.04552896,0.019782571,0.029517988,0.040904924,-0.0411223,0.0051524714,0.069584765,-0.046409328,0.012005256,0.05420007,0.044942312,0.04171454,-0.004890637,0.03566281,0.0011889639,-0.020996269,0.049377028,-0.027403284,0.0023618552,0.09115798,-0.013727211,0.06747015,0.013380537,0.037755053,-0.002698246,-0.021945054,0.015160585,-0.026197014,-0.056635648,0.019794388,-0.04758825,-0.018223273,-0.009400051,-0.09443174,0.018510241,-0.06456087,-0.025606837,0.01448449,-0.018155668,0.0084766,-0.054653797,0.045748275,0.016136274,0.070135176,0.0073623485,0.03451133,0.03926101,0.034950845,0.030529711,0.057005893,-0.031424966,-0.005480699,-0.043594755,-0.056275845,0.0170508,-0.04254099,-0.030822044,-0.01570898,-0.032753102,-0.020154504,0.018886251,0.003928803,0.022319466,0.017355846,-0.013767123,0.019058883,0.06271403,-0.010879316,0.01507507,0.03134527,-0.04214248,-0.012766703,0.0388177,0.019249605,-0.010948169,-0.0016930315,0.012284041,0.015851298,0.10125533,-0.0241219,0.06993934,-0.10806911,-0.06670163,0.038331173,0.0015787724,-0.052711055,0.04577821,-0.06911169,0.013435754,0.039403543,-0.022684699,-0.021400468,-0.023640651,-0.010993851,0.0324792,0.058054827,0.03620071,-0.054400202,-0.028288307,-0.01567256,-0.014074306,0.06033011,0.011275392,-0.017702542,-0.04876741,0.024489466,-0.05956208,0.027622975,-0.041434195,0.05908083,-0.0037000403,0.028248519,0.040848475,0.0317603,-0.039343666,0.0324703,-0.012659899,0.042032614,0.021250257,-0.003338223,0.007307966,0.0059691663,0.017180357,0.031434707,-0.023472987,-0.002609513,-0.003533231,-0.0011896763,-0.03019517,0.012685764,0.014035776,-0.026802309,0.058092117,-0.024933057,-0.021939319,-0.01149345,0.054537565,-0.075127035,-0.014592658,0.012180169,0.044091903,-0.013452896,-0.026936825,0.020274092,0.050814588,0.01659952,0.011899955,-0.106154665,0.026298638,-0.019083576,-0.0018207543,-0.024386825,0.025450034,-0.029116275,-0.023948515,-0.013203274,0.022272523,-0.043882504,-0.03529465,-0.009104828,0.008207044,0.0065514073,0.033427805,0.038671564,0.026529133,-0.022767978,-0.023487965,0.029472094,0.0003259448,0.07225555,-0.041718207,0.032233495,0.013563502,-0.009540084,0.034861237,0.02901436,-0.010272013,-0.03952216,0.030769974,0.0004013369,-0.017604643,-0.0063206335,0.004405067,-0.00425532,0.013965744,0.016232928,-0.030336395,-0.038983867,-0.0058496473,-0.018994577,0.0009602298,-0.009408658,0.027287731,-0.027361272,0.06355335,-0.0072538275,0.07279124,-0.032780312,0.014412493,0.030020589,0.02244864,0.012938838,-0.065884955,0.046136934,-0.030281924,-0.024301361,0.017407484,0.089098245,-0.018939635,0.020529242,-0.004437973,-0.0116742,0.016768906,-0.018368429,-0.0043759425,0.02396187,-0.0374263,0.040075418,-0.045185976,0.03751273,0.049341407,-0.014890777,0.04018277,0.060318377,-0.042560138,0.029985324,-0.04846894,0.039282404,-0.06381118,-0.019050328,0.005508061,-0.015031241,-0.06953473,0.028608128,-0.019868055,0.058359124,0.033750884,0.021646287,-0.015812973,-0.059451643,0.011012856,-0.0141783655,0.010484286,-0.0007596501,0.0046946392,-0.02270627,-0.07071553,-0.02856681,0.023487179,0.050596174,0.0018522382,0.000733855,0.0033717148,0.0134832645,-0.031535972,-0.031921808,0.00934774,0.014378838,-0.006522289,-0.026586737,-0.04705605,-0.030987883,-0.012048159,0.02863158,0.015672812,0.01143004,-0.025222385,-0.028169433,-0.04125889,0.0044813706,-0.034698773,-0.011291988,-0.006189453,-0.049373727,-0.024740867,0.034669857,0.04637633,0.029618027,0.018893197,0.0411762,0.006428131,0.00936747,-0.025124805,-0.014825825,-0.011742891,-0.030444354,-0.012981015,-0.022490919,-0.035847228,-0.05426523,-0.034706827,0.016762475,-0.0030653947,-0.041823234,-0.0006533959,0.010194039,0.03912293,0.02980923,0.010250183,0.0017833866,0.01351384,0.046009496,-0.01179856,0.02750339,0.005818757,0.03199083,-0.01163122,0.023683585,0.053603426,0.09815279,0.050817408,-0.009298174,-0.04490987,-0.024680054,-0.015690552,0.011863188,0.04004195,0.0014629966,0.09836856,0.0710235,0.0016647298,-0.010463036,0.029054336,0.015843073,0.010037865,-0.006504541,-0.005081211,-0.008332034,-0.020102754,0.016139345,0.022254452,-0.01743914,0.0072314483,0.0016384702,0.029464388,-0.0118798725,0.046197847,0.022226956,0.020879958,0.010539053,0.03242517,0.03573093,0.0077906754,0.067254394,0.06406274,-0.019075122,0.04037252,-0.03694505,-0.008299401,-0.019712223,0.022589762,-0.10669228,-0.029210685,0.042715132,-0.0060705976,-0.037500106,-0.019459585,-0.03907422,0.015382969,-0.0017911545,-0.018058216,-0.026640058,0.034150306,-0.008101571,-0.021068025,-8.99021e-05,-0.024595872,-0.0050927806,-0.032722026,0.059880804,0.0007393375,-0.024495488,0.052600186,0.016304225,0.02815364,-0.017859414,0.018796973,0.030158002,0.037582945,0.0036397628,-0.0018688684,-0.025645493,-0.0038869246,0.016276145,0.013268099,0.023933893,0.00011281253,-0.03632034,0.04354905,-0.02317046,0.034968443,-0.03801855,-0.046866886,0.039506134,-0.0027772007,-0.0030740078,0.09483179,-0.06191095,-0.019105345,0.05135885,-0.057292566,-0.040644344,-0.017891604,0.036794152,0.03873951,0.04398809,0.12295055,-0.0014696656,-0.07762649,-0.00036095505,0.03557701,0.018581303,-0.024906829,0.016425299,0.062334698,0.03317644,0.003071511,-0.0020434454,-0.017602894,-0.05577153,-0.039325632,0.052843023,-0.048438076,-0.027935656,-0.030338824,0.0055497373,0.02767594,0.039189745,-0.01607235,-0.031649064,-0.034250636,-0.05144391,0.008773406,-0.007747314,0.057402942,-0.066227,0.007886515,0.019818412,-0.021822972,-0.028324788,-0.027085979,-0.032914147,-0.04687045,0.019046035,0.03554831,-0.0111213,0.0089526735]', '{"chunk_size": 500, "chunk_index": 3, "document_id": 12, "chunk_overlap": 50, "document_title": "健身教练团队"}', 197, '2026-05-16 00:00:43.70372');
INSERT INTO public.knowledge_chunk (id, document_id, chunk_index, content, content_hash, embedding, metadata, char_count, create_time) VALUES (151, 12, 4, '## 教练培训与认证

我们的教练团队定期参加专业培训，持续提升专业水平：

### 国际认证

* ACE（美国运动委员会）认证
* NASM（美国国家运动医学学会）认证
* NSCA（美国国家体能协会）认证

### 国内认证

* 国家健身教练职业资格证
* 国家一级健身教练
* 运动康复师资格证

### 专项认证

* Zumba 认证教练
* 瑜伽导师认证
* 产后康复师认证
* 普拉提认证教练

---', '237cb03395dd428b6e23396bdccf1c59', '[-0.009933214,0.006399519,-0.01309684,0.025581805,-0.010196236,-0.002113762,-0.0029633532,-0.0019179683,0.020862512,-0.040275287,0.011751893,-0.013748163,0.012023625,0.010247216,0.050470736,0.054455977,-0.09254448,0.13257383,-0.0373903,-0.002473207,-0.016029239,0.010165812,-0.0028134824,0.0047323573,0.021169914,0.0061974423,-0.032895073,-0.030226037,0.0385956,-0.01298065,-0.045311525,0.0019284233,0.03317389,0.0058017024,-0.027039545,0.07234201,0.034937683,-0.026067268,0.040186558,0.005081735,0.001978291,0.03852466,-0.054518532,-0.02037407,0.017825488,-0.05185429,-0.012391758,0.016604275,0.011209911,0.02622659,0.03751852,0.03877246,-0.027437901,0.0667959,-0.024302224,0.013075503,0.04969038,-0.0321064,-0.0337127,0.007459586,-0.0261631,0.041206386,0.022819046,0.062464967,-0.03815698,-0.00085183536,-0.05099079,-0.014445656,0.031868063,0.13268258,0.0036214818,-0.043972757,-0.011412761,0.03173041,0.10119054,0.025253333,0.005936319,0.017169377,-0.0134728,0.0064087156,0.054168064,0.033436056,0.018266823,-0.043703366,0.07444822,0.031637598,-0.006728779,-0.057501376,0.04796165,-0.050888516,0.023636589,-0.08364923,0.069096565,0.04691581,-0.021480998,0.02280757,0.031544775,0.0027766104,-0.021326436,-0.07773941,0.015652306,-0.010137906,-0.012908801,0.028392639,0.0030989149,-0.0024252462,-0.07034213,0.02966827,-0.05016432,0.030908428,-0.02856237,-0.02493455,0.007981122,-0.07740519,-0.029015882,0.038811907,-0.019539371,0.026765477,0.0029055844,-0.039950255,0.0058327946,-0.009183934,-0.0049671554,-0.010209333,0.06631158,-0.05784754,-0.010600202,0.014121843,-0.004277584,-0.030322121,-0.016143937,-0.021370038,0.012466051,-0.05046473,0.021137763,0.030901622,-0.009439524,0.03334273,0.06275294,0.01059569,-0.014087783,-0.09109611,0.031909216,-0.080398925,-0.009197012,0.04007588,0.014948751,0.01516988,0.025953135,0.028308656,0.029988065,0.015435694,-0.035701185,-0.026218485,-0.08146765,-0.10285296,-0.0040323045,-0.03294701,0.0016313213,0.056997605,-0.04120634,-0.042163953,0.030876791,-0.010878161,-0.05068652,0.04462097,0.028784638,0.0576114,0.000607692,-0.03919235,-0.019304717,-0.014356982,-0.011992263,-0.023274947,-0.04196087,0.018778615,-0.006341669,-0.0062173754,-0.02325311,-0.048644762,0.010791784,0.0028964393,0.025508251,0.009477387,-0.027229633,0.049772948,-0.016810326,0.04366879,0.029436534,0.004935047,0.04624457,-0.028979624,0.08714389,-0.015906226,0.04473199,0.019841315,0.0037256184,0.017304623,0.017317135,-0.050583754,0.06710408,-0.06104444,0.079310276,0.006700406,0.05681471,-0.02795334,0.018269865,0.00847349,-0.057987045,0.028253281,-0.067681804,0.024306694,-0.029089224,0.0053615943,0.020963652,0.05755571,-0.021035643,0.0012255266,0.0049565667,0.0049523776,0.029855149,0.011821868,-0.016678834,-0.01974097,-0.014680191,0.008984869,-0.021790395,0.038151704,-0.014272829,-0.013277874,0.0046024458,0.033235557,0.014957881,0.03140618,-0.02423704,-0.033213172,-0.015292728,0.026182294,0.06427028,0.07098356,0.020500613,0.04292329,0.015601984,-0.024425074,0.018409064,-0.021693025,0.04188287,-0.08548349,-0.04473353,0.02336109,0.021200627,0.006552682,-0.015135213,0.06564005,-0.022521619,0.014482602,-0.00993473,-0.02820908,0.017160455,-0.026099252,-0.0039020136,0.044547997,-0.034793,-0.022986388,-0.016756408,-0.028289098,-0.06712461,0.019105852,0.02290104,-0.08020009,0.029035818,0.020769954,0.022273084,0.039072488,0.05266693,-0.048810627,0.0038013728,-0.06646633,-0.025147546,-0.023217512,-0.023210827,-0.002338053,0.029458338,0.017139098,0.052663904,0.0118500665,-0.03990719,-0.044856273,-0.014341067,0.059885625,0.04620748,0.007447387,0.035375074,0.028645145,-0.040787365,0.028893633,-0.039966997,0.013609884,-0.01183112,-0.020358248,0.01768169,0.014974112,-0.025996841,0.0036840253,0.04003897,0.03825984,-0.07276025,-0.0049935807,0.049519002,-0.044938292,-0.017411252,-0.069283195,0.004175693,-0.033249557,0.004435704,-0.011045308,-0.03690873,0.0009845605,-0.025644898,-0.042986657,-0.0062817903,-0.0024457173,0.031233337,0.0012711094,-0.04869654,0.030835725,-0.029998474,0.033799678,0.012812309,0.0112228785,-0.011210551,0.05193934,0.028964233,-0.026562499,-0.042808257,0.040368788,-0.010983111,0.029733393,-0.028082607,-0.0029142168,0.019236317,-0.031345937,0.02971256,-0.031169305,0.023737298,0.0036122291,-0.037628185,0.006053057,0.042619687,0.009680268,-0.006076766,-0.011070942,-0.009541328,0.004111441,-0.09913968,0.047057994,-0.044285785,-0.016581206,0.022173129,-0.052225072,0.012920328,0.0014081798,0.024636734,0.03556843,0.003933494,0.0018643317,-0.003381896,0.013974648,0.074372485,-0.00857557,0.0034589448,-0.030822696,-0.03261749,-0.018229721,-0.077959135,0.073133826,-0.04103043,-0.0026663265,0.016673125,-0.034051295,-0.008097187,-0.015216854,-0.0036969725,0.060943495,-0.014249209,0.011109773,0.05630715,0.015856296,0.0053487765,0.037319805,-0.013909573,-0.037613753,-0.008022377,0.048305113,-0.006218229,-0.058473684,0.017034164,-0.0004489406,0.02797874,0.08297265,-0.025241189,0.025578974,-0.065972775,-0.06303243,0.048754603,-0.006013427,-0.057088356,-0.030081065,0.013041589,0.018629415,-0.033218563,-0.025555147,0.008348569,0.0526723,-0.023375284,-0.03281028,0.03278517,-0.029872762,-0.04090488,-0.0034357281,0.015905647,-0.026431695,-0.005771445,0.023500528,-0.005150011,-0.052185647,0.047137484,-0.009623358,0.050076734,-0.0073666214,0.020541267,-0.048321508,0.0108686015,0.06693018,0.015850434,-0.042723842,0.01710964,0.055447683,0.037468836,0.006940197,0.002388208,0.0024690023,0.042404886,-0.019457893,-0.021950725,0.01003324,-0.022661632,0.030328788,-0.01770299,-0.004521818,0.015392444,-0.054614544,-0.0059261555,0.010323744,0.016323807,-0.0116641,-0.0027007146,0.05819504,-0.040736582,0.02762774,0.00029761603,0.015724674,-0.05029549,0.03540029,0.013567864,0.01664759,-0.009646189,-0.0028899182,-0.034897357,-0.03684084,0.0050600516,0.055478316,0.005941028,0.001027956,0.04182961,-0.020591347,0.024914004,-0.027966246,-0.0035357128,-0.037609838,0.0035135217,0.0003423178,0.020100497,0.0367516,0.032112766,-0.030904375,-0.015316117,-0.014736664,-0.03248121,-0.027154827,0.015298176,-0.02853052,0.0060955384,0.011856031,0.021380495,-0.0025096363,-0.034011576,0.0020126123,-0.02985813,0.022661883,0.0038533094,-0.019125976,-0.0030847685,-0.028244916,0.041925088,-0.025879214,0.048983395,0.0259405,-0.010571655,-0.03947361,-0.04260256,0.027560871,-0.01945996,0.044125702,-0.019870766,0.037288357,-0.03715417,0.089991026,-0.008136476,0.020778565,-0.008680684,0.034139507,0.039237555,-0.0355159,-0.072075225,-0.04988521,0.05574362,0.0042053466,0.045286015,0.019607276,0.05618511,0.027606286,-0.04092324,0.017574925,-0.053922303,-0.01622386,0.053152543,-0.002231899,-0.052058015,-0.024155468,0.0029170974,0.07361053,-0.0050852387,-0.027423093,0.053713948,0.032179944,-0.04535823,-0.084302336,0.02291613,0.03568823,0.014264675,0.024185125,-0.00070975866,0.030420814,-0.01786413,0.0058411444,0.02972794,-0.035942752,-0.024701707,0.013650122,-0.029212855,-0.010341666,-0.012037454,-0.021347294,0.060544383,0.043060616,-0.08658819,-0.029593958,-0.013888916,0.03238044,0.024178876,-0.0018855336,0.005575958,-0.0040116548,0.03903628,-0.01473669,0.02867324,-0.03410333,0.016852701,0.013287038,0.03839933,-0.06184838,0.016177438,-0.11544731,0.025087334,0.036314406,0.0025319178,-0.01832437,-0.028390046,-0.03118604,-0.052448805,-0.07231944,-0.012185505,-0.0040047145,0.0038934983,0.02273894,-0.008556697,0.03216778,0.014760641,-0.04614237,-0.048920453,0.016518371,0.057556417,0.0066590235,0.07545318,0.019907618,-0.023845186,0.028927565,-0.078656584,-0.0022562244,-0.078182064,0.0030454043,-0.03337937,-0.0017251843,-0.028866,-0.024310248,0.058612466,0.079270415,0.05528611,-0.0506853,0.000865157,0.023146175,0.08268575,0.014185915,0.0023105163,-0.034467336,0.00669781,0.075745665,0.033121232,0.01704748,0.07585652,0.043624863,0.021066923,0.038311064,-0.026612503,-0.071295194,0.0945336,0.0141521925,-0.0033665139,0.013767195,0.07290735,0.014503032,-0.008583013,0.027317535,-0.02393013,0.022715302,-0.01769284,-0.023308814,-0.010996227,-0.00062058546,0.027229631,0.023160748,-0.0066150906,-0.00090618513,0.0501891,-0.047592696,-0.008091033,0.001755027,0.031879436,0.020978786,0.006033658,-0.04328525,-0.035404764,0.0070105945,0.04562816,0.034991417,0.038974103,0.03217168,-0.0308913,0.03366211,-0.043846097,0.020789681,-0.027564406,-0.0034439878,0.0076565216,-0.050704345,-0.0062706354,0.017070333,0.0018007876,-0.004562403,-0.017912611,-0.005201767,-0.04370497,-0.010086732,-0.0014104916,-0.015705429,-0.042729296,-0.015943373,-0.0058474187,-0.06873701,0.03614072,0.01163964,-0.018381713,-0.021552509,0.014567089,0.05455035,-0.009498661,0.05313412,0.02467187,-0.002792603,-0.01175999,0.0018707288,0.00760707,-0.028378347,-0.049571726,0.0092048375,-0.00019539944,0.038130544,-0.060417384,0.014113126,-0.017517798,0.004865095,-0.0030483112,-0.030899478,0.03796939,-0.004055179,0.000689208,0.046669416,-0.0060094516,-0.0024202121,0.041349344,-0.031456396,0.034633886,0.027011579,0.10112929,-0.0034761664,0.016183173,0.0829482,0.010271492,-0.035382636,-0.03526764,0.0222102,0.013582004,-0.060287226,0.033389427,0.0676394,0.028512089,-0.039601374,-0.030338166,-0.0047760853,-0.03717601,-0.08489657,0.019417444,-0.023806775,-0.026765384,0.037478555,0.007555745,0.071925566,0.023798095,-0.07580241,0.030611796,-0.0020663273,0.00094388326,0.02587551,-0.066754796,0.018895106,-0.039063327,0.0016992438,0.009986242,-0.06813822,-0.046006355,0.047594808,-0.039179288,0.011472335,-0.020815779,0.038565554,0.0030953118,0.011650396]', '{"chunk_size": 500, "chunk_index": 4, "document_id": 12, "chunk_overlap": 50, "document_title": "健身教练团队"}', 210, '2026-05-16 00:00:43.754435');
INSERT INTO public.knowledge_chunk (id, document_id, chunk_index, content, content_hash, embedding, metadata, char_count, create_time) VALUES (152, 12, 5, '## 教练服务承诺

1. **专业指导**：提供科学、安全的训练指导
2. **个性化方案**：根据您的身体状况和目标定制训练计划
3. **全程陪伴**：训练过程中全程陪同，确保动作标准
4. **营养建议**：提供饮食营养建议，帮助您更快达成目标
5. **效果追踪**：定期评估训练效果，调整训练方案', '20bf6a4f8963251ab1b5628816e0e7d8', '[0.003842199,-0.0051926575,-0.024514103,0.0026029488,-0.030935684,0.01846187,-0.011507979,0.041039832,0.0285579,-0.06832302,0.0023243604,-0.040615536,0.077360086,-0.026356693,0.038131822,0.053086836,0.011988918,0.087617904,-0.112472765,0.05244012,-0.030857768,-0.0026852398,0.002281713,0.0030104807,-4.5479097e-05,0.020253766,0.007997399,0.042130187,0.04187229,0.0042370134,-0.017589048,-0.010865015,0.018254874,0.009390438,-0.0027921102,0.006150453,0.021625351,-0.025675014,0.027371861,-0.00038951027,-0.05935742,0.0876555,-0.050473467,-0.022739036,-0.012580589,-0.029683717,0.009903641,-0.0066586784,-0.006477492,0.010252786,0.018959166,-0.019088874,0.010961211,0.08264447,-0.028075563,0.01933051,0.0026355244,-0.014289185,-0.017016914,0.004281037,0.0038297714,-0.026543297,0.054337796,0.005450262,-0.02620795,0.004662887,0.00041977203,0.005524689,-0.00924178,0.11659562,-0.018123113,-0.02411204,0.0064058057,0.01586391,0.1297387,0.078135714,0.015590458,0.00017777726,0.0045334254,-0.050198324,-0.006975911,0.017623868,0.013163596,-0.018890126,0.10327313,0.032399446,-0.01894438,-0.06328433,0.070851065,-0.020362783,-0.022801846,-0.0078061693,0.010481429,-0.005415368,-0.03516507,-0.008920502,0.019197598,0.011433295,-0.012671535,-0.010885245,0.03412144,0.009068156,-0.0022423768,0.033238005,-0.00026280584,-0.02310905,-0.026822366,-0.013850745,-0.06031943,0.05761557,-0.05029115,-0.042190067,0.0051555373,-0.061932996,0.009043082,0.054011814,0.01273179,-0.017401535,0.038464323,-0.0015358762,0.03178248,0.0015100008,-0.023358189,-0.06856072,0.059575237,-0.026330989,-0.0065253787,0.015570945,0.01989839,-0.020292541,-0.012967282,-0.07201539,0.011172172,-0.008492625,-0.024268819,0.03709054,-0.0044013076,-0.0055797445,0.073512584,0.05489881,-0.0036503426,-0.09883979,0.010697386,-0.023731675,-0.05965623,0.018698609,0.0145681985,0.007853003,-0.004617272,0.03121721,0.10635423,-0.0038234852,-0.019632977,-0.054391578,-0.039784446,-0.063842,-0.003931236,-0.060394593,0.003057097,0.0017287118,-0.03501661,-0.01556904,0.017424857,0.0486911,-0.010594157,0.067577265,-0.0011024907,0.05746468,-0.021362336,-0.057024214,-0.043372326,-0.008424485,-0.00030960236,-0.054059945,-0.051656414,0.0068705026,-0.040085413,0.0049027307,-0.023798369,-0.028900318,-0.009607718,0.0014618024,0.041653033,0.007980253,-0.041363657,0.05740764,-0.050279394,0.07523628,-0.04603095,0.032371897,-0.0061505847,-0.022158213,0.10085169,-6.7515284e-05,0.013896803,0.027617732,0.019027505,-0.0042641102,0.007205744,-0.04284239,0.015202602,-0.0073633133,0.067571044,0.05286231,-0.0038189255,0.0414931,-0.031821996,0.010528363,-0.031822328,0.011579997,-0.044611704,0.06618755,-0.030717961,-0.030487064,-0.0020649193,-0.021324825,-0.048694603,0.024125673,0.023948424,0.033896405,0.015670199,0.027691763,-0.016436523,-0.0040391837,0.0016728481,0.031114278,-0.023441605,0.044267617,0.018300148,0.03669406,-0.015262963,-0.0146839395,-0.04711044,0.0831679,-0.03049228,-0.008798977,-0.013040916,0.018926488,0.05396755,0.02672253,-0.020238735,0.04345371,0.0019626895,0.012482815,-0.019673282,-0.022294248,-0.036324903,-0.07071899,-0.026455892,0.0025419192,0.023410158,-0.039879758,-0.03381242,0.04483687,-0.0488963,-0.0121256495,0.009433319,0.0064548296,0.0451275,-0.021530107,0.032118417,0.007912612,-0.033879638,-0.028138323,-0.028902486,0.015425106,-0.0382735,0.0060950187,-0.027321214,-0.059760768,0.02957925,0.048391048,-0.004992028,-0.015296011,-0.036424585,-0.0046101273,-0.00740056,-0.08041126,-0.008855016,0.004510726,-0.025232913,-0.01232106,0.02202877,0.010570554,0.00031247173,0.04389293,-0.0469699,-0.031638984,-0.019619685,-0.004278219,-0.0020311764,-0.0011482461,0.0985141,-0.03556957,-0.024607286,0.05430261,-0.051321097,-0.007648609,0.0021939347,0.021620523,-0.006480867,0.029900916,-0.030191774,0.012275932,0.03497795,0.0501132,-0.10191019,-0.00049741595,-0.012320573,-0.021669868,-0.022002315,-0.016553974,0.015812587,-0.021356925,0.06399253,-0.014249075,0.0049383966,-0.06675226,-0.002768127,-0.02977817,-0.0036239098,-0.011012248,0.043542933,0.07615145,-0.022819549,-0.058916934,0.008378894,0.008418052,-0.027059177,0.0032051024,-0.037335366,0.039883703,0.040198267,-0.062050033,-0.027765539,0.03971513,0.0080627985,0.0537961,-0.035746507,-0.0088102855,0.03247206,0.010255732,0.025451897,0.02400923,0.040658697,0.024413614,-0.03706098,0.008081519,-0.02170527,-0.045838706,0.032655854,-0.03314851,-0.040652394,-0.024355253,-0.07012575,0.04933254,-0.013603857,-0.013064543,0.023491327,0.043968666,0.00071206084,-0.0049263514,0.03175473,0.043106887,0.039447572,0.018296087,0.003766806,-0.007829323,0.041198526,-0.0298653,0.06356341,-0.01518487,0.009182569,-0.062490333,-0.03208729,0.06317082,0.013333341,-0.011724081,0.046990413,-0.010550674,-0.027127542,-0.02122019,0.0072082602,0.024751345,0.017656824,-0.039346874,0.035727225,0.004647894,0.027614748,-0.012058715,0.050186135,-0.022750443,0.0104014585,-0.003517371,-0.0020315878,-0.07097716,0.01570878,0.029245967,-0.0042570103,0.05948375,-0.03543554,0.012434983,-0.07673658,-0.0027193215,0.015427127,-0.007200939,-0.03028207,0.061182965,-0.011794518,0.0011061955,-0.03486483,-0.08940552,-0.011973082,-0.032448273,0.018516868,0.01575068,0.047812216,0.000116722586,-0.044717528,0.012600878,0.0014999328,-0.038676497,0.0718016,0.060235657,0.009549548,0.028009547,0.015446051,-0.011222573,0.055638168,-0.022246322,0.030760963,-0.022429425,0.024958838,0.04240432,0.03182762,-0.026461927,0.060472537,-0.00027045453,-0.012201049,0.032155264,0.009535241,-0.0036447053,-0.04234628,-0.034711126,-0.035271823,0.017884228,-0.02371736,0.00093185465,-0.010606714,-0.014902382,0.0504571,-0.04025484,0.025631795,-0.0035967769,-0.0043754983,-0.017368173,0.01905254,-0.0041501205,-0.065460905,-0.032110862,-0.003222193,0.011093118,-0.0055840653,0.0031438307,0.014946965,0.0044260686,-0.00012581784,-0.06205793,-0.09928955,0.059795387,0.015164687,0.009956903,-0.0108003095,0.018106453,0.00089536665,-0.028521452,-0.008133051,-0.021954197,0.03545468,-0.04525103,0.028323129,0.03645674,-0.008526464,0.0020594017,0.0520429,-0.04018191,-0.028180365,-0.05917961,-5.7043468e-05,-0.046371356,0.035228867,-0.031147113,0.0065639946,-0.030722179,0.020541983,0.012755862,0.013044615,0.008327945,-0.06600598,0.03488321,0.0046289377,0.009847762,0.011824987,0.037174795,0.0020855402,0.0063729803,0.01845363,-0.0066577243,-0.06780679,-0.015701087,-0.04167585,0.013052552,0.0052658156,0.026179524,-0.07932439,0.012912993,-0.010438474,0.06724207,0.019499362,0.010944214,-0.008763881,0.022992896,-0.03461033,-0.055145066,0.0075210067,0.03184592,0.020175641,0.025109751,0.032878675,-0.026506787,0.004664794,0.013953189,0.03692487,0.040433824,-0.0033867967,-0.021659324,-0.019090567,-0.04668355,-0.016146157,-0.032518532,0.059195843,0.022293737,0.03437803,0.006856248,0.060033873,-0.043760497,-0.011315941,-0.06338378,0.0057483823,-0.010315482,0.01776062,-0.012863978,0.010605844,-0.0069903606,0.038196795,-0.019756086,0.0490664,-0.01040988,0.030991802,0.012304831,-0.08738179,0.0058487654,-0.015701786,0.03443247,0.0003738959,0.027371004,-0.055012614,-0.045676757,-0.025541034,0.04500804,0.011237676,-0.0024625103,0.01683867,-0.041973084,0.0045939838,-0.012601478,-0.00026653084,-0.015845248,0.08728066,-0.03450712,0.04712598,-0.02888913,0.07930847,-0.0017766398,0.059991483,0.03324407,0.018784324,-0.021152738,-0.024584604,-0.023072818,0.005110846,-0.029479135,-0.07275123,0.02781904,-0.038996976,-0.024081467,0.032699514,0.009022599,-0.008891516,0.012729463,0.0144640235,-0.0048725996,-0.0062185726,-0.02370886,0.024414655,0.028006608,0.01912773,-0.0034669556,0.009829456,0.009898372,-0.0618552,-0.07105067,-0.008510619,-0.016918087,-0.038224,-0.043619365,0.06306792,0.042542726,-0.009211827,-0.07913983,0.022941716,0.089836255,0.090645716,-0.025442772,0.02652614,-0.03272154,0.03748369,0.0045988467,0.024851758,0.011869825,0.076799795,0.07746792,-0.010262169,-0.025619674,-0.01418588,0.0021712303,0.018153217,-0.055405986,0.042228054,0.010481033,0.041626528,0.005094408,0.025501443,0.107450396,-0.03940701,0.040856145,0.021413006,-0.02841507,-0.008882507,-0.034745865,0.021669902,-0.018437985,-0.013183808,0.04081486,0.03277996,-0.011845267,-0.04015465,0.0072176107,-0.020473009,-0.01668265,0.050162133,0.019185126,-0.0023060613,0.04007364,0.017848896,0.07315898,-0.021886533,0.029418478,-0.03498208,-0.0067091887,-0.070493944,0.045490786,-0.049264904,0.003380877,0.012537724,0.0063544954,0.019238694,-0.03589193,0.008332389,-0.014703662,-0.045390673,0.03516625,-0.03282292,-6.4155145e-05,0.021973051,0.021539653,-0.025310008,0.04969805,0.012922831,-0.042662103,0.102510355,0.035796568,-0.024239931,0.036336306,0.06806142,-0.010427704,-0.01379721,0.042907972,0.040954918,0.008452691,-0.018086147,-0.0035774182,0.003086445,0.0053860894,0.011474172,-0.010681016,0.049599312,0.010034379,-0.030058939,-0.005842268,-0.040133104,0.015613029,-0.010861118,-0.031952538,0.037271503,-0.04042841,0.033844825,0.05360665,-0.023043364,-0.06564489,0.021891363,-0.02495635,0.032820135,0.013227489,0.02686281,0.031709135,0.074656434,0.06873422,-0.0071871593,-0.034798514,-0.03810066,0.015616837,0.03511747,0.0054857736,0.020457882,0.054935057,0.03787513,-0.02514797,-0.06403138,-0.04954188,-0.024488237,-0.06445824,0.047500476,-0.008231206,-0.047407053,0.043009985,0.038687397,0.061895397,0.091476835,0.0022018356,-0.02256388,-0.031120146,-0.017806206,0.023142543,-0.03338261,0.0022617895,-0.053565443,-0.020470304,-0.009699825,0.027046464,0.0032230103,-0.0118668135,-0.0100648515,-0.0038436053,1.3870165e-05,0.0590872,-0.040760893,-0.029809497]', '{"chunk_size": 500, "chunk_index": 5, "document_id": 12, "chunk_overlap": 50, "document_title": "健身教练团队"}', 154, '2026-05-16 00:00:43.808868');
INSERT INTO public.knowledge_chunk (id, document_id, chunk_index, content, content_hash, embedding, metadata, char_count, create_time) VALUES (131, 10, 1, '## 器械使用规范

1. 器械使用前请确认器械状态正常，如有损坏请及时告知前台
2. 使用自由重量器械（哑铃、杠铃）时，请注意周围人员，避免碰撞
3. 大重量训练时，请尽量有人陪同，或使用保护装置，避免受伤
4. 器械使用后，请将器械归位，哑铃放回哑铃架，杠铃片归位，保持场馆整洁
5. 禁止长时间占用器械玩手机，单次使用有氧器械不超过 45 分钟（高峰期）
6. 禁止私自拆卸、调整器械，如有需要请联系工作人员

---', 'eaee4de2e3c3c800215d09522b02e129', '[-0.0025678591,0.007094906,0.0039915154,-0.012249824,-0.026037473,-0.05157481,0.010113395,0.016409976,-0.023549855,-0.10129485,-0.032262877,-0.05235213,0.040249284,-0.039749496,0.06829307,0.057520404,0.03818775,0.072885975,-0.078496136,-0.013934189,-0.013319172,0.013127375,-0.016496493,0.0250637,-0.0003957014,0.07553244,0.0023938897,0.07318487,0.014188717,-0.056781135,0.00011949441,-0.01463492,0.0074627576,0.0018979659,-0.027079308,0.02657979,-0.011660396,-0.012320872,0.045047212,-0.028240554,-0.01834783,0.056703147,-0.061396264,-0.05979137,-0.0017629268,-0.025045276,-0.015053333,0.0046264874,-0.00010832906,0.05851755,-0.06404419,0.010460487,-0.021550644,0.044844117,-0.0186652,0.02160045,-0.00083321496,0.03744779,-0.0452988,0.05693246,-0.037580494,-0.004387116,0.01894879,0.047780182,0.014867842,-0.0685722,-0.023876464,-0.0017830578,-0.011312724,0.0861809,-0.011392492,-0.07008467,0.0027807406,0.015356996,0.12055326,0.019088542,-0.019856233,-0.01879619,0.07102482,-0.0010953544,0.031621866,-0.009215661,-0.035030358,-0.0016970207,0.08937863,-0.0143082,-0.033175044,0.0028049916,0.050038826,0.01359626,-0.028653001,-0.037260786,-0.011440022,0.05097591,0.005252187,-0.0045992387,0.00010463294,0.014088764,-0.07466952,-0.031710025,-0.014494904,-0.051133383,0.010840642,0.0036554013,0.02251384,0.021517206,0.0015093533,0.010849032,-0.034269992,0.004952741,-0.04161205,-0.016824022,-0.0025809035,0.0036888008,0.032385513,0.0073878095,-0.056883007,0.013520026,0.008172201,-0.02954324,-0.047784034,0.05892945,-0.022736706,-0.009229807,0.0437972,-0.039625518,0.052824818,-0.014980486,-0.023494843,-0.03268534,0.016913595,-0.0017539294,-0.057873618,-0.030722376,0.012118131,-0.00147512,0.026281975,-0.02185013,0.028467907,0.0018452718,0.06227362,-0.03238038,0.028108468,-0.044609513,-0.02583395,0.08796195,0.020837221,0.017203309,-0.00968819,0.059574325,0.06296812,-0.071262695,0.0063134073,-0.01883161,-0.04311551,-0.03868741,-0.025417892,-0.005902186,0.03330123,-0.00070742203,-0.035266206,-0.02115353,0.06683374,0.030026205,0.033482093,0.059186533,0.011496939,0.06356322,0.0059465817,-0.021449909,-0.026972996,-0.07005589,-0.021039765,-0.022905292,0.0068321833,0.034261994,-0.039305866,0.0501352,0.0031928143,0.011044384,0.0029061853,0.025306774,-0.00810461,-0.006871359,-0.00070736645,0.023419602,-0.044462573,0.014378392,-0.0339238,-0.029588563,-0.009965638,0.0268842,0.09142436,-0.020229615,-0.046297777,0.0019120985,0.012610582,-0.05778508,0.04461161,0.00040697586,0.008099701,0.076947406,0.040098157,0.008958078,0.047225304,0.019499121,-0.0048641474,0.017771645,-0.11057951,0.0076314327,-0.043207224,0.0897082,0.00812696,0.014475392,-0.0075287772,0.048278052,-0.06672732,-0.005579151,0.008254516,-0.03614718,0.0021371678,0.000105139254,-0.028442316,0.008402507,-0.0028562325,0.043405697,-0.07215442,0.016602278,0.011885039,-0.003662852,-0.05890941,-0.026365744,0.036528554,0.061881155,-0.046462588,0.009414016,-0.008383073,-0.034452073,0.046058957,0.032239906,-0.005988992,0.05070823,0.015229587,0.01924051,-0.006654784,-0.074457675,-0.013994784,-0.024514688,0.03246834,0.040425986,0.03589397,-0.021310132,-0.049634773,0.031202095,-0.045125786,0.0047074887,0.040674753,0.01298596,0.024373205,-0.020897547,0.051323123,0.015085977,-0.0006750635,-0.027874747,-0.0071978923,-0.050299708,-0.030426227,0.0033418736,-0.09100455,0.0034948352,0.025172448,0.00043336724,-0.015487232,0.010279823,-0.08023174,-0.0154915955,0.007503726,-0.03836733,-0.00609823,-0.040111046,-0.016904632,0.020063043,-0.04794826,0.016556446,0.0239869,0.032494437,-0.05895116,-0.054394234,-0.031146018,0.0037514202,-0.022010788,-0.040830605,0.022244355,0.017776724,0.0013911948,0.059508048,-0.02567901,-0.019132456,-0.02404191,-0.010789588,0.0016191978,0.041107986,0.03462796,-0.00916456,0.028372131,0.024377992,-0.023759622,0.065392174,-0.006528022,-0.026602104,-0.025941167,0.0026006235,-0.015832072,0.011317045,0.080668315,-0.09363442,-0.009142185,0.005898543,-0.063304506,0.009390224,0.027203152,0.014372753,0.05407439,0.03276752,0.010510575,-0.03443099,0.013701241,0.01502536,-0.050871175,0.043664712,-0.017078118,0.032675773,0.018911267,0.0004325086,0.010373729,0.0075840643,0.029223226,-0.021028325,-0.026155265,-0.010569243,-0.0021899613,-0.011601921,0.041367054,0.008898555,-0.016375773,0.04875362,-0.007519341,-0.0035978474,0.007079019,-0.020846706,0.034644365,0.012263147,0.015902216,-0.023539804,-0.01102807,0.019806579,-0.030275173,0.0062825168,0.014365684,0.011890485,-0.015826315,0.02518581,0.07237952,-0.010679021,0.10554104,-0.0280499,-0.007832978,0.061312985,-0.009522961,-0.020103185,0.036464617,-0.059183553,0.013118883,-0.056651674,-0.053078845,0.077589594,-0.047090393,-0.018883564,0.013965645,-0.043103393,-0.0047267145,-0.057976898,-0.042010557,0.016341917,0.1021711,-0.016218552,-0.013922735,-0.033017002,-0.0381201,0.032966718,-0.014313632,0.028917037,-0.015156218,0.005821928,0.022983521,0.0014744868,-0.009972501,0.048238,-0.03239557,0.040282764,-0.033553835,0.033260677,-0.08454269,-0.06339837,0.058104098,0.021557659,0.010801116,-0.00017650305,-0.046682924,-0.0071507166,0.0075663696,-0.029107142,-0.068511955,0.043180898,-0.0019490665,0.05451725,0.018021297,-0.00705737,-0.008572093,-0.016522817,0.0030103978,0.017157296,0.062269945,0.01584652,-0.039018318,-0.010704422,0.043154616,-0.05689273,0.011516603,-0.08174572,0.025491606,0.02573562,-0.0058807377,0.035391085,0.04741224,0.014389229,0.019644016,-0.009658693,-0.0046732556,0.053477056,-0.02379082,-0.00064452476,-0.018224956,0.0058750696,-0.050090943,0.028887061,0.023621265,0.025669888,0.010734594,0.0088226525,0.025090896,-0.017639766,0.016931288,0.022129769,-0.006136277,-0.025830971,-0.001079904,-0.005128174,-0.04844337,0.011069366,0.033196595,0.023956344,0.003820201,0.020377005,0.04249491,0.02660075,0.030966574,0.028000368,-0.10325687,-0.022409728,0.029463124,0.050093405,-0.028775785,0.039767,-0.04782968,0.01851832,-0.00016032354,0.002711506,-0.0077334796,-0.04195606,0.031864177,0.0123840645,0.029652245,0.050123755,0.04682383,-0.046620686,-0.036676243,-0.001357816,0.015094437,-0.0025590744,0.013359587,0.015819011,-0.006302355,-0.01607618,0.032376572,0.024446797,0.003974515,-0.013573916,-0.04468597,0.041277967,0.0065601002,0.01692841,0.0046966355,0.039454717,-0.050244506,0.054804847,0.010303743,-0.04847963,-0.022527738,-0.030671034,-0.018799888,0.002764345,-0.011580366,-0.05179441,0.010770183,-0.012251724,-0.047216453,0.07130925,0.06251297,-0.030239984,-0.022692231,-0.037147626,0.046478525,-0.0310489,-0.03308471,-0.03616687,0.00461765,0.046814553,-0.019730454,-0.026647814,-0.0025926286,-0.010289548,0.0010441329,0.040132143,-0.02868833,-0.026699167,0.022427626,0.0409308,0.02467874,-0.023511592,0.030156983,-0.058601383,0.047629446,0.004118183,-0.0034037363,0.022380317,0.019669648,-0.075552605,0.035373867,-0.0010059164,-0.03068376,0.03094444,-0.012290709,-0.010101947,-0.018294133,-0.022712061,0.041690737,0.008299203,0.0041114944,-0.015792789,-0.10705656,-0.010666591,0.021580879,0.024457034,-0.019201031,0.030443195,-0.035164494,-0.05666216,-0.02580832,0.00033501754,0.010191373,-0.04348875,-0.052083634,-0.00053559814,0.0048964657,-0.028805688,0.029006949,-0.02001521,0.03245992,0.03534008,-0.014057686,-0.019924842,0.02575587,-0.010244212,-0.03269253,-0.020147292,-0.021078289,-0.020971106,-0.05222379,-0.043637186,-0.007768969,-0.023614708,-0.011430089,0.03249562,-0.022831218,-0.05411281,0.007811602,-0.000960896,0.015351002,0.03054045,0.00774217,0.009265648,-0.035683747,-0.047393046,0.035372727,-0.009483043,-0.01917983,-0.04816819,0.038070183,-0.012004003,-0.058451395,-0.014785402,0.015432953,-0.029910484,-0.050480746,0.035882078,0.0011494404,0.047923226,0.017715344,0.022610385,-0.048737854,0.012751509,0.045141116,-0.07620304,0.049943227,-0.0042502396,0.007190735,0.070362374,-0.06334702,0.021639325,0.06490356,0.015242787,-0.00050489214,-0.03397058,-0.057558913,-0.051648308,0.09531989,0.02959328,0.054019623,-0.032847475,0.07835611,-0.030951388,0.011563212,-0.011349766,0.0019557236,-0.0006509156,-0.007706043,-0.041948788,0.024281085,-0.027734792,0.019080814,-0.009170098,-0.0013213331,-0.0013691089,-0.007295752,0.023681723,-0.019940145,0.030146357,-0.0067793354,-0.034343947,0.04246308,0.00309296,-0.014680109,0.018550085,0.0288557,0.04778712,0.04800389,0.06639414,0.017106459,0.008005704,-0.0481972,0.051871415,-0.059652183,-0.0072969003,0.023456637,0.050991513,-0.033956587,0.013631138,-0.0060268366,-0.07324085,0.035137065,-0.030032508,-0.049606916,0.032850027,0.05200934,-0.008876284,-0.0034759098,-0.025599489,-0.033418052,-0.06145261,-0.01519873,-0.013805729,-0.04007481,-0.0061667846,0.04076131,-0.011794739,-0.036983546,0.013789238,-0.00588588,0.046151914,0.022445636,-0.039479863,0.034623034,-0.009358565,-0.067687646,0.011294073,0.051352903,0.011873337,-0.01659467,-0.009722335,-0.019253828,0.003569876,-0.0015840308,-0.046023384,0.053265497,-0.013182397,0.025015902,0.04217134,0.005225686,0.025702592,0.0005043792,0.008616565,0.01467934,-0.0223932,0.047722563,0.03412736,0.0715443,0.014545577,-0.009496783,0.040526755,0.007852079,-0.014037515,0.0648987,0.01141723,0.06845906,0.13149518,-0.0054655853,-0.010171741,-0.040550288,0.0012937221,-0.0077005425,-0.04236385,0.02988426,-0.016294299,-0.08972054,0.015815733,0.059522517,0.026073964,0.074017465,0.0023657654,-0.044507395,-0.00091895944,-0.06596587,0.011210054,-0.005442376,0.03228874,-0.014252169,-0.04622189,0.016318033,-0.043735832,-0.019624786,-0.038967986,-0.024808137,0.00540439,0.033738703,0.07443749,0.021624288,-0.009645896]', '{"chunk_size": 500, "chunk_index": 1, "document_id": 10, "chunk_overlap": 50, "document_title": "场馆使用"}', 212, '2026-04-13 00:25:23.851068');
INSERT INTO public.knowledge_chunk (id, document_id, chunk_index, content, content_hash, embedding, metadata, char_count, create_time) VALUES (132, 10, 2, '## 储物柜与配套服务

### 储物柜

* 储物柜为免费临时使用，当日 23:00 前需清空，禁止长期占用
* 储物柜钥匙押金 20 元，离场时归还钥匙可退还押金
* 如遗失钥匙，需赔偿 50 元钥匙与锁具费用

### 淋浴间

* 淋浴间为会员免费使用，请勿长时间占用淋浴间
* 请自带洗漱用品，场馆不提供一次性洗漱用品
* 禁止在淋浴间内洗衣、洗鞋

### 饮水与补剂

* 场馆提供免费直饮水，可自带水杯接水
* 场馆前台可购买运动补剂、毛巾、洗护用品等

---', '45b349efc1c8ff5ed4c94590d1d129bf', '[-0.02833835,-0.010762122,-0.014304535,-0.019580755,-0.070834026,-0.028520802,-0.054112278,0.046676274,0.034441583,-0.022953127,0.00414188,-0.07696863,0.0023379468,0.022769416,0.049770378,0.08216331,-0.017159812,0.04801501,-0.14512824,-0.0025702056,-0.036445916,-0.038181253,-0.026809264,-0.058431976,-0.043064278,0.048791837,0.032977957,0.05635865,0.015764348,-0.04476364,0.017634612,-0.03956206,0.005107576,-0.052166123,0.019154692,-0.03904198,-0.012653479,-0.060619097,0.08543631,0.006833042,0.029059498,0.09915252,-0.026166303,-0.01906674,0.013286311,-0.0147236,0.019351473,0.034798883,-0.01566496,0.066130415,0.011602111,0.08812931,-0.03593927,0.03681498,-0.04680369,0.020809405,-0.029563256,-0.017687913,-0.022717826,0.04122375,-0.03387952,-0.040952314,0.0143293785,0.0014379937,-0.005154686,-0.033136517,0.006132804,0.035397947,-0.0020491318,0.11161583,-0.020979645,-0.04236873,-0.042686284,0.01220398,0.14177755,0.04776248,-0.06147668,-0.057171017,0.03905269,0.0166089,0.035042167,-0.072958566,-0.016888468,0.00815229,0.014247201,-0.03201249,-0.051180456,-0.05284164,-0.010696678,-0.0036812003,0.03642176,-0.022830335,0.055386156,0.05050334,-0.014121829,-0.011215529,-0.025806194,0.027815435,-0.068130285,-0.0023885611,-0.019307353,-0.047194555,-0.0034561246,-7.479337e-05,-0.0006734687,0.010614047,0.011525873,0.015428864,-0.0052734697,0.055351622,-0.03765618,0.0055270717,0.0015341425,-0.0135064805,0.034120798,0.01333483,-0.03407261,0.018219324,0.024793169,-0.04048701,0.027902246,0.031994876,0.009643005,0.008208844,0.009350602,-0.01622571,0.04284943,-0.041114338,-0.020182004,-0.014806278,0.0024778324,0.020596726,0.0006409467,0.020235319,0.03583124,-0.0018461116,-0.017568573,-0.024769103,0.04136482,0.017825816,0.02427433,-0.04498145,0.015762558,-0.015505684,-0.017340371,0.05327783,0.0146408435,0.026099596,-0.031622995,0.05161362,0.09189567,-0.0037345483,-0.028084228,-0.030722663,-0.035650063,-0.04811672,-0.06595259,0.04841588,-0.029004982,-0.012979836,0.0200184,-0.037785232,0.0719721,0.049391598,-0.027462868,0.0457783,0.01148496,0.029294258,-0.0074238866,-0.035373274,0.008398749,-0.03387377,0.0111197615,-0.036728896,-0.03878743,0.023139078,0.00020543417,-0.010223088,0.052348007,0.026897108,0.010195666,0.056479905,-0.006086699,0.008850921,-0.020319493,0.046994075,-0.0030410602,-0.00041739075,-0.07457194,-0.06165101,0.053718828,0.013922465,0.033105522,-0.036279954,0.008889291,0.0069449227,-0.009709356,-0.01997393,0.027092414,-0.001313254,0.048236325,0.04773112,0.037330307,-0.021412557,0.012548127,0.014278363,-0.02643804,0.021361351,-0.08145271,0.008592252,-0.08492739,0.016061293,-0.0048077237,0.0018360246,-0.02828781,0.03989435,-0.05823595,-0.00014832296,0.0070125978,0.03946708,-0.023268573,0.031171603,-0.047312815,-0.014342066,0.013489887,0.026785523,-0.029784236,0.02165825,0.033301894,0.006845397,-0.022448674,-0.02680501,0.0064631915,0.03676604,-0.06535396,-0.0136656,0.010805437,-0.07806004,0.010384582,0.016117895,0.01354009,0.026622979,-0.018448254,-0.011450367,0.004373611,-0.029811868,0.002455567,-0.073941216,0.024172068,0.03001991,0.029608821,-0.046900745,0.021470986,0.064271875,-0.04857224,0.01866727,0.036903974,0.0061761094,0.026258057,-0.0491508,0.041213647,0.031459007,-0.04798624,-0.046408847,-0.027768714,0.01608696,0.010455295,-0.0511885,-0.10421916,-0.002881787,0.027041746,0.025163364,-0.032873273,0.022872126,0.008033218,0.0038810635,0.035002317,-0.06038393,0.023500938,0.01947656,0.005554173,-0.008130849,-0.0016674395,0.0023791404,0.05163624,-0.026567036,0.040717337,-0.04352741,-0.015934424,-0.011233836,-0.007854155,-0.013726539,-0.007421526,-0.011071059,0.0033168993,0.047990464,-0.061513577,-0.027513433,-0.044652626,-0.014922541,0.010807308,0.043070592,-0.009004621,-0.033584908,0.04539497,0.025969638,-0.016108342,0.008817362,-0.026463795,0.0036077637,-0.0151327755,0.016775506,0.00955146,0.020662775,0.07697059,-0.053750776,-0.024866259,0.011274797,0.001910326,0.014649906,0.03846334,0.053885184,0.033217944,0.0070850146,0.005584,-0.062190995,0.034430593,0.012641247,-0.06304711,0.059737157,0.00369166,0.014446798,0.019358482,0.024592495,0.03662389,0.05269627,0.046159014,0.027513985,0.018748973,-0.03828736,0.009755631,0.01983152,-0.026146736,0.021517316,0.058373258,0.027965248,-0.018808248,0.00026333245,0.025636926,-0.030703358,0.059308235,0.004372584,-0.048581664,-0.03494351,-0.07092591,0.07007546,-0.0154204145,0.026583325,0.024235394,0.007422532,-0.028886825,0.03490876,0.05656993,0.03688962,-0.0063070166,0.015396475,-0.007993193,-0.023893949,0.03125667,0.011075177,0.061454203,-0.020836255,0.020511957,-0.04461873,-0.018703885,0.027485926,-0.021648483,-0.009268036,0.011024235,-0.01686595,-0.02282373,-0.028302955,-0.022686318,-0.006377088,0.0353983,-0.0039673415,0.0243864,-0.062056746,-0.038851436,-0.019647272,-0.004474612,-0.0073194704,0.0008541127,-0.043666307,0.02223981,-0.007635022,0.025474228,0.0016906899,-0.0064394134,0.068484984,0.036994405,-0.014726472,-0.106810905,-0.030463263,0.03211077,0.008289738,0.0088645965,0.0072911796,-0.048291292,-0.034422632,0.0030916696,-0.03328911,-0.042824816,-0.021402119,0.022467773,0.035999738,0.057962675,0.048657306,-0.010947231,-0.029908894,-0.009507741,-0.014063422,0.005909078,-0.014967828,-0.028295945,-0.0044979258,0.012449247,0.006408767,0.030876286,-0.022344386,0.011224717,-0.04256451,0.045895226,0.04054834,-0.007012397,-0.049956523,0.00066912296,0.043934908,-0.025953189,0.025068406,-0.022773437,-0.0033865948,-0.04390083,-0.01771464,0.0063553145,0.011114011,0.0015136824,0.046396077,0.023277981,-0.013038045,0.030492306,0.043238074,0.0055192015,-0.0034844712,-0.058772136,-0.043851104,0.0048485775,0.071384914,-0.059887007,-0.015766928,0.002091387,0.025474278,0.01570592,-0.02829544,0.027451102,0.042900383,0.030748371,0.0037752467,-0.07728893,0.013097884,0.026648436,0.052579693,-0.03281945,0.071917556,-0.02914362,-0.049478654,-0.04687517,0.0024808513,0.0007240744,-0.016296074,0.0072011887,0.011422189,0.011074341,0.018950598,0.030905815,-0.025651447,-0.05422916,-0.052554388,0.0785401,-0.013677816,0.049977787,-0.048198722,-0.01543105,0.0111778835,0.028905278,0.07979307,0.056497134,-0.0333916,0.0116869435,-0.002013957,0.010922584,0.012096689,0.008540792,0.042810503,0.033367626,0.005244749,-0.020546135,-0.007697323,-0.046223007,-0.019923491,-0.026014514,-0.0260066,-0.018581787,-0.012107192,0.010600839,0.018886926,-0.036189433,0.08361364,-0.006142051,0.020597499,-0.0012241671,-0.044076983,0.0057485355,0.001450208,0.0057083247,0.022430686,-0.033435192,0.013322051,0.023682311,-0.011049708,-0.015345336,-0.011266527,-0.04725707,0.04571699,0.03713024,-0.026225263,-0.006469076,-0.018404236,0.017814396,-0.008780781,0.0016240942,0.012665246,0.019965261,0.06711063,-0.02747059,-0.044737693,0.042594668,-0.070360705,-9.052428e-06,-0.020688834,-0.011459383,-0.0010767739,-0.028472878,-0.03970255,0.010802323,-0.0049918843,0.019272441,0.006311126,0.03756378,-0.0024972688,-0.096681006,-0.048960607,0.015042341,-0.035645213,-0.0053221663,0.025290644,-0.044229902,-0.0072840867,-0.031387564,-0.0013088261,0.054652102,-0.05853224,0.016397713,-0.028865067,0.0014955951,-0.07319135,0.0058141993,0.021688327,0.048357654,-0.04970951,-0.012202639,0.019084964,-0.0064879055,0.011232891,0.030303052,-0.025679361,0.04264452,-0.01494648,-0.08510243,-0.0012384094,0.07294195,-0.0372006,0.0071483236,-0.008889171,-0.045765344,-0.025239956,0.025111545,0.035765514,0.015894175,0.012286922,0.018490296,0.029761834,0.01951964,-0.059517786,-0.026541263,0.04923383,-0.04431023,0.02022994,0.032008402,-0.047253992,-0.0348998,-0.017221238,-0.014494544,0.037842467,-0.029104391,0.006364547,-0.010343734,0.09260819,0.009432294,0.03069558,-0.04609049,0.030782066,0.027641298,-0.05502168,0.04438197,0.010613622,-0.0028874679,0.019568771,-0.046751957,0.033182427,0.05523567,0.07337105,0.026380675,-0.015026949,-0.014785163,-0.037372027,0.068494014,0.04661178,0.026096374,-0.023011072,0.08226787,0.00073417206,0.004108926,-0.022258187,0.034926564,0.018248515,-0.050382502,-0.035107713,0.0120950015,-0.08214129,0.037067648,-0.058496226,-0.038634095,0.010105967,-0.05216169,0.054909162,-0.028575052,4.797325e-05,0.012950407,-0.024601636,0.052397415,0.046472244,-0.019463852,0.0003371939,0.042929325,0.06944738,0.00046402906,0.024117688,0.03177763,-0.045528784,-0.062098846,0.0108993,-0.061971903,-0.017542535,0.03188967,-0.013477784,-0.042100914,-0.031332545,-0.002859325,0.019844772,-0.0006947911,-0.017024456,-0.051831298,0.04606876,0.0040583787,0.033465542,-2.584294e-05,-0.02798843,-0.014861377,-0.030501269,0.014336565,-0.0075500295,-0.018000498,-0.035791535,0.021156017,0.009757862,-0.031402685,0.024476333,-0.011138478,-0.008317645,-0.012840763,-0.008692637,0.054937515,-0.020239955,-0.034042414,0.006607806,0.041163087,0.052953873,0.0014395351,0.011955706,-0.0043201917,-0.02432146,-0.037179735,0.00040630405,0.05813453,0.0021488797,0.016615586,0.01835596,-0.052083336,0.016036417,-0.02604504,0.010063432,-0.0062378137,-0.024979508,0.05130736,0.014429864,0.064488195,0.08354288,0.040480535,-0.016498655,0.0024596474,0.01585735,0.040391516,-0.030428488,0.025930097,0.04891515,0.042983525,-0.008291229,-0.025449196,0.015058588,-0.02867211,-0.04674335,0.0262797,-0.09837847,-0.050171,0.00023411187,0.021945639,0.0018597477,0.1061894,-0.02016214,-0.02436219,-0.03241425,-0.08112917,0.024486301,-0.002765048,0.04202069,0.011323852,-0.026725726,-0.052911393,-0.04054462,-0.04964976,0.0062075285,-0.034174744,-0.023024766,0.025009809,0.035849176,-0.0038483473,-0.052950036]', '{"chunk_size": 500, "chunk_index": 2, "document_id": 10, "chunk_overlap": 50, "document_title": "场馆使用"}', 239, '2026-04-13 00:25:23.900491');
INSERT INTO public.knowledge_chunk (id, document_id, chunk_index, content, content_hash, embedding, metadata, char_count, create_time) VALUES (113, 7, 0, '## 位置与营业时间

* **场馆地址**：天津市津南区建国路 88 号现代城负一层
* **营业时间**：周一至周日 6:00 - 23:00（法定节假日正常营业）
* **前台联系电话**：400-888-9999
* **官方微信公众号**：FutureFit·未来健身空间健身中心

---', 'd9d5c4ae9cda74838907bf6007c0345e', '[-0.048124637,-0.07346724,0.03139273,0.019061156,0.0023040252,-0.05314827,-0.006759577,0.02343017,-0.029605942,-0.0453977,-0.021449719,-0.026672885,0.04190216,-0.05082167,0.0574813,0.042050414,0.057459474,0.012632782,-0.048420962,-0.0006222784,-0.052413393,0.0133275045,0.059164032,-0.021389775,0.025806163,0.07724147,0.003405553,0.008527643,0.006180393,-0.001329898,-0.005385488,-0.030498713,-0.0024484408,-0.011329236,-0.01166464,0.030233908,0.03376757,-0.005319832,0.07588351,0.01670263,0.004248193,0.006353989,-0.048772298,-0.029590895,0.062689796,0.0041537625,0.02775469,-0.016743498,-0.01086118,0.059540067,-0.023618093,0.094492614,-0.010264685,0.07401004,-0.024278622,-0.019362982,-0.072162375,0.03397095,0.014187088,0.06500735,-0.051705476,-0.07942614,0.023621965,-0.0068301456,-0.0053371396,0.00841266,-0.027815225,-0.0024739357,-0.036587577,0.063701086,-0.0061749257,-0.0021276965,-0.022651708,-0.033799093,0.07196414,0.041570265,-0.024639074,0.0015252804,0.027891379,-0.013549725,0.009748641,-0.053576536,0.00048459164,-0.04402269,0.039715514,-0.014685505,-0.043573353,-0.039693598,0.051795248,0.009706687,0.053996053,-0.0082703205,0.054339737,-0.007781798,0.011360619,0.027053231,-0.08328378,-0.005143868,-0.03807602,-0.044600043,-0.07952669,-0.088846624,0.026751887,0.01149314,0.025048984,-0.058215223,0.035183907,0.046183884,0.0087580485,0.019241178,-0.018185906,-0.052327793,0.01432716,0.013966334,-0.0070714336,0.00074350793,-0.059488807,0.034538303,-0.0041772686,-0.031340264,-0.033970967,0.04260612,-0.0008740821,-0.025512794,0.048141904,-0.012045652,0.002856879,-0.017839646,-0.0036740103,-0.03334346,0.0065393643,0.032298777,0.020347683,-0.048404522,0.00986067,0.0071937544,-0.03525088,-0.036436036,0.011650187,-0.0005248248,-0.0009100549,-0.03934671,-0.009778329,-0.08348468,-0.0232962,0.07967941,-0.016034504,0.004504127,0.0076741185,0.04229559,-0.00068985124,-0.04054865,-0.033952303,-0.03545352,-0.0035120177,0.036986567,0.0036622828,0.03970304,-0.014897754,0.060876314,0.040829323,-0.005433344,0.05230559,0.039823823,-0.030648826,0.014755533,0.008955675,0.041613646,-0.017058166,0.026081545,-0.040071324,0.020568268,0.017239736,0.010476686,-0.04867606,0.0474292,-0.005886656,0.029398423,-0.028311836,-0.022579,0.013240568,-0.042201366,-0.00338112,0.012733879,0.0037555653,0.010279761,-0.003460097,0.03652815,-0.016630942,0.003470787,-0.011709812,0.005477421,0.12195622,0.02628516,0.004943561,0.016674753,-0.0055349553,0.03068232,-0.029626742,-0.09117432,0.021235023,0.047398537,0.0540741,0.0019290948,-0.007605182,0.0011173148,0.029202458,0.03881018,-0.07496147,-6.836124e-05,-0.05592365,0.021217199,-0.083651915,-0.0022982839,-0.02223448,0.00042384226,-0.018198466,0.031374462,-0.004960106,0.006084377,0.027034948,0.0108433515,-0.06522076,-0.024194833,-0.035251066,-0.0004789459,-0.06265277,0.024087103,0.014816843,-0.005892837,0.003643155,0.0033950624,0.0024659734,0.066798985,0.016155275,-0.013059053,0.03462225,-0.02396162,0.040772863,0.015959522,0.018210907,0.085344,-0.016346008,-0.049078263,-0.038628098,0.00078522123,-0.014098914,0.008085812,0.0066746483,0.042448394,0.039744683,-0.04057946,-0.03065602,0.04409257,0.043848105,0.0021110645,0.05683478,0.0024375531,0.01858022,-0.031115424,0.023215277,0.03546731,-0.0006416165,-0.03991909,-0.02586625,-0.089878954,0.03716177,-0.019427676,-0.04131006,0.046724696,0.03278846,0.019982077,-0.011206819,0.050524417,0.02910944,0.03494759,-0.006993987,-0.036485974,-0.054632623,-0.008894226,0.026817124,-0.029300768,0.016981915,-0.0027886312,0.029765157,-0.010597849,0.009922667,0.006601116,0.039130338,-0.058066215,0.010263795,0.026189327,0.036653336,0.023516893,-0.037332993,0.013040476,0.019627048,-0.06250862,-0.04286324,0.020806758,-0.018717041,0.045876805,-0.023059918,-0.007354516,0.030296564,-0.0052863616,0.02899232,0.048946314,0.002828175,-0.071013354,0.0056996373,0.015599345,-0.030708244,0.005961788,0.03647063,-0.011618642,-0.02809254,0.0091341175,0.011664223,0.005439233,-0.0049243816,0.047173873,-0.012324473,0.025154376,0.06899737,0.0615189,-0.023558674,0.010692424,-0.03964361,0.047625165,-0.015011698,0.051066846,-0.030321501,-0.0014277234,0.037819467,0.054326087,-0.022133067,0.019576875,0.048872914,-0.001012648,0.059937906,-0.019934973,-0.0024315186,-0.017867833,-0.023574324,0.056583658,-0.022295367,0.024904331,-0.025088562,-0.04736343,-0.010197843,-0.0016617487,-0.02514312,-0.015146703,-0.05594284,0.023400463,-0.051453624,-0.0025193542,0.013208895,-3.8340477e-05,-0.00494709,-0.041090775,0.06456401,-0.031218294,0.06026188,0.01610773,0.03370399,0.028551806,0.034690257,0.0360225,0.05735693,-0.055945635,0.001652589,0.0034539695,-0.005389315,0.028208273,0.0059721884,0.013574595,0.0030986348,-0.052306622,-0.0063764877,-0.012332865,0.070599474,0.02024867,0.0084758075,-0.010237682,0.06796016,-0.010923581,0.0025632763,0.029582513,-0.02584807,-0.07600711,-0.0017491542,0.0040529207,0.0416075,-0.0029207254,-0.011195566,0.054640714,0.0031780715,0.10504686,0.015012786,0.025755152,-0.035275392,-0.036415786,0.0076182135,-0.018528372,-0.043684185,0.016664801,-0.07113222,-0.0047567217,0.040652636,-0.045812827,-0.03818353,0.053307407,-0.005193262,0.021252617,0.024597012,0.09448696,0.01567949,-0.029929169,-0.017342651,-0.0387367,0.04847432,0.010180333,-0.023918666,-0.069369406,0.06113494,0.0060886545,0.028960334,-0.075609826,0.01981745,0.0011567239,0.0073775686,0.016175099,0.028250974,-0.0065874807,-0.047329456,0.039841287,-0.0030912966,-0.018031947,-0.028439196,0.007512972,0.044997912,-0.00077611546,-0.031155651,-0.017991723,0.0034184195,0.004456439,0.054082837,0.00018649665,0.07995066,-0.010960837,0.0009862646,0.012254632,-0.05597043,-0.017694518,-0.019887965,0.058551952,-0.067695454,0.0046777157,0.034073908,0.010260954,-0.0026095472,-0.014586448,0.029630076,-0.008843313,0.023811877,-0.006608369,-0.075903185,-0.026907463,-0.0063009486,0.031251207,-0.014262063,-0.010927737,0.04629486,0.019477695,-0.05993159,0.0067901523,-0.007864495,-0.039652113,-0.026274277,0.011719958,0.0068100356,0.028273808,0.035176147,-0.022558883,0.010667503,0.015625197,0.056319937,0.046643067,0.05000581,0.023372091,0.005691155,0.022664249,0.005906823,0.051366698,0.01899791,0.026663233,-0.04047529,0.055960443,0.06575125,-0.026355611,-0.007079696,0.008426883,0.013486829,0.06439561,0.07051608,-0.003015541,-0.05057079,-0.00335431,-0.05209109,-0.017941859,-0.008486774,-0.043339588,0.03836607,-0.0353038,0.015575177,0.0054241517,0.05596861,0.0054190275,0.008205551,-0.07200104,0.04221684,-0.011553508,0.017725471,-0.046096914,-0.0355273,0.0078500435,0.03574226,-0.049193356,0.08597418,0.0025175642,-0.049061242,0.015760992,-0.0053631323,-0.049493153,0.016112657,0.0015082607,0.039947018,-0.018745176,0.06042476,-0.007691501,0.0016756157,0.02647624,-0.0064475345,0.009947002,-0.0040899315,-0.021187335,-0.013534885,-0.02777246,0.017779702,0.003882995,-0.041917697,-0.047400232,0.00065397,-0.04255388,0.036849838,0.0077359523,0.04260733,-0.0046390593,-0.026667912,-0.026951084,0.013994677,-0.07952339,-0.00982842,0.005759616,-0.011770014,-0.025024261,-0.009016367,0.010096375,-0.01600792,-0.059282407,-0.011519488,-0.009901841,-0.026529662,-0.0047932854,-0.022521738,-0.011089514,0.018055627,-0.04956429,-0.018679298,-0.021295747,-0.04898986,0.02769293,0.003996178,0.0040034717,0.05064413,-0.06596541,-0.019747939,-0.052735575,-0.014919624,-0.04917683,-0.014968828,0.044841327,0.013724475,0.017240668,0.107526295,0.058478855,0.018739808,-0.00022411552,-0.015779959,-0.052055337,-0.001914623,0.012378731,0.013340926,0.013288021,-0.056337405,-0.0033192514,0.031799592,-0.017137067,0.011358021,-0.02426917,0.058885537,-0.014834943,0.026814956,-0.02369322,-0.03642735,0.06966282,0.01882366,-0.015885472,0.009088133,0.031741254,0.0011766356,-0.038920306,0.088457346,-0.019665994,0.085053764,0.07428007,-0.011791591,0.00081561983,0.020952987,0.001911637,-0.0013497841,-0.03243478,-0.04419424,0.034589645,0.009718992,0.06568056,0.025250556,0.01995594,0.116309926,-0.0030779399,-0.048807304,-0.06895908,0.008645044,0.0234533,0.009754267,0.0366683,0.020457456,-0.0134416465,0.008615837,0.046189245,-0.051985476,-0.010328589,-0.009371092,-0.03739328,-0.057525676,-0.027523324,0.024461674,-0.054532044,0.014370938,0.064557314,0.0030988546,-0.025938595,0.056012545,0.051759887,0.024859143,0.021763433,-0.04373843,-0.03667427,0.018305223,0.043314643,-0.072737984,-0.041628633,0.061669853,-0.007074394,-0.005959461,-0.010971237,-0.026067711,0.066833235,0.037297525,-0.027345255,-0.014906914,0.04468115,0.04151633,-0.06049577,-0.023747934,0.018294213,0.011748323,-0.0406992,0.0036301834,-0.028923715,-0.01665159,0.047776077,-0.010889188,0.058068518,-0.007790187,0.029392056,-0.024315333,0.035275023,-0.004833978,0.010034585,-0.01641979,-0.005652878,-0.051186465,0.0052752956,-0.025712505,0.06228953,0.019397134,0.06244622,0.030470647,-0.017904341,-0.051999252,-0.014252402,0.08069494,0.0061630323,0.004617851,-0.0017160488,-0.0011723572,-0.053363588,-0.012220366,-0.0059174947,-0.0033272905,-0.01126826,0.027944103,0.02687488,-0.016096238,0.058094516,0.017886352,-0.025800832,-1.5004693e-05,0.010163889,-0.031171333,-0.078104936,0.0309269,0.059569567,0.051488534,0.02261457,-0.0105029885,-0.008407831,-0.06580753,-0.008859881,0.05162666,-0.041694313,-0.0569133,-0.010335328,0.021909667,-0.012422738,0.07278535,-0.031085303,-0.016848737,-0.0028595563,0.005070857,-0.030460704,0.042887293,0.04704106,0.053703006,-0.04819572,0.011931556,-0.06315516,-0.06498307,0.0050070183,-0.037755407,-0.024445528,0.034073506,-0.0032415616,-0.0048867394,-0.03999962]', '{"chunk_size": 500, "chunk_index": 0, "document_id": 7, "chunk_overlap": 50, "document_title": "健身房场馆基础信息"}', 150, '2026-04-12 23:54:45.718644');
INSERT INTO public.knowledge_chunk (id, document_id, chunk_index, content, content_hash, embedding, metadata, char_count, create_time) VALUES (114, 7, 1, '## 场馆设施

场馆总面积 1500㎡，配备齐全的健身设施与配套服务：

### 1. 自由力量区

配备哑铃、杠铃、卧推架等专业力量器械，满足增肌、力量训练需求。

### 2. 固定器械区

涵盖全身各部位训练器械，新手友好，安全易操作。

### 3. 有氧区

跑步机、椭圆机、动感单车等，配备独立影音系统。

### 4. 操课房

宽敞明亮的团课教室，可容纳 30 人同时上课。

### 5. 私教区

独立私密的一对一训练区域，配备专业功能性训练工具。

### 6. 体测区

专业体测仪，可精准分析身体成分、肌肉量、体脂率。

### 7. 配套区域

独立更衣室、淋浴间、储物柜、免费饮水区、补剂售卖区。

---', '0ffa316faf373b7d907824927d446173', '[0.023626544,-0.06324836,-0.027080845,0.027147284,-0.04800039,0.014893885,-0.011624914,0.0020718905,0.0092362445,-0.0689648,-0.01366713,-0.07372712,0.044546157,-0.0048876926,0.082942285,0.021823471,0.001371019,0.08531102,-0.109349325,0.0029969085,-0.016171427,-0.011265825,0.027227942,-0.034628134,-0.020852664,0.022865273,0.0068303877,0.028506182,0.01088974,-0.018051917,0.0199342,-0.009130201,0.024793226,-0.0360857,-0.014095347,-0.0015175868,0.010888386,-0.03281568,0.03476207,0.023879958,-0.04207145,0.06557389,-0.02756675,-0.02749133,0.0013654582,0.0024363103,0.05975756,0.014560778,0.0145911295,0.012781938,-0.001956888,0.033399887,-0.027072731,0.035604477,-0.07423821,0.022987071,-0.02129661,0.038419686,-0.011885297,0.078708515,-0.012762282,-0.02827341,0.03557622,0.0006137003,-0.011424324,-0.0322472,-0.018666318,0.012066755,0.0033891709,0.12869689,-0.01854669,-0.05408384,-0.02931517,0.007294978,0.096246965,0.066055365,-0.021606218,-0.029946264,0.030777587,-0.021241035,0.020466534,-0.04402206,-0.019772803,-0.004124596,0.070125625,-0.0064356183,0.0063656718,-0.07582956,0.0033502474,-0.015513997,-0.0032187786,-0.050574254,0.027062073,0.06433464,0.029120158,0.032133523,-0.010926625,-0.0076290024,-0.028738406,-0.0656236,-0.04316379,-0.062284034,-0.022149693,0.043774392,0.03865374,0.045306057,-0.006961388,0.069080666,-0.02813181,0.0050219875,-0.05869394,-0.013995818,0.03577461,-0.014283599,0.0609592,0.01819573,-0.037048683,0.025305245,0.024778418,-0.00925056,-0.00010575576,0.047252662,0.003888366,-0.038448356,0.025463006,-0.041004166,0.036232743,-0.010065005,-0.0017441112,-0.019938294,-0.018805511,-0.02241221,-0.011840422,-0.03132294,-0.014247511,-0.032578148,-0.030003874,0.014432966,0.04727955,0.03851568,0.030375473,-0.10696607,0.011266204,-0.055205334,0.0010096198,0.09944468,0.04356961,-0.02929787,0.014666287,0.07623067,0.062765986,-0.035221443,-0.020212958,-0.019450162,-0.07398618,-0.04345674,-0.025101174,0.010802564,0.02332231,0.0011471441,-0.0014008819,-0.010333953,0.06772049,0.025585623,0.011095671,0.07265816,-0.008125366,0.05700263,-0.0030412034,0.030672299,0.013919604,-0.0177703,-0.00044870336,-0.00932116,-0.022108018,0.0061041727,-0.01162237,0.030346096,0.000733758,0.0054717916,0.01339959,0.032794908,-0.014183096,0.030698124,-0.01334907,0.019542146,-0.013925766,0.05780515,-0.028642982,-0.03516466,0.048857484,-0.040714797,0.11088804,0.010950147,0.04168263,0.03081098,-0.008176307,-0.038127735,0.0044049798,-0.012853594,0.0280559,0.07064549,0.1029577,-7.950467e-05,0.039278395,0.00048764862,-0.0126931295,0.017857837,-0.061397236,-0.004703495,-0.07016958,0.07592451,-0.010853022,-0.042306073,-0.037824504,0.044823565,-0.039208144,0.0033565732,0.009142241,0.060268838,-0.014200213,-0.005057361,-0.038512573,-0.02077277,0.03442617,0.007420409,-0.04419552,0.026638146,0.041364573,-0.017099354,-0.0099180695,-0.010369743,-0.011477073,0.07329151,-0.04381886,-0.06773718,-0.039575987,-0.014514697,0.017116293,0.016919795,-0.014495648,-0.0003544415,-0.0063372976,-0.005993239,-0.03307463,-0.026475549,-0.07288813,-0.00210573,0.004033417,0.019498285,0.011594367,-0.009433682,0.025986029,0.013323695,-0.049715295,0.01905637,0.0332127,-0.013856046,0.013560254,-0.0019619516,0.0008606997,-0.00062655745,-0.03873805,0.0065789362,-0.013573088,-0.047481555,-0.01022436,-0.0030082394,-0.06845785,0.015219895,0.06660318,-0.029236598,0.009927372,0.039690815,0.023043765,0.0050612534,0.017439272,-0.104484454,-0.0017792268,-0.008381178,-0.042881772,0.026416164,0.027981278,-0.021620946,0.07834852,-0.026455497,0.026129952,-0.0442362,-0.018859865,-0.009858865,0.013034316,-0.009394181,0.014866341,0.008461236,0.003300893,0.02327493,-0.05131088,-0.053818673,0.0041807126,-0.0065793586,0.035896845,0.055027187,-0.00017017791,0.004272255,0.016159179,-0.0060635787,-0.0411982,0.02926618,-0.0063884594,-0.007934605,-0.01497521,0.030523732,0.02622892,0.014014935,0.031783726,-0.008511271,-0.036475115,-0.034903087,-0.017590709,-0.011944783,0.04619759,-0.008735998,0.0056336545,0.03573776,0.024678187,-0.05394125,0.0131712435,0.08270546,-0.05585707,0.054277547,-0.008309616,0.082494445,0.010330837,-0.014634885,-0.007920399,0.018498616,0.021415273,0.078456745,-0.04655187,-0.007353794,0.03943791,0.009148201,0.02018903,-0.00028741665,0.02679943,0.0227126,0.04805147,-0.017626356,0.01663259,-0.025429767,0.0018408416,-0.006048789,-0.008335593,-0.0183325,-0.06657997,0.04903908,-0.044393674,0.004280715,0.017578311,-0.042759903,-0.010297009,0.008986584,0.034090362,-0.01887568,0.0026198206,-0.015227133,-0.0043482482,0.05501558,0.066561714,-0.03902161,0.0311362,-0.052703716,-0.018334635,-0.026290469,-0.03300057,0.07079843,-0.047181856,-0.031058976,0.008499387,-0.003360781,-0.0704019,-0.024282008,-0.01927794,-0.004320449,0.029118905,-0.0032994228,0.023083538,-0.009471001,-0.012635306,-0.009822164,-0.026437687,-0.021429118,-0.030919468,-0.0044996017,0.025449885,0.041083,0.034687676,0.038845148,-0.06056696,0.050130777,-0.003397103,-0.011433136,-0.11342951,-0.098834,0.028917031,-0.006669098,-0.0403403,-0.013920953,-0.06769793,-0.016644435,0.0014951341,-0.022611016,-0.020881234,0.0059750583,-0.05752738,0.05199835,0.056372356,0.058819607,-0.020486541,-0.041999605,-0.012439572,-0.02235486,0.06533976,0.015572802,-0.024514858,-0.0401576,0.03207633,-0.053518057,0.044255733,-0.07063587,-0.014472772,0.0067928196,0.0073100436,0.04899134,0.017759148,-0.0055559003,0.039888766,0.009420695,0.029648552,0.017621025,0.016815897,0.0051007466,-0.014648975,0.010141819,-0.016839786,0.03755806,0.0010211733,0.001829095,0.0389038,-0.0008473243,0.01509382,-0.025864532,-0.048231624,0.040439602,-0.04493809,-0.0064428486,0.01350227,0.023136552,-0.077016585,0.014098742,-0.021590428,0.05962397,-0.014306023,0.011566993,0.0629022,0.029623318,0.03216222,0.005615454,-0.059831504,-0.009622748,0.011230308,0.035304062,-0.0312573,0.02227754,-0.02398897,-0.022507569,-0.027679043,0.022491153,-0.015278558,-0.063562125,0.012605019,0.040635116,0.006896275,0.032738328,0.0408119,-0.042726688,-0.03950336,-0.018895177,0.03315936,-0.008641031,0.027642872,-0.029066777,-0.0052525606,0.008359901,0.010279811,0.007003986,0.050982088,0.038130473,-0.022674732,0.032137617,-0.006162333,0.022337735,-0.01877462,0.041702837,0.037019137,0.03554231,0.03624916,0.0031192626,-0.004857485,-0.04737785,-0.07162592,0.0131710945,-0.012903177,-0.0009556308,0.022261634,-0.031893063,-0.037985984,0.05197965,0.03896849,0.007612348,-0.040894724,-0.0061083413,0.023482015,0.0114091635,0.00694953,-0.04248742,0.023902064,0.06664321,0.038611118,0.012889817,-0.006199353,-0.0125323795,-0.010923169,0.004871779,0.05875385,-0.039049644,0.01910606,-0.0170554,0.029646657,-0.052657414,0.059459317,0.0019109716,-0.019698173,0.03846296,-0.021485478,-0.014857922,-0.016533354,-0.054175984,0.0634691,-0.039847113,-0.04878925,0.03870516,-0.029812887,-0.038891867,0.029324679,-0.035135332,0.031647317,0.019084737,0.026443688,-0.019240063,-0.07071806,-0.045579907,0.00012477729,0.010993087,0.045203686,0.029003879,-0.026314186,-0.04268552,0.021310871,0.033995304,0.049296983,-0.018633133,0.014931608,-0.013337097,0.032444626,-0.030347228,-0.0029886588,0.015624393,0.07118523,-0.02529592,-0.015374359,-0.028102858,0.008536409,-0.016593775,0.017239582,0.0035216343,0.004662821,-0.0458539,-0.026273388,-0.0064217937,0.034885447,-0.07480483,-0.027250675,-0.001641467,-0.020979017,-0.016377347,0.05135688,0.022021282,0.0033318652,-0.011520209,-0.012354363,0.008281139,0.016780498,-0.024676478,0.021183444,0.027146386,-0.039282154,-0.004586248,0.0036563468,-0.006828176,-0.04456011,-0.051023707,-0.035425857,-0.028798442,-0.009038115,0.023441486,0.003881391,0.067092516,0.07555388,-0.0015158362,-0.009063968,0.027360134,0.042542398,0.006950914,0.05473023,0.003352917,-0.00048412062,0.039960876,-0.054574504,-0.0002541991,0.057532668,0.03193567,-0.034906384,-0.0012081468,-0.03466463,-0.02557623,0.023733541,0.07076961,0.00541597,0.0032167349,0.095663756,0.024537854,-0.01145586,-0.0044071903,0.012383275,-0.02341056,-0.049307983,-0.016147938,0.009631106,-0.10328477,0.023822185,-0.03998471,-0.026100673,0.0112361545,-0.027355693,0.013360189,-0.011834717,0.04477416,-0.008314938,-0.046390057,0.030610789,0.0074835853,-0.007154516,-0.015593063,0.042814277,0.05720466,-0.01478877,0.011438656,0.0001112993,-0.04239642,-0.046565026,0.04217095,-0.05255598,0.0073190504,0.04456178,0.009555373,-0.040334694,-0.053343702,-0.052424986,-0.010961528,0.06040933,-0.017301977,-0.033484634,0.033361483,0.03915306,-0.0172551,0.022817519,-0.010738951,-0.016026659,-0.02669601,0.042153753,-0.007115807,-0.035799082,0.023112494,-0.01074783,0.021306038,-0.03288615,0.032043494,0.017649679,0.013184639,3.139581e-05,0.0047910786,0.025321284,-0.040334042,-0.027726572,-0.0044851727,0.037588485,0.03482564,-0.020064281,0.015366156,-0.002927252,-0.003387562,-0.031472474,-0.059127435,0.07496858,0.011093135,0.0015233979,0.0053449715,-0.034142774,-0.007473237,0.030017247,0.010207272,0.013128096,-0.013248418,0.046816308,-0.0073095625,0.080214985,0.05188348,0.0070983935,-0.028069835,-0.042768747,0.0352047,0.026378231,-0.057119932,0.06582281,0.07442132,0.042223737,-0.016791532,-0.011829535,0.027096055,-0.04300445,-0.056463506,0.028258316,0.0010293421,-0.06965725,0.017900165,0.0051171985,0.07643684,0.060808644,0.030758921,0.0050439946,0.025991296,-0.0463293,0.021780388,-0.0036474408,0.06567045,-0.030618522,-0.04431379,-0.0031298685,-0.04294483,-0.057338625,-0.023248622,-0.03665856,-0.071844116,0.07745756,0.046245333,0.008621921,-0.039058097]', '{"chunk_size": 500, "chunk_index": 1, "document_id": 7, "chunk_overlap": 50, "document_title": "健身房场馆基础信息"}', 319, '2026-04-12 23:54:45.80286');
INSERT INTO public.knowledge_chunk (id, document_id, chunk_index, content, content_hash, embedding, metadata, char_count, create_time) VALUES (115, 7, 2, '## 交通指南

### 公共交通

* **地铁**：乘坐地铁 1 号线至建国路站，B 出口步行 500 米
* **公交**：乘坐 12 路、35 路、88 路至现代城站下车

### 停车信息

场馆所在的现代城有地下停车场，会员健身可领取停车券，前 3 小时免费，超过部分按 5 元/小时收费。

---', '3f6d35c40df2cc292e502e6089048510', '[-0.02763285,-0.031915616,0.036055543,0.002512427,-0.014583699,-0.0024828494,0.004820277,-0.019526122,0.00070449134,-0.056128986,-0.020717854,0.0088549135,0.045960512,0.018894132,0.031277254,0.030692138,-0.007647271,0.025256094,-0.13216141,0.0077937134,-0.03871619,-0.010258775,0.035332356,-0.034953434,-0.01212307,0.07355157,0.020358363,0.012583144,-0.020515721,-0.052114177,0.012637655,-0.021494208,0.05004561,-0.0063690064,-0.025071926,-0.051703952,0.070645995,-0.029176522,0.054685287,0.00458804,0.002209447,0.09562719,0.03863334,0.005069182,0.07876886,0.002956861,0.06635029,-0.011322714,-0.039774347,0.023708375,-0.008140744,0.029379882,-0.050504718,0.079039924,-0.061323766,-0.0105618555,-0.013685806,-0.004464555,-0.019985205,0.050800595,-0.02748315,-0.018758357,0.009096096,0.038243998,-0.04056496,-0.04776949,-0.050791137,0.04678831,0.019702444,0.105606176,-0.009938474,-0.030699508,-0.033212163,0.0017540402,0.09381287,0.06401938,-0.05364584,-0.047690384,0.00597653,0.065769345,0.008051655,-0.063382946,-0.011049771,0.003756773,0.03234342,0.009267706,-0.011583426,-0.031187406,0.04297033,0.008386599,0.047335636,-0.018388093,0.03243696,0.00104822,-0.0019289742,0.0026729677,-0.074204236,0.008431535,-0.00840278,-0.06515358,-0.11932266,-0.0441074,-0.009689953,0.042766508,0.015552111,-0.008088428,0.015722895,0.018029701,0.00031953087,0.01463882,-0.04393387,-0.039624177,0.04684674,0.015081083,0.010738359,0.018544257,-0.035294347,0.0013542465,0.025413357,-0.04447297,0.06626274,0.0313919,-0.00056358875,-0.01479192,0.049792755,0.032538164,0.068634756,-0.016910601,0.03152822,-0.027633615,-0.012969024,-0.005461565,-0.029000234,0.019388365,0.024605017,0.006296337,-0.052383274,0.03857918,0.032908723,0.03499949,-0.040933996,-0.055880234,0.011553489,-0.046107806,-0.008813621,0.09226875,-0.011912797,-0.013045909,0.0032859428,0.04356463,0.03906927,-0.01098581,0.033074446,-0.024549726,-0.007964251,-0.010625595,0.014819916,0.059521407,0.0148586035,0.012087511,-0.009978601,0.017970305,0.035451006,0.04405019,0.015297232,0.05781901,0.03791243,-0.010084148,-0.0010333481,-0.006502558,-0.039648876,0.0011880281,0.012156271,0.007948197,-0.016682634,-0.047524583,0.049728643,0.06100051,-0.009371349,-0.002803347,0.017662818,-0.0078037465,-0.04529603,-0.03862911,-0.07025215,0.021392485,0.02300571,0.016869755,0.017296446,0.014137562,0.0325299,-0.030223608,0.07218338,-0.0010843427,0.0026659013,0.029735275,0.014779303,0.01526954,-0.009071734,-0.03853618,-0.0029922079,0.025731308,0.03662457,0.023586892,0.025867011,-0.012188796,0.0060746847,0.0008839635,-0.086176865,0.0021140517,-0.015601005,0.050457373,-0.013827651,0.015721092,0.04040301,0.057580657,-0.07147499,0.016689593,-0.007834853,-0.007963689,0.0038544317,0.019287568,-0.1103461,-0.06512233,-0.018005611,0.01510256,-0.012800596,0.006778701,-0.016488357,0.022539057,0.029240822,0.0016367498,0.017396238,0.09367437,-0.005018935,-0.0057690875,0.0011366823,0.025763126,-0.00686581,-0.011334546,0.023715388,0.043994173,0.033846222,-0.020459319,0.026677577,0.0036045136,0.011327186,-0.02964427,0.0066350335,0.049481943,0.016898202,-0.012261974,0.0044863396,0.04796775,-0.008102502,-0.009188226,0.06470424,0.0043178173,0.0028510317,-0.043837655,0.03983489,0.007269499,-0.003925302,-0.08055951,-0.023526674,0.0053885723,-0.041350167,-0.044019684,-0.033644326,0.020982405,0.04001142,0.06024633,-0.031612337,0.053724546,0.017141439,-0.065603904,-0.020933328,-0.07623888,-0.06325273,0.02076982,-0.011074498,-0.052515253,0.01928202,0.0056050033,0.059866,-0.025243903,0.05460268,-0.0036381793,0.019806696,-0.086030096,-0.036679838,0.024546836,0.0068316804,-0.025927193,-0.02569256,-0.008632326,-0.029245034,-0.055498097,-0.04008131,-0.025516583,-0.022357974,-0.010542733,-0.015080431,-0.0052755033,0.021191709,0.020190513,-0.0050775385,-0.039241154,0.04104343,-0.024600986,-0.027980937,0.0271467,-0.023469837,0.0065552713,0.023040494,-0.01730122,0.001437059,-0.0062462343,-9.118118e-05,-0.009665026,0.016868249,0.0005164513,-0.0021797055,0.017457478,0.03664459,0.003940928,0.018455733,-0.021221515,-0.030813765,0.046695232,0.01284274,0.08099344,-0.01939699,0.0034232498,0.03224235,-0.00030052126,0.036876056,0.03030605,-0.03425721,-0.050369617,-0.0003292734,-0.012420768,0.012693561,-0.04241038,0.00026120796,0.014199587,-0.037080582,0.014807586,-0.058034915,-0.10554357,-0.017971039,0.028416973,-0.055195294,-0.028904106,-0.05492406,0.039562277,-0.013748942,0.010881302,0.0041760243,0.009256899,-0.039248884,0.018944971,0.049494144,0.015661474,-0.013347441,-0.017251946,0.048621386,-0.007145954,0.09435507,0.00849016,0.055798795,-0.042507064,-0.016811052,-0.021865815,-0.011688926,0.084248684,-0.010516049,0.0012562312,0.03765231,-0.0023853695,-0.05163908,-0.03829239,0.016859448,0.03752475,0.005982962,0.06398318,0.04293465,0.015032515,-0.04827913,-0.047049608,-0.050171886,-0.00314038,-0.00074945815,-0.014373985,0.014222722,0.026056776,0.014594481,0.015672216,0.007620262,0.045870744,0.07364048,0.029497257,-0.064187326,-0.040270608,0.07247576,-0.0063859667,-0.0032357122,-0.015750209,-0.044764936,-0.004029746,0.024310278,-0.025005016,-0.014337197,-0.008605942,0.0020737285,-0.0052118297,0.028301723,0.015781842,-0.024493508,-0.03941733,-0.0022402895,0.010070509,0.05090816,-0.0004773431,-0.03479497,-0.07720126,0.06122826,-0.003663295,0.057991534,-0.03818333,0.025052665,-0.05330299,0.04063218,0.023546008,0.030449266,-0.062219847,-0.011599048,0.044544857,-0.011741601,-0.010539158,0.016314238,0.037805635,-0.010242449,-0.007044334,0.016301177,0.0052049453,-0.018538518,0.008776452,0.0436796,0.0019054489,0.010669047,0.00075585,-0.032664355,-0.0034958767,-0.03829948,-0.012805182,-0.0039184745,0.017040256,-0.030982269,0.02444423,0.01047481,0.0470012,0.017685428,0.024945192,0.0021471733,-0.022770118,-0.030342441,-0.058097087,-0.085783266,0.038847394,0.0006359156,0.04505197,-0.03311827,-0.036507405,0.038482368,-0.007148021,-0.027949208,0.0037024748,0.010138963,-0.035715897,-0.029150095,-0.014829224,-0.0038704302,0.02506294,0.015451538,-0.0031230939,-0.009726886,-0.04434545,0.096884325,0.022291174,0.058922447,0.011830629,-0.010092547,0.0690311,0.013600309,0.060949225,0.023217974,0.012629083,-0.06585581,0.0371188,-0.0017300566,-0.0069648796,-0.049471594,0.009027213,0.012321898,0.021395072,0.04492208,-0.031261846,-0.004574851,-0.06453109,-0.010333613,-0.046667762,-0.028124755,-0.024492651,0.012678771,-0.040712096,-0.010639628,0.047958832,-0.015245463,0.04595652,0.007983064,-0.07602414,0.054515157,-0.0019410865,0.02661041,-0.013114747,-0.06533445,0.015568732,0.030845022,-0.01851117,0.019133478,0.017480101,-0.00015004701,-0.00605191,0.006386026,-0.03558125,0.005304513,-0.0011150149,0.008538732,-0.0038113913,-0.022016779,-0.0049805683,-0.0102911405,0.031935174,-0.013676191,-0.01914419,0.015797814,-0.045318738,0.0076088584,-0.029126277,-0.012970412,-0.042558573,-0.009289119,-0.020722244,0.028669648,-0.017579608,-0.015148517,0.03765542,0.029070636,0.0081574265,-0.05048433,-0.013357863,0.0005419984,0.009405004,0.0067784726,0.016082363,-0.058494043,-0.014826887,-0.025254136,0.03163936,0.0022849566,-0.026364353,-0.021560483,-0.032010075,0.013047891,0.023191491,0.009042414,0.013714384,0.03124953,-0.042904038,0.0070184236,0.018445153,0.0018459742,0.045839317,0.041233484,0.019482723,0.004154482,-0.02832451,-0.06410883,-0.03528922,0.020918261,-0.044685945,0.017528007,-0.009297445,-0.0035698467,-0.022637872,0.086152285,0.053111088,-0.0035374805,-0.00052294816,0.0001305807,-0.041015647,-0.022617178,-0.045954242,0.015529838,0.008474602,-0.06378874,-0.047292393,0.021931248,-0.03471211,0.01210131,-0.042539634,0.064069174,0.0212565,-0.01830465,0.0033324633,-0.04629565,0.06739052,-0.015437872,0.03340382,-0.020090222,0.014882968,-0.033349667,-0.025064196,-0.008962169,0.03192067,0.07698286,-0.0033082229,-0.012642321,0.019027635,-0.014332582,0.014385139,-0.0045864717,0.0147328125,-0.01884064,0.030062117,0.050922,0.053401206,0.00042846985,0.08001348,0.07629732,-0.006706031,0.007949546,0.00876212,0.007050071,0.0059444467,-0.0059944196,0.01682604,-0.001784843,-0.068379425,0.035231523,0.015998775,-0.03392214,-0.037318412,-0.058554128,-0.016283507,-0.02440853,-0.051575933,0.0004096123,-0.03996824,0.023878288,0.012697864,-0.06438089,0.011442476,0.107248396,0.026082983,-0.0074429004,0.07152339,-0.027788417,0.020639524,-0.020817269,-0.0033587697,-0.107444964,0.027809016,0.07840194,0.038057145,-0.06021611,0.05290224,-0.06734118,0.008173695,0.057150457,-0.04669538,-0.012646468,-0.0066736625,0.04144632,-0.016073972,-0.04545099,0.0027825092,-0.042706586,-0.060599748,0.006145058,-0.029142778,-0.04497652,-0.03966179,-0.029178133,0.06290486,-0.034257233,0.059505217,0.0059547983,0.0053931833,-0.015451546,-0.06887849,-0.006997934,-0.002994826,-0.005249742,0.015999978,-0.0143780075,0.051896762,-0.010447415,0.016307352,-0.003700678,0.01496523,-0.016093997,-0.017657978,0.01853193,0.016372753,-0.0074664783,0.002345593,-0.011631399,-0.01807734,0.06942968,0.028059028,-0.012264038,0.029688654,0.024671806,-0.02012028,0.0937001,0.057215407,0.0934046,-0.05037989,-0.006671413,-0.01810575,-0.0023335225,-0.05452897,0.035427324,0.03526319,0.007166499,0.018577628,-0.037775226,-0.04177824,-0.060147423,-0.035896923,0.04360454,-0.08833259,-0.038500648,-0.045398254,0.012582847,-0.021464761,0.057068896,0.00605625,-0.040898874,-0.01689733,-0.09149915,-0.0040240404,-0.035645474,-0.011546266,0.004658605,0.02880225,-0.021385506,-0.055239033,-0.01750551,0.0141915465,-0.056432236,0.009138986,0.007710581,-0.014299818,0.021109136,0.01185755]', '{"chunk_size": 500, "chunk_index": 2, "document_id": 7, "chunk_overlap": 50, "document_title": "健身房场馆基础信息"}', 156, '2026-04-12 23:54:45.863097');
INSERT INTO public.knowledge_chunk (id, document_id, chunk_index, content, content_hash, embedding, metadata, char_count, create_time) VALUES (116, 7, 3, '## 联系方式

* **前台电话**：400-888-9999
* **营业时间咨询**：周一至周日 6:00-23:00
* **商务合作**：400-888-9999 转商务合作
* **官方微信公众号**：FutureFit·未来健身空间健身中心', 'd44bae9436c3cd22aa5d499be331aad4', '[-0.03583808,-0.05892226,0.026754519,0.05216856,0.002386726,-0.043764964,-0.011923508,0.01499371,-0.025499493,-0.03679796,0.0028065722,-0.037839144,0.021596882,-0.055599645,0.054555673,0.03163586,0.033052806,0.035038926,-0.010055537,0.016838182,-0.038844425,0.019899849,0.039148383,-0.008120116,0.0079680765,0.03801975,-0.0073654163,-0.017395213,0.0048617525,0.0032736557,0.010373217,0.0050613666,0.021323472,0.037686057,-0.03488418,0.03857642,0.0013808584,0.023705676,0.11733427,0.011868775,-0.023610473,0.031564303,-0.075929485,-0.031220438,0.03799537,-0.047553472,0.042959612,-0.0040906672,0.040586095,0.056617886,-0.006824826,0.05025229,-0.020797398,0.042488866,-0.04486111,-0.0044516115,-0.039204746,-0.02364059,0.0040573007,0.024089133,-0.029800115,-0.05531515,-0.0036567014,0.019695964,-0.0145532545,-0.022340221,-0.042853657,-0.00022838922,-0.0118054645,0.076875664,0.025283074,-0.007271763,0.015948826,-0.03181156,0.08717345,0.064790584,-0.017046561,0.028548036,0.03995233,-0.023441067,0.012326775,-0.019932084,0.013220514,-0.0064700646,0.033512224,-0.0152989365,-0.005245818,-0.056283284,0.034053843,0.022851713,0.060132273,-0.052551337,0.065622374,0.00926792,0.017554471,0.017071066,-0.040054735,0.036697026,-0.062644266,-0.0004692695,-0.0710982,-0.042405035,0.036031105,0.017413601,0.033658333,0.01073253,-0.0033164404,0.036792032,-0.004242886,-0.0020677806,-0.023098128,-0.057941135,-0.0053507565,-0.033301484,0.01588333,0.034622695,-0.055417143,0.045039866,0.03046162,-0.06934419,-0.040817775,0.016007207,0.025503477,-0.011769621,0.047656864,-0.041932635,-0.022553315,-0.008830166,-0.011051072,-0.05738476,0.017712435,0.044146784,0.01608402,-0.045473386,-0.018094607,0.02921369,-0.0111887725,-0.01961906,0.02660624,0.0041981805,-0.008875316,-0.060179587,-0.01355528,-0.07446762,-0.0098173665,0.060974836,-0.010290601,-0.0052893218,-0.0043895124,0.009064512,0.007813462,-0.00025081713,-0.033879086,-0.023671148,-0.032357767,-0.013031797,0.0030953037,0.031511765,-0.012821388,0.063609615,-0.0020750042,-0.005639318,0.06765816,-0.00097008963,0.001707411,0.034599513,0.013653725,0.03950914,-0.033544898,0.029343873,-0.011811629,0.023847764,-0.006507874,0.02730223,-0.0387353,0.05392631,-0.0029407335,0.014936729,-0.018276636,-0.039088063,0.01304775,-0.019283801,0.035559665,-0.011393442,0.012561312,0.06871003,-0.021097034,0.02539952,-0.030835148,0.0067561604,-0.0054553575,-0.014834071,0.11627232,0.003995363,0.020346716,0.019075673,-0.011523825,0.019529246,-0.006138192,-0.06308516,0.020817505,0.0082600685,0.040586714,-0.014341533,0.020329835,0.017879106,0.042863995,0.039105188,-0.08086229,-0.022264356,-0.071453944,0.030532684,-0.12823452,-0.03603609,-0.0030548186,0.03187239,-0.014853261,-0.015681144,-0.0032392228,0.00868208,0.036788568,0.0016061653,-0.08825093,-0.008876738,-0.03207169,0.01014638,-0.03724923,0.01170766,0.027781827,0.0001510498,0.030714432,0.0060273586,-0.026268007,0.09567518,-0.0055219047,0.014268171,0.038196217,-0.021138772,0.04298659,0.02085251,0.019559637,0.061109036,-0.020692453,-0.06036937,-0.041838817,-0.04456085,0.031646267,-0.04485844,0.024238821,0.05011172,0.0356226,-0.019065144,-0.020794729,0.030477649,0.049343545,0.037972137,0.053228397,-0.04721248,0.010398379,-0.0004912358,0.026091844,0.023968918,-0.012625045,-0.039127074,-0.000681607,-0.061888374,0.026376942,0.014809532,-0.02089892,-0.012154176,0.037005994,0.014950577,-0.046769455,0.03282209,0.012602659,0.013440487,0.030723972,-0.004342585,-0.025972592,-0.021103472,0.019748474,-0.0037212623,0.023270579,-0.017793419,0.021045681,-0.0155935995,-0.0011203871,-0.05245859,-0.002248802,-0.021853564,-0.016327517,0.03020238,0.017672257,-0.0064428207,-0.01807472,0.03951409,0.005996106,-0.037027918,-0.04283258,0.015211309,-0.0073782858,0.035505295,0.029313417,0.0029834288,0.050144497,0.02886495,0.05458092,0.0343279,-0.03525231,-0.050771333,0.0063188737,-0.037438404,-0.004226081,-0.014948286,0.030724471,-0.0144467885,-0.03195829,-0.00016745734,-0.0032528243,0.013802496,-0.015435978,0.06472272,0.0017309849,0.0132966405,0.094029814,0.06517527,-0.03937548,0.03131474,-0.066848986,0.029700993,0.006404308,0.048900537,-0.013730012,-0.005989537,0.026706595,0.0074861725,0.001845121,0.019493112,-0.028407102,0.014495085,0.06756606,-0.02868383,0.0030209566,0.030238327,0.036539596,0.039362032,-0.058379825,0.0059107803,-0.020722697,-0.016331673,-0.0012934796,-0.0030595956,-0.04861881,0.01798326,-0.04914603,0.05642836,-0.032246623,-0.024488015,0.02408929,0.0059476458,0.0071221422,-0.016190752,0.035194475,0.026673064,0.07440612,0.008712241,0.027047798,0.034133337,0.03707359,0.012700792,0.078015044,-0.06722948,-0.009786156,-0.008729784,0.0070910356,0.046452414,0.0054966533,0.021565285,0.0114934305,-0.03458752,6.751213e-05,-0.007874775,0.061700832,0.04624444,0.021336189,-0.022900654,0.06690742,-0.007503686,0.0093568275,0.034687616,-0.01639224,-0.050769452,-0.016388128,0.03361265,0.029927745,0.0074627674,-0.028074695,0.05630608,-0.010237845,0.1155331,-0.034864876,-0.035829335,-0.054039534,-0.036083166,0.01599222,-0.04368546,0.0017163994,0.021253105,-0.0785645,-0.003834003,0.046882395,-0.043475214,-0.06930774,0.0256647,0.031713452,-0.0013247662,0.02665498,0.04972522,0.004913948,-0.036588166,-0.013836706,-0.031465147,0.038494542,-0.016259342,-0.013753309,-0.056759678,0.036184385,-0.011983067,-0.009183434,-0.05122517,0.04198075,0.019075943,-0.016606698,0.08067568,0.021416947,-0.00859565,-0.028410666,0.035633363,-0.01867644,0.030424584,-0.030182622,0.014612405,0.020575557,-0.009422448,0.0022302428,-0.062800914,-0.054761216,0.056130886,0.030155085,-0.03920756,0.025966492,0.008290336,0.031708,-0.030924926,-0.05536902,-0.0084675765,-0.016015695,0.053406134,-0.091858976,0.029699054,0.04548384,0.024364753,-0.013164886,0.006145002,0.028671958,0.017500063,0.032526188,0.010357156,-0.07542085,-0.060482513,-0.023337921,0.014052089,-0.010992309,0.03609297,0.016849482,-0.01414376,-0.06228916,0.0053034993,0.011670797,-0.03096147,-0.02739685,0.016035791,-0.0053698863,0.033158846,0.041732132,-0.039427526,0.03185276,-0.035589177,0.06992734,0.035010178,0.065796204,0.01854779,0.016950972,0.028771726,0.032856423,0.041039012,0.0368508,0.014326994,-0.018886184,0.05078573,0.07230027,-0.047350172,0.022264412,0.015880497,-0.033977095,0.04712069,0.07416543,0.012404069,-0.017664464,0.009506931,-0.045863904,0.025517335,-0.008501875,-0.036179792,0.026877709,0.0121649075,-0.016555453,0.01026658,0.028743375,-0.004233811,-0.015430697,-0.03985182,-0.008760956,-0.034454845,0.0005117312,-0.04434764,-0.0154996,-0.008469473,0.01786268,-0.0056781233,0.04395413,0.023528827,-0.06395991,0.015993046,-0.0034081426,-0.07803979,0.0027319896,0.033814587,0.012740104,-0.043372355,0.056189697,-0.009723711,-0.009055477,0.047906917,0.06619545,0.004782213,-0.010234285,-0.027154785,-0.027402826,-0.024385257,0.0029801095,-0.0060183993,-0.02528167,-0.05545171,-6.433624e-05,-0.049945682,0.033633396,0.043487355,0.039206702,-0.03164644,-0.008076965,0.0054858234,0.034553897,-0.06579929,0.019866874,0.013821416,-0.023692025,-0.04322997,-0.037701458,0.0052496847,-0.02317035,-0.058570165,-0.025133962,-0.008796249,-0.014661513,0.0016622612,-0.017102743,-0.005235196,0.03474188,-0.049315367,-0.0012689431,0.00580927,-0.03402796,0.043446984,-0.017627824,-0.0198218,-0.005111194,-0.06929914,-0.045638256,-0.054353885,-0.0051568127,-0.06422111,-0.019557206,-0.0049338453,0.018381095,0.029401196,0.076861925,0.062390003,0.010363542,-0.050351012,-0.00025677943,-0.02837703,-0.011082742,0.01531496,-0.009036114,0.04523874,-0.07442311,0.040314905,0.01917259,0.028434267,-0.008975855,-0.020203197,0.07721113,-0.025473358,-0.013191676,-0.0027147206,-0.045529176,0.04473882,-0.0023889735,-0.015101744,-0.002058694,0.076412804,0.023974745,-0.03269103,0.052114658,-0.0035232136,0.057218574,0.04796805,-0.009575917,0.027405903,0.044207968,0.02449537,0.008667297,-0.022142611,-0.053663023,0.03506581,-0.0063661826,0.042772166,0.038199764,0.02680619,0.10297675,-0.009129125,-0.029927732,0.016063794,-0.0072494885,0.018987017,0.013450776,-0.020269148,0.035820343,-0.0025941527,0.035577245,0.020977523,-0.03307887,0.0071504135,-0.039678145,-0.027090129,-0.03277231,0.009031142,0.015124279,-0.05299356,0.027060937,0.026548598,0.022015212,-0.03649371,0.043593805,0.10545678,0.0063100667,0.020004626,-0.095323406,-0.043893393,0.020791642,0.044694226,-0.06009078,-0.033358272,0.029221848,-0.0043597925,-0.0027909046,-0.03645506,-0.020203447,0.047620974,0.019991485,0.0071521495,-0.01308027,0.042407617,0.061296683,-0.031765394,-0.012547919,0.016560705,-0.014842557,-0.027864452,0.018196737,-0.014087225,-0.014898146,0.06846295,0.012632279,0.036418054,-0.021968596,0.046783913,-0.048764702,0.049010225,-0.004637864,-0.021711448,-0.0113048125,-0.0053068534,0.011872276,-0.010779071,-0.0455652,0.011699795,0.018225698,0.051988196,0.025433414,-0.031731408,-0.03799765,0.0010163063,0.042417645,0.035746433,-0.01977257,0.008813884,0.0026343158,-0.061269276,-0.017182717,-0.09294184,0.015764907,-0.022155784,0.04961768,0.0328337,0.020165868,0.04130164,-0.046502344,-0.03971801,0.009983005,-0.0031060744,-0.02423584,-0.074023314,0.05617716,0.10126164,0.057607375,0.011494366,-0.025002137,-0.017741922,-0.031705987,-0.012701353,0.05084268,-0.09148733,-0.023477484,-0.050204415,0.007514252,0.039402112,0.027959358,-0.04404367,-0.004794483,-0.051052712,-0.042021398,-0.01775558,0.018273396,0.048776273,-0.016515968,-0.035938617,0.0344648,-0.030050011,-0.0650633,0.030146139,-0.039228633,0.008304282,0.04680148,0.02823295,-0.03724,-0.043500878]', '{"chunk_size": 500, "chunk_index": 3, "document_id": 7, "chunk_overlap": 50, "document_title": "健身房场馆基础信息"}', 127, '2026-04-12 23:54:45.921424');
INSERT INTO public.knowledge_chunk (id, document_id, chunk_index, content, content_hash, embedding, metadata, char_count, create_time) VALUES (133, 10, 3, '## 禁止事项

1. 禁止在场馆内吸烟、饮酒、进食有异味的食物
2. 禁止大声喧哗、播放大音量音乐，影响其他会员
3. 禁止在非指定区域拍照、录像，如需拍照请提前告知前台，且禁止拍摄其他会员
4. 禁止带宠物入场
5. 禁止将非会员带入场馆蹭练，一经发现，暂停会员权限 1 周
6. 禁止在场馆内进行商业推广、发传单等行为

---', 'fbef2c199af6fbf9bc607a66572dadf8', '[-0.028697861,-0.030066859,0.0076846676,-0.0044512176,-0.028895576,-0.006236897,-0.008310188,0.04420715,-0.006672212,-0.05553165,-0.0085565755,-0.061381303,0.028487671,-0.0017708051,0.051630527,0.06770847,0.02668202,0.072529,-0.102754444,-0.015540064,-0.036076743,0.010601325,0.016919198,0.03381241,0.00025986868,0.051400058,0.015930027,0.08511842,0.013592458,-0.018311007,0.016241532,-0.0030027367,-0.005771031,0.01902069,0.012556689,0.034694467,0.032671794,-0.0113767,0.086326264,0.021169411,0.013070864,0.05570825,-0.03199775,-0.0050900737,0.0012220809,-0.018719584,-0.018495033,-0.020024229,-0.007361163,0.060418766,-0.03237185,0.02545821,-0.014662001,0.03061863,-0.046927985,-0.0024042537,-0.029920096,0.010458381,-0.0037672536,0.043076657,-0.003605974,-0.012805403,0.022939662,0.03772793,0.047729585,-0.039254747,-0.015609359,0.03769443,-0.035601307,0.11420357,0.012234299,-0.02871863,-0.040486544,0.027579658,0.1327981,0.007923016,-0.041267354,-0.02414585,0.05243161,0.042723328,0.014133836,0.019591346,0.030112801,-0.0035754743,0.029173711,0.005717027,-0.048032694,-0.023604758,0.016572472,0.016890392,0.018870635,-0.055385802,-0.010286263,0.064128034,-0.032480784,0.013519505,-0.0150849335,-0.0058116587,-0.07552102,-0.042152938,0.008878698,-0.06369418,-0.0010933588,-0.02530469,-0.004265287,0.04389037,0.0021162527,0.064365804,-0.0005837754,0.060349345,-0.023432847,-0.0021053825,0.025038775,-0.004075242,0.050189964,0.029289039,-0.025265926,-0.01804626,0.0009948199,-0.0117848795,0.014449124,0.004183701,0.016199071,0.020975908,0.043276396,-0.038615502,0.07797001,-0.016055746,0.023200294,-0.045034062,0.016333457,0.001189959,-0.025411937,-0.043683976,0.04504048,0.05379377,0.03242347,-0.004620299,0.01869521,-0.0072983257,0.03967221,-0.050407734,0.004399862,-0.05237213,-0.015430701,0.047884684,-0.0043850723,0.024254303,-0.0035891957,0.03317667,0.10884189,-0.0077707823,-0.0061489358,-0.0066468464,-0.028913012,-0.019875942,-0.014517957,-0.020985037,-0.0071661463,0.00020285182,0.026369622,-0.03536728,0.032249086,0.037823617,-0.0012247892,0.060546033,-0.016381297,0.044681087,-0.011426607,-0.029448796,-0.022270903,-0.038795035,-0.029000279,-0.013137351,-0.04582214,-0.0017545292,0.037296686,0.03618715,0.06796669,-0.020903971,0.006025015,0.019995686,-0.031619985,0.023767108,-0.00079534174,0.027661813,-0.015044656,0.029909194,-0.060184617,0.012312219,0.0060560848,-0.031394493,0.043550782,-0.0040948186,-0.024278468,0.011911197,-0.00026227935,-0.013844419,-0.0031779697,-0.0016087039,0.0052009826,0.03350983,0.066276506,0.008438154,0.026469264,-0.01852585,-0.012470536,0.047749568,-0.10200611,0.022492737,-0.040329557,0.060338005,-0.0008516651,0.017414033,-0.020754214,0.050175503,-0.04839699,-0.0037115295,-0.02804826,-0.028900275,0.0030690853,0.03321878,-0.04927617,0.0034801466,0.014936439,0.01012178,-0.02421664,0.013963662,-0.0035574336,0.03469454,-0.03461965,0.012493338,0.030835323,0.039045915,-0.07503751,-0.018059898,-0.020320494,-0.041336834,0.081713095,0.037984736,-0.014554883,0.054349963,0.028171305,0.0074909288,-0.0017719895,-0.032433193,-0.03388244,-0.11026498,0.011251182,0.06852965,0.04923404,-0.06284996,-0.02585799,0.04807221,-0.0348212,0.017002534,0.06949415,0.008560981,0.018817928,-0.024195768,0.032993976,0.00520292,-0.0018135188,-0.085911,-0.021292344,0.00033337373,0.009279945,0.0013592757,-0.10342052,-0.03205576,0.044076342,0.011815117,-0.0637192,-0.0097841,-0.010368306,0.015368106,-0.003176343,-0.029410904,-0.0010390419,-0.033482153,-0.01903962,0.025484877,-0.01642568,0.0154589685,0.046312727,-0.012463248,-0.016333137,-0.0316342,-0.0351605,0.033601325,-0.032382935,0.03892476,0.07139362,0.011258803,-0.0043110773,0.0059536435,-0.041866608,-0.026718244,0.007091885,-0.04932744,-0.006981376,-0.023763277,-0.011126271,0.017473897,0.038949933,0.06309363,0.0005919104,-0.0004788013,-0.024547156,-0.012128412,0.027040739,-0.009912447,-0.035254832,-0.04525823,0.036191016,-0.0676214,-0.01856204,-0.032042004,-0.02753186,-0.00797642,-0.01505688,0.020386776,0.000928314,0.009923188,0.026656857,-0.058716863,0.011196803,0.06947613,-0.04547373,0.06801101,0.015622746,0.050879512,0.027664449,0.0031572517,0.08109101,0.031166779,0.027353894,0.03687874,-0.021584338,-0.055692565,0.030054906,-0.0059843846,0.0065442976,-0.022620242,-0.0027476973,0.051146552,-0.0056245774,-0.009694661,0.01645547,-0.030282993,0.01521213,-0.034299724,-0.026731892,-0.075662896,-0.06567201,0.0666746,-0.041393537,-0.023984276,-0.021258991,0.020319168,-0.0369574,0.01107394,0.035429724,0.04426386,0.08921884,-0.001254462,-0.0019445966,0.0516013,0.0048919083,-0.04023139,0.057011887,0.0072951685,-0.013453408,-0.05471231,-0.06488683,0.09053115,-0.038007326,-0.04721104,0.009968661,0.020295639,-0.018365279,-0.0717562,0.0066350442,0.012688321,0.037150785,0.0016080404,-0.005802256,-0.06369521,-0.022885492,-0.007861939,0.018543262,0.029211802,-0.017846994,0.0075687487,0.031389557,-0.04196447,0.061145186,0.036515996,-0.02256685,0.05735473,-0.0044320864,0.03320112,-0.10858452,-0.07520612,0.05652059,0.015625438,-0.008627519,-0.0059092497,-0.05998178,-0.04073297,0.017323479,-0.0098922625,-0.028306406,0.026442042,0.014541133,0.026605545,0.057884686,-0.004439231,-0.038226824,-0.014567456,-0.021412052,-0.0450807,0.026992708,-0.03608136,-0.005356851,0.0029816325,0.02630013,0.005679002,0.016802976,-0.043653194,0.03464475,0.0031341054,0.008798194,0.023549708,0.031054085,-0.016526682,0.007485806,0.021917738,-0.013997731,0.013781304,-0.014385308,0.008838645,-0.041234553,-0.051480975,-0.002121736,0.0013013869,-0.034277465,0.04626654,0.038405024,-0.031698618,0.010436648,-0.0027883851,0.022211349,0.030172672,-0.0022433551,-0.033090085,0.000179622,0.0130501,-0.050192937,0.01627018,0.031526417,0.04796421,-0.023703182,-0.009448943,0.0634855,0.003937852,-0.002562143,0.0038943184,-0.093872175,-0.0036927136,0.043126676,0.009108358,-0.016242173,0.040779002,0.03721699,-0.01598858,-0.03244598,-0.028862208,0.0032897391,0.0034465566,0.013640926,-0.02938184,0.021266537,0.016632628,0.029465944,-0.050324634,-0.06114469,-0.030257504,0.07971424,-0.026348036,0.013655199,0.007265666,-0.009692165,-0.0073384065,0.044169698,0.019133756,0.046166774,-0.05430373,-0.047664855,0.014370882,-0.021626,0.030428741,0.013532045,0.015517488,-0.0015534624,0.0564814,-0.00720368,-0.031499505,-0.04099942,-0.031317964,-0.05614617,-0.0015113942,-0.00023598554,-0.030970624,0.020543747,-0.016519386,-0.025151858,0.060593963,-0.0076068426,-0.033356484,-0.01862328,-0.02375449,0.060209222,-0.040448386,0.009110901,-0.010469275,0.0031409613,0.007362276,0.00015478981,-0.012291354,-0.008049184,0.012354321,0.004817044,0.030062787,-0.015506078,-0.013308539,0.04117934,-0.009752981,-0.0070360955,-0.008897714,-0.0021353073,-0.011694276,0.03536661,0.0395366,-0.022726107,0.011596492,0.015846632,-0.005801026,-0.024745444,0.013755813,0.036026906,0.0043569384,-0.06949383,0.016920945,-0.012359576,-0.01642419,-0.0044471463,0.04006941,0.034162678,0.025610132,-0.03453686,0.012923786,0.02412372,-0.024655672,0.0010140898,0.017960623,-0.020437658,-0.008805098,-0.012843943,-0.0056979847,-0.007894064,-0.055034906,0.026671667,-0.025621666,0.0331572,-0.08994403,-0.036673505,-0.0119676925,0.046109293,0.03220552,0.006721824,-0.025683606,-0.018720016,0.010118815,-0.00366702,-0.050864294,0.025487088,-0.023237484,-0.091566846,0.0020561481,0.028772874,-0.059747078,0.011293156,0.054900672,-0.048341956,-0.039623957,0.029329684,0.03365684,0.095298655,0.011754524,0.014995159,0.0073238574,-0.006216987,-0.056373946,0.03461413,-0.003795882,-0.047343813,-0.017610554,-0.016357778,-0.036445387,-0.028910333,-0.04485538,-0.00956719,-0.066392936,-0.038192745,-0.025765384,-0.01343904,0.065987185,0.043035675,0.053408697,-0.029752038,0.02731536,0.04945517,-0.072753906,0.08400714,0.0173864,0.060447756,0.033314873,-0.024806442,0.05803779,0.056287408,0.045523215,0.007505721,-0.017952131,0.0049204445,-0.066504695,0.09281315,0.013203922,-0.0001671224,0.0009681635,0.07974279,-0.051887296,0.07117807,-0.021615693,0.0006981247,0.020287247,-0.0099707525,0.003934013,-0.017453415,-0.03960818,0.037233565,-0.013040999,-0.051402733,-0.00045344498,-0.03440201,0.0072103767,-0.03341497,0.021841442,-0.021659466,-0.020801304,0.027368257,0.03631141,0.01244448,-0.0118535645,0.053914435,0.039428227,-0.037257336,0.03539471,0.03702276,-0.03494152,0.012232657,0.05214689,-0.05762979,-0.016489154,0.011305874,0.0026534903,-0.09661007,-0.011188245,-0.011912303,-0.0058308872,0.0011240366,0.005402553,0.0007738411,0.043586645,0.023041513,0.026085855,-0.0343665,0.011160356,-0.03239322,-0.014372687,0.0016010819,-0.0064446353,-0.07294396,-0.021747,0.01124473,0.0061253677,-0.053362153,0.00075386727,-0.01440273,-0.0012812874,0.027697308,0.0060939854,0.04604401,-0.019597301,0.03231915,0.011516639,0.02545301,0.041252717,0.018872749,0.003688289,-0.03354691,-0.038977005,-0.0191794,-0.018473204,0.05397101,-0.019323219,0.017247686,0.042870585,0.01759945,0.020351566,-0.01995858,0.0035670644,0.005387717,0.020518651,0.08660749,0.01734635,0.06187707,0.060285755,0.04661865,-0.04557192,-0.014009973,0.014435005,0.05767516,0.0027844477,0.08322822,0.06335666,0.030803062,-0.029768983,-0.043593626,0.005196473,-0.06124857,-0.03246839,0.049559854,-0.032047063,-0.057883214,0.03333912,0.0303965,0.010214318,0.065184504,0.031555906,-0.048278425,-0.047817077,-0.065336615,0.032865766,-0.011090135,0.037956636,0.016908197,-0.00520597,-0.021651374,-0.014231092,0.0017492335,-0.021704843,-0.014139406,-0.04142505,0.02799884,0.05797643,0.050855275,-0.055607762]', '{"chunk_size": 500, "chunk_index": 3, "document_id": 10, "chunk_overlap": 50, "document_title": "场馆使用"}', 167, '2026-04-13 00:25:23.950056');
INSERT INTO public.knowledge_chunk (id, document_id, chunk_index, content, content_hash, embedding, metadata, char_count, create_time) VALUES (134, 10, 4, '## 访客规则

1. 会员可携带访客体验，每位会员每月最多可带 2 位访客
2. 访客需在前台登记身份信息，购买体验票（单次 50 元）
3. 访客入场需遵守场馆所有规则，由会员负责监督
4. 访客体验后 7 天内办卡，可抵扣 50 元体验费

---', '546970ad94f9e9ef199179d371666959', '[-0.033913944,-0.04277172,0.032199334,-0.00854534,-0.040328387,-0.03257773,-0.015401529,0.013565333,0.04625282,-0.057014585,-0.010533661,-0.028284295,-0.008084461,-0.0033923953,0.070408866,0.021117741,-0.0051786113,0.0041433633,-0.07007475,-0.0016539476,-0.06316585,-0.03783231,0.06620798,0.012663234,-0.016392685,0.052058812,0.04014012,0.07452532,-0.0017297283,0.025706291,0.007957101,-0.029171038,-0.013658118,0.0083663715,0.0036354766,0.011708722,0.034152944,-0.052712582,0.029851262,-0.0036641534,-0.014618205,0.024977209,0.008651632,0.025498943,-0.031290982,-0.075205356,0.002518589,-0.046631478,-0.003502414,0.027694125,-0.012583606,0.018274173,-0.024913637,-0.0065704603,0.029549532,0.0073008104,0.012107756,-0.016750336,0.006945225,-0.025622409,-0.018773654,-0.03713156,0.012170755,-0.0075093643,0.037575036,-0.0077295243,-0.0038472137,0.045759425,-0.0300566,0.14823961,0.037696686,-0.033874694,-0.012105236,-0.030152304,0.13418807,0.027834833,-0.041476596,-0.029733589,0.020687306,0.013469002,0.005346906,-0.05142475,-0.008909912,-0.02676617,0.0041677942,0.042669997,0.0019310546,0.014917051,0.009034192,0.025998082,0.026524702,-0.008004821,0.06541124,0.033833653,0.033859547,-0.021625016,-0.018871877,0.022835026,-0.050736655,-0.014806016,0.01927839,-0.07272032,-0.010149906,0.0074346354,0.03390558,0.049249556,0.013877355,0.03575464,0.030854663,0.036079817,-0.049405728,0.0019306022,0.00564013,0.016338535,0.0179994,0.0019924564,-0.057668053,0.01763231,0.0066926726,-0.013453453,0.0051407428,0.022475598,0.04215002,0.016656982,0.04590963,-0.01649619,0.06446691,-0.0036631238,0.022726515,-0.025622498,0.039747834,-0.004151954,0.015490462,0.017790899,0.053193245,-0.00013263212,0.022330133,0.03215684,0.03688881,-0.0022252377,-0.004564972,-0.07108094,-0.03822349,0.012361531,-0.026855806,0.006648928,0.0015303371,0.043942127,-0.017710112,-0.017032,0.098963715,0.014810559,-0.026682116,-0.039223004,0.0052748895,-0.011024975,-0.031921074,-0.010220374,0.049429577,-0.028456599,-0.036593206,-0.0618589,0.037382726,0.029721158,-0.0005003772,0.025080625,0.017261144,0.016148655,-0.018495975,-0.0860152,0.0064765764,-0.032367393,0.0024207057,-0.023610871,-0.030108579,-0.038745437,-0.010412105,0.06463386,0.058116537,0.023252044,0.011527688,-0.0012922126,-0.04253292,-0.065003365,0.014852351,0.041870292,-0.037555628,-0.002614627,-0.06298846,-0.0017344626,0.029191531,-0.017672831,0.02500361,-0.062125042,0.042697143,0.025976991,0.008445295,0.0049558734,-0.012733247,-0.013749183,-0.030012399,0.02321156,0.07200439,-0.006260325,-0.0024293482,0.0060365824,0.03097257,0.049008645,-0.077073604,0.027353175,-0.034593433,0.055374674,0.016998213,-0.0043216627,0.016622009,0.0536547,-0.028497728,-0.05908356,0.018406985,-0.003920889,-0.017674087,0.01742042,-0.032449972,-0.024683598,0.012313965,0.032251358,-0.036723707,0.005156121,-0.0045344913,0.033426937,-0.006822295,-0.012202553,0.02484847,0.06852261,-0.11581073,0.0075284764,-0.033649527,-0.05765562,0.021792116,-0.006455597,0.01043829,0.05517681,-0.04732061,-0.021125762,0.013116671,0.0017743756,-0.0017365154,-0.08911677,0.050259385,0.03387119,0.023818031,-0.023182742,-0.030776383,0.0547106,-0.009963123,0.048680257,0.010722096,-0.009191643,0.06720633,-0.034118026,0.0402596,0.03080978,-0.03254361,-0.03400465,-0.013509399,0.05028054,-0.017597169,-0.010898912,-0.022058304,-0.017460708,0.033350773,-0.017232375,-0.045786336,-0.020973025,0.014351818,-0.02380971,-0.011649507,0.04648579,0.0015527812,0.012950125,-0.025752941,-0.049514648,-0.037212923,-0.0015781136,0.03976193,-0.0644013,0.063585274,-0.07597557,-0.046143517,-0.024174657,-0.049126707,0.067557186,0.0052424297,-0.020626828,0.008459018,-0.0109767355,-0.071991116,0.005858522,-0.02157066,-0.012296391,0.038072485,0.0057019168,-0.012723702,-0.0012285567,0.040360916,0.054530125,0.030332277,-0.010730276,0.0065061003,-0.001555195,0.04296673,-0.051287413,0.0023319048,0.047701098,0.06278176,-0.04359579,-0.019521806,-0.05232907,-0.0070387255,0.016479302,0.013542597,0.03549963,0.00567816,0.012380248,0.082428195,-0.01847705,-0.030933842,-0.008462597,-0.02350603,0.04234936,0.047450095,-0.0138568925,0.044390798,-0.012362611,0.05811519,-0.00066201354,-0.0044852197,0.023757601,-0.037494995,-0.037330627,-0.009279693,-0.005597568,-0.047006566,-0.0075933244,0.013714832,0.041876912,0.008908253,0.009039683,-0.0037629115,-0.057344142,0.03962972,-0.028654989,0.007687804,0.0063823685,-0.06616757,0.07541514,-0.03565874,-0.029630216,0.01166726,-0.0012366666,-0.038773477,-0.03349034,0.026921289,0.028751306,0.03545115,-0.021651512,0.029318905,-0.036329467,0.015839403,0.041014113,0.09449855,-0.037560567,0.0077623045,0.018822843,-0.016629336,0.03645373,-0.015267648,-0.015051896,0.02284143,0.026526397,-0.025652796,-0.009797621,-0.054197878,0.00096309034,-0.020211034,-0.004718509,-0.013168866,-0.048904136,-0.059154373,-0.011335866,-0.027443126,-0.036747813,-0.021657642,0.0016661171,-0.011093406,-0.042667273,0.0395632,0.058096346,-0.03824139,0.033206575,0.0289165,0.03160161,-0.10120903,-0.051543098,0.03704225,0.037313677,0.0008368527,-0.064005196,-0.04027951,0.0029268996,0.020204904,0.044400193,0.030464126,-0.018705124,0.051249057,-0.00051156885,0.0065095853,0.000782058,-0.03842148,-0.004545663,0.011466184,-0.014028834,0.027386265,-0.041662395,-0.005653713,-0.018717816,0.0038411047,0.017056035,0.009918945,-0.0003305452,0.05649989,-0.02465136,0.046080556,0.055683073,0.025041731,-0.082318544,-0.031570643,-0.010253969,-0.042171173,0.026383568,-0.04200285,-0.017388344,0.0015807156,-0.022474892,-0.007679999,-0.008463316,-0.051215623,0.031303037,0.039392382,-0.053182334,-0.05616314,0.0036091942,-0.0419976,-0.009455514,0.00956119,-0.04404235,-0.0025053618,0.034302797,-0.0329992,0.04926996,-0.016546488,0.058553413,-0.013076856,-0.009455538,-0.024913471,0.01212856,-0.017984532,-0.032451272,-0.06038958,0.00767599,0.045518126,0.042141985,-0.013182868,-0.00066258706,-0.013018954,-0.09347073,-0.052488495,-0.017905291,0.054536074,-0.038382858,-0.010963498,0.013491,0.04955286,0.019838907,0.034074437,-0.029607473,0.02489496,-0.048141316,0.018439833,-0.026977222,-0.0005700231,-0.021428876,-0.015073326,0.07288244,0.039543502,0.051456973,0.074445195,-0.03041021,0.0008476531,0.030116314,-0.055558413,-0.024788357,0.008055353,0.019370476,0.026300283,0.00398402,-0.02896816,-0.026243657,-0.032593474,-0.04397602,-0.0047854907,-0.011522262,-0.022002554,-0.0060356767,0.014326672,-0.039371192,-0.04739074,0.05686998,-0.058282647,-0.003075248,-0.009449001,-0.029537156,0.029410912,-0.0121039,0.099684745,-0.007534529,0.023206275,0.023238435,0.025670793,0.0067661866,-0.019707248,-0.0070210374,0.018558566,-0.018670898,-9.4114264e-05,-0.008650263,0.055213027,-0.052122157,-0.021433959,-0.0028491567,0.00782221,-0.05780953,0.024327025,0.0021379008,-0.055268522,-0.007383666,0.08315139,-0.02723433,-0.05438928,-0.035497062,-0.005840139,0.05544832,-0.04182013,-0.040864892,0.0145604145,-0.048470475,-0.02888859,0.08067751,0.015757151,-0.004637045,-0.009349427,-0.0009281997,0.041288584,-0.04554385,0.010024179,-0.024440486,0.0014837642,-0.028383147,0.011847488,0.026172416,0.0027681647,-0.006837002,-0.02853977,-0.04120878,-0.02742956,-0.060751356,-0.036059033,0.016962357,-0.02189744,-0.029853871,-0.005051284,0.0048361537,0.025966834,0.01991587,0.060298506,-0.032062452,0.022012195,0.005842914,-0.07440956,0.058872245,0.015578475,-0.059701525,0.026016677,0.04947339,-0.014830954,-0.061522283,0.03468926,0.056053452,0.12432551,0.033017606,-0.004226207,0.025714418,-0.049846124,0.0300313,-0.020163333,-0.03246751,-0.011495918,-0.00019068741,0.02621783,-0.041042674,-0.010460423,-0.045999546,0.02629456,0.027432872,-0.0065121176,0.008442019,-0.028968079,0.05089114,0.02274779,0.069492936,0.003749805,0.048625823,0.01071109,-0.035549074,0.07669166,-0.036867976,0.012704094,0.035395008,0.022913158,0.04830619,0.016954971,0.04566099,-0.025486115,0.054562684,-0.020471595,-0.0416846,0.042927254,0.09835161,0.01661007,0.011793934,0.078459725,-0.033069313,0.037215635,-0.01588777,0.026093137,0.0054386733,0.00916659,-0.0054750307,0.04012988,0.0152535,0.006145539,0.005056584,-0.0027321244,-0.031193683,-0.025573896,0.01610452,-0.0080696065,0.022791699,-0.053476788,0.006151284,0.054605935,0.006132128,-0.040297065,0.0046868827,0.057412475,0.039040748,-0.02163898,0.030449452,0.022944795,-0.013202149,-0.0041290205,0.02992469,-0.0720752,-0.010359441,0.029500546,-0.011538995,-0.05645611,-0.06270102,-0.020575222,0.044898722,0.0036055432,-0.00863825,-0.002690533,0.03789178,0.011923248,-0.026192157,0.006153405,-0.04942735,0.04326496,-0.0040918672,0.013154921,0.023377156,-0.04269104,-0.016532592,-0.0051928665,-0.013600181,0.011727205,-0.052628584,0.041672226,0.036948368,0.026438633,-0.043478962,0.025462711,0.004736231,0.013787517,0.014872955,0.017662982,0.052049693,0.06641589,-0.024185553,-0.033026416,0.0117353955,-0.07009055,0.04085767,0.036231853,-0.0071580745,0.03133351,0.05517608,-0.065465026,0.032908518,0.004389377,-0.0063358387,-0.036081024,0.004111672,0.05528738,0.011455081,0.05118095,0.04354946,0.0058766734,-0.07171762,0.021535128,-0.059386216,0.029922536,-0.032027505,0.030540744,0.08107413,0.08051053,-0.0028925645,-0.00014982867,0.030434001,-0.037858553,0.0063844793,0.0032466461,-0.022672147,-0.0149434,-0.017112464,0.017852543,0.0027287912,0.066261426,0.008041648,-0.03764228,-0.047585092,-0.055578105,0.023681913,0.00060337567,0.050589975,0.023065904,0.007953163,-0.010228397,-0.023637552,-0.028060414,-0.020698044,0.036706816,-0.04206775,0.023625156,-0.032321535,-0.06285016,-0.057852235]', '{"chunk_size": 500, "chunk_index": 4, "document_id": 10, "chunk_overlap": 50, "document_title": "场馆使用"}', 127, '2026-04-13 00:25:23.999834');
INSERT INTO public.knowledge_chunk (id, document_id, chunk_index, content, content_hash, embedding, metadata, char_count, create_time) VALUES (135, 10, 5, '## 安全与应急

### 受伤处理流程

1. 如您在健身过程中出现受伤、身体不适的情况，请立即停止训练
2. 第一时间联系身边的教练或前台工作人员，我们会为您提供紧急帮助
3. 轻微受伤：我们的急救人员会为您进行冰敷、包扎等紧急处理
4. 严重受伤：我们会立即拨打 120 急救电话，并协助您联系家属

### 急救设备位置

* **急救箱**：前台处、器械区入口处各有一个，配备常用急救药品、包扎用品
* **AED 自动体外除颤器**：前台右侧墙壁上，如有心脏骤停等紧急情况可使用
* **紧急联系电话**：前台电话 400-888-9999，急救电话 120

### 特殊时期入场要求

* 如遇疫情、流感等特殊时期，我们会根据疾控要求，调整入场要求，如测温、戴口罩等，请配合工作人员的指引
* 如有发热、咳嗽等症状，请勿入场，居家休息，待康复后再来', '6ac7169f59bb7882814f5779ad01fcd4', '[-0.02158002,-0.013180819,0.02377023,0.016799528,-0.020336114,-0.025039531,0.016931092,-0.0080281515,-0.028222177,-0.078219615,-0.04681935,-0.10207481,0.03712932,0.0057214103,0.04629123,0.062278245,0.054097295,0.079889186,-0.10387621,0.015458711,-0.020220976,-0.0072926693,0.04525526,0.038208958,-0.062491246,0.022536421,-0.008296687,0.00081372855,-0.0040396093,-0.037610814,0.0018836377,-0.0013329114,0.06506614,0.0025248034,0.03583695,0.032232914,-0.0077353567,-0.010118423,0.1352518,0.003869009,-0.011850064,0.049410485,-0.049224306,-0.039394226,-0.010634186,-0.025731003,0.014687255,-0.045018755,0.022247847,0.015115379,-0.02640756,0.03568178,-0.00040927302,0.026075182,-0.0544285,-0.003989212,0.029161284,0.07984366,-0.029241791,0.050751895,-0.03838782,-0.047136106,0.023788944,0.028471924,-0.029699279,-0.045393705,-0.04373062,-0.004760566,-0.027008986,0.09647407,-0.007968945,-0.031677075,0.015054013,-0.058682013,0.11652221,0.009641013,-0.040054254,-0.033424202,0.0358383,-0.0011830294,0.05700854,-0.04508241,0.029043177,-0.0495041,0.0783144,-0.018134978,-0.006238438,-0.06584691,0.033825167,-0.019455865,-0.0318436,-0.041164156,0.05904184,-0.008972398,-0.0026174118,0.03771223,-0.011325244,0.04537396,-0.007442019,-0.021996817,-0.044017717,-0.040654764,-0.01783856,0.024347957,0.0649463,0.03126984,-0.01484126,0.03411618,-0.032107446,0.06670416,-0.0023966383,-0.035338163,0.023002418,-0.031423137,0.022708947,0.034320656,-0.07416349,0.04996298,0.016700434,-0.04208149,-0.023676936,0.045575287,-0.031090103,0.0016338557,0.08811704,-0.027568245,0.01198502,-0.023354115,-0.04662509,-0.051372595,-0.005679722,-0.01068094,-0.0063800537,-0.0066023944,0.005268014,0.014715914,-0.024654396,0.0031579665,0.06439099,0.013658071,0.031709805,-0.042269673,0.017560458,-0.017888192,-0.009814635,0.07805564,0.008414581,-0.044814542,0.026254395,0.032118168,0.050682787,-0.009829694,0.021163648,-0.050052796,-0.07549225,-0.09024328,-0.006502662,0.03998308,0.013972228,-0.029657299,-0.018354869,-0.019828545,0.059312843,0.01928474,0.055082384,0.052218318,0.0016704126,0.06445216,-0.040808182,0.016089212,-0.018425124,-0.055691756,-0.052789696,0.015782857,-0.038035642,0.010017874,-0.012057836,-0.0038188829,-0.016258847,-0.018483149,0.03761538,-0.008563487,-0.033670645,0.028454965,-0.044326007,0.052669108,0.017983863,0.03372588,-0.035539713,-0.0040843054,0.011398667,-0.010866636,0.121302344,0.0226416,0.014753254,0.0033602042,0.0011828169,0.009036848,0.019977564,-0.047568887,0.03874089,0.0556376,0.048808135,0.038830884,0.020129872,0.01762622,-0.0024910122,0.029774407,-0.08828164,0.037259158,-0.07684239,0.027837135,-0.009184375,-0.020229856,-0.019717198,0.025894813,-0.03241015,-0.0016222337,0.0062672836,0.0009763152,0.0013673443,0.021065464,-0.050157443,-0.011558723,-0.042795513,0.008226799,-0.03193886,0.023536403,-0.013130541,-0.037421864,0.0052972864,0.01104182,0.0023599425,0.04789696,-0.052048802,-0.034266494,-0.002142548,0.0110776,0.037136305,0.015909178,0.020785835,0.050275166,0.0022663395,-0.0036110743,-0.02123933,-0.06463946,0.016789995,-0.020213919,0.048917964,0.04263115,0.03813156,-0.01254863,-0.017388824,0.050719798,-0.02852438,-0.021329511,0.04161483,-0.023641765,-0.00017255147,-0.012041052,0.0141689265,0.036625262,-0.01159502,-0.00994025,-0.0020183728,-0.053149126,-0.00685602,-0.016854156,-0.07590248,-0.04412386,0.05471757,0.044801507,-0.0073133046,0.024319317,-0.028632816,-0.03323219,-0.00891562,-0.11783135,-0.022492895,0.008537908,0.0020581551,0.0011805636,-0.016901348,0.025525047,0.06506512,0.041252896,-0.0037450131,-0.040115684,0.007465416,-0.010948291,-0.0078359945,-0.022140129,0.06667403,0.014334768,0.013917135,0.05313727,-0.062366735,-0.060886215,-0.03517752,-0.002948938,-0.011973893,0.062237706,0.024415398,-0.032592442,0.00077077554,0.042412862,-0.034051187,0.015293297,0.02975688,-0.011715701,-0.057724986,-0.032147434,0.043236274,0.0053414204,0.09083502,-0.06262811,-0.024266826,0.0007362361,-0.016187664,-0.007329082,0.025900835,0.025353244,0.033569835,0.032890424,0.054367863,-0.008774085,-0.035076093,0.026917778,-0.02241219,0.051696036,-0.011475409,0.0556712,0.03716325,0.012905342,0.014889648,0.006096831,0.024054786,0.024806421,-0.043567665,-0.014627526,0.025941614,0.006974545,0.029940307,0.0059880046,-0.006852544,0.06545918,-0.019020986,0.031779353,0.020540362,-0.008201172,-0.03193303,-0.039602306,-0.043253336,-0.0076447385,-0.051585015,0.0818411,-0.039142724,-0.01967017,-0.022541301,0.0099889655,0.004632974,0.024022691,0.011688469,0.057556853,0.06766548,-0.013336843,0.0008623096,0.056027517,0.015807873,-0.018311173,0.06474653,-0.0641839,-0.010795555,-0.030820033,-0.06275815,0.044051427,-0.038469948,-0.031535864,-0.036859773,-0.041026767,-0.018195499,-0.00048795593,-0.004050088,0.010143419,0.06282833,0.004406229,0.046231292,-0.048980623,-0.004773983,0.019416,-0.011109211,0.033335507,0.0024520205,-0.022439882,0.010266035,-0.032609597,0.0041714786,0.05431931,0.009123484,0.111032195,-0.00686136,0.010077737,-0.072468795,-0.102902405,0.045680057,0.02839473,-0.0072703646,-0.00826348,-0.06136787,-0.004873449,0.010873111,-0.039862208,-0.046733804,-0.009782687,-0.009751263,0.021249063,0.012138941,0.045305908,-0.0015369708,-0.015430801,0.0072159013,0.022491343,0.016433593,-0.012320393,-0.00088494923,0.0035543262,0.028918281,-0.025436865,-0.0093086,-0.034187973,0.052977715,-0.057886083,0.005355165,0.052880984,0.038064107,-0.0128523735,0.035155557,0.0038407121,-0.015233798,0.03238905,-0.021816209,-0.009031356,-0.017140303,-0.006939083,-0.012645667,0.004028746,-0.012565671,0.034677766,0.08236143,-0.0064085033,0.027788507,-0.048260942,0.0023777068,-0.0030632156,0.010974172,-0.017725637,-0.010007162,0.015432094,-0.027658751,0.036950294,0.004381112,0.057570167,-0.022123862,0.0047633587,-0.0054590376,0.0068008467,-0.0019904207,-0.005365888,-0.05756819,0.010631402,0.002119744,0.026564289,-0.017138638,0.016216803,-0.00055546075,-0.0012994903,-0.002422775,-0.017065188,-0.0056093438,-0.067191586,-0.0044225142,0.028414194,0.024510922,0.0200888,0.055030193,-0.03206671,0.0010823131,-0.030520229,0.02905772,-0.041461818,0.013069494,0.041187562,-0.010385189,-0.013080425,0.019799976,0.025442071,0.011500465,-0.023990883,-0.030565288,0.037956376,0.032000426,-0.008312582,-0.003927929,-0.0012012568,-0.022140227,0.02563346,0.04866358,-0.02930194,-0.02487416,-0.048804276,-0.007770335,0.015722724,0.010832992,-0.06675011,0.030270044,-0.014803597,-0.03346248,0.0081778895,0.010689251,0.006561236,-0.037077095,-0.024021536,0.017002892,-0.06119026,0.0028287051,0.012191647,0.009861268,0.033303052,0.078732744,-0.0319112,0.026768897,0.0058425064,-0.012729337,0.058171563,0.02457751,0.0022961237,0.022052187,0.0033124352,0.024036665,-0.023507401,0.027419163,-0.03603129,0.02108564,0.0054092514,0.06906991,-0.015994083,-0.023151956,-0.0392386,0.015836488,-0.00031833834,-0.0334872,-0.048850086,0.020034304,0.00090529426,0.0051946254,-0.037363574,0.063349724,0.018410025,0.0074476553,0.0073035285,-0.118579715,-0.01204524,0.03175281,-0.016862258,-0.0006407065,-0.0012997729,-0.003460403,-0.01919597,-0.05014109,0.0026136711,0.029908046,-0.025308069,0.0022122243,0.016387353,-0.010509094,-0.03485552,-0.010631362,0.0055252863,-0.0070059737,-0.052619096,0.0020971545,-0.017143361,-0.034491505,-0.00443616,-0.0008977141,0.011118471,-0.020338958,-0.02487953,-0.030070249,-0.018864466,0.039523736,-0.06298349,0.0037924026,-0.004670094,-0.021042304,0.002098536,0.019709509,0.029675176,0.040565416,-0.04095243,-0.0320801,0.02394567,0.018480167,-0.026557835,0.06917296,-0.009117701,-0.05106451,0.010979984,0.015218517,0.021321692,-0.043529447,-0.016638156,0.04841958,-0.005649816,-0.040029585,0.012312018,-0.0104093645,0.06370646,-0.005586502,-0.0030195042,-0.042616148,0.080438435,0.05222316,-0.01402859,0.012553858,-0.03214564,0.062269237,0.06353383,-0.010916144,0.0494531,0.036778767,0.04288369,0.016996255,-0.015630152,-0.05778677,-0.02031898,0.09800619,0.012332495,0.022439215,0.0119248135,0.07993091,0.0076920637,-0.0024457064,-0.020609513,0.023184134,0.021337638,0.010384437,-0.03923921,-0.0051332596,-0.04309623,0.039159033,-0.024112249,-0.028789403,0.04310259,-0.0028227181,-0.0061032604,-0.013034231,-0.0054630125,0.0006491073,-0.02791099,0.039485034,0.014995271,0.0034857818,-0.016273888,0.048434317,0.080474295,-0.014532163,0.06506197,-0.01917502,-0.0021340316,-0.01973693,0.0577405,-0.042253755,0.016593095,0.0393821,-0.029307468,-0.060137864,-0.0193837,-0.022911323,-0.019834561,0.043729976,-0.050847072,-0.0592637,-0.0031232089,0.027171558,-0.014158105,-0.0035041692,-0.040439434,0.032317966,-0.04882135,0.01612249,0.020006228,-0.022521377,0.036526494,0.005037639,0.0030460386,-0.04507149,0.045406643,-0.0009837786,0.027525254,0.03515302,-0.014858408,0.01618654,-0.022800265,2.4294322e-05,0.009568019,0.050373796,0.035565548,-0.008185427,0.03511469,-0.017425312,-0.011836554,-0.016946387,-0.032438125,0.091226004,0.027353497,0.00065056223,0.025440156,0.003934707,-0.06554534,-0.0026233278,0.014683398,-0.028594544,-0.024649134,0.052944593,0.004354731,0.08127721,0.03052632,0.05166311,0.036744416,-0.04925346,0.027097762,0.0641371,-0.021520164,0.03791251,0.06822302,0.0434873,0.012357117,-0.055740263,-0.005743396,-0.008814817,-0.0190244,0.029416429,-0.06631402,-0.020732792,0.014190678,-0.019206397,0.015777038,0.037318453,-0.032346006,0.0020843751,-0.034731854,-0.031112973,0.018369092,-0.030860256,0.008084294,-0.0465118,-0.045059316,0.04378744,0.0005430015,-0.017288232,-0.01128458,-0.04579525,-0.06631655,0.027429918,0.09066022,0.0028899673,0.012593065]', '{"chunk_size": 500, "chunk_index": 5, "document_id": 10, "chunk_overlap": 50, "document_title": "场馆使用"}', 382, '2026-04-13 00:25:24.050667');
INSERT INTO public.knowledge_chunk (id, document_id, chunk_index, content, content_hash, embedding, metadata, char_count, create_time) VALUES (139, 11, 3, '## 其他问题

### Q：怎么开发票？

**A**：您可以在前台办理，提供开票信息，我们会为您开具增值税普通发票，开票金额为您实际支付的金额。也可以在公众号提交开票申请，我们会将电子发票发送到您的邮箱。

### Q：我在健身的时候受伤了怎么办？

**A**：如果您在健身过程中受伤，请立即停止训练，联系附近的教练或前台，我们有专业的急救人员与设备，可进行紧急处理。如情况严重，我们会协助您送往附近医院。

### Q：场馆可以停车吗？

**A**：场馆所在的现代城有地下停车场，会员健身可领取停车券，前 3 小时免费，超过部分按 5 元 / 小时收费。

### Q：我可以在场馆里吃蛋白粉吗？

**A**：可以的，您可以在休息区饮用补剂，但是请勿在器械区进食，避免弄脏器械。

### Q：场馆有 WiFi 吗？

**A**：有的，场馆提供免费 WiFi，账号和密码可在前台或场馆内公告栏查看。

### Q：可以带小孩来健身吗？

**A**：16 周岁以下未成年人需由监护人陪同入场，且禁止独自使用力量器械。我们建议家长为孩子选择我们的儿童体适能课程。', '9fceef31f2dabb283baad71ebf118f54', '[0.01485265,-0.026434442,-0.0058374936,-0.013803461,-0.046947367,0.021234244,-0.015039527,0.05727406,0.020838827,-0.060462404,-0.014256945,-0.04355731,0.016359214,0.0068814587,0.06743162,0.057627633,0.017447144,0.06558369,-0.0883539,0.029121688,-0.07507511,0.012038451,0.086148344,0.0011271021,-0.012245565,0.08025468,0.02091959,0.057571784,-0.011232931,0.01581542,0.020353789,0.009463508,0.018634306,0.020249024,0.05204297,0.0005690749,-0.007014131,-0.004810943,0.075598046,-0.0071973274,0.01947403,0.07528351,-0.007379373,-0.014036284,0.03343893,-0.021681102,0.016728235,0.008320597,0.0179436,-0.014559643,-0.017549548,0.019276833,-0.034450084,0.06564567,-0.05739161,0.013696546,-0.0107554,0.020448266,-0.002350001,0.035412095,-0.03474658,-0.030867783,0.022907926,0.057602707,-0.015736949,-0.04258114,-0.040718257,0.018420726,0.008486684,0.08717379,-0.025549069,-0.051420946,0.013138086,0.0013406079,0.1305613,0.014383771,-0.03352432,-0.04335635,0.012256104,-0.03760624,0.0024051834,-0.08484639,-0.0008835443,-0.0071200025,0.030038008,0.00894984,-0.025525035,-0.037354827,0.052199952,0.018533055,-0.009853721,-0.07930879,0.02256343,-0.009844555,0.008601274,0.0045700585,-0.01254253,0.057482325,0.0029884756,-0.0329504,-0.02725094,-0.014753376,0.00029801455,0.055379387,0.002592372,0.029959016,0.013966192,0.012226742,0.023844894,0.017483698,-0.03245059,-0.014827659,0.019440057,-0.033275433,-0.005012684,0.014984595,-0.06227123,0.03373831,0.024356784,-0.059019193,0.005590712,0.052491352,0.032541905,-0.0051659117,0.012614456,0.015360596,0.027086344,-0.036764737,0.0015318235,-0.030022683,-0.0018936882,-0.03581023,0.017414158,0.025958799,-0.00969827,0.041754015,-0.0036824588,-0.017584506,0.049625583,-0.0005441512,-0.02597097,-0.04423861,0.022502262,-0.0025624367,-0.03231698,0.08701803,0.018163376,-0.0030528768,0.05901301,0.07257386,0.08620164,-0.033285346,-0.007996744,-0.038740315,-0.011996635,-0.08318376,-0.015451688,0.0058065685,0.030223,-0.02489928,0.020295037,-0.026692003,0.06747713,0.037079494,0.051985078,0.047390584,-0.01507256,0.01986131,-0.058260106,-0.003836098,-0.013321206,-0.036063425,-0.00292311,-0.032397937,-0.018069897,-0.01094101,-0.029636757,0.014938945,-0.008450625,-0.016891912,-0.008977114,-0.0009786992,0.028246153,-0.0038728928,-0.04461503,0.009907673,0.017730337,0.07667091,-0.068748385,-0.029668862,-0.023586579,-0.028566277,0.056802716,-0.009036971,-0.0017446136,0.026659139,0.0030969032,0.008720175,0.029143348,0.002737034,-0.015309259,0.02683266,0.040832363,0.014807831,0.06795287,-0.009906041,-0.012576206,0.024009721,-0.10748412,0.0051393216,-0.050659917,0.057526536,-0.0338293,0.053593654,0.026827652,0.016231816,-0.083991475,-0.015469805,0.012640483,0.0014469139,0.02531423,0.005763539,-0.05983843,-0.02193917,-0.016854258,0.03520678,-0.055490557,0.00018935789,-0.0143598635,-0.026916299,0.051648904,0.0046107494,0.033495564,0.07440972,-0.07287704,0.017592277,0.0040305196,0.006705932,0.07911648,0.0062340912,0.01710552,0.045863055,0.013566471,-0.03790746,0.0025572677,-0.031320434,0.022737151,-0.032420184,0.00011693144,0.038772915,0.016611842,-0.03649139,0.0012909286,0.06465232,-0.037210442,-0.019835103,0.04234959,-0.016885329,0.0241855,-0.02895334,0.003219669,0.055357534,-0.03883981,-0.0037445172,-0.06730564,-0.01162886,-0.02012353,-0.044216182,-0.08106629,-0.013970498,0.06502748,0.049552828,-0.017720656,0.047884077,-0.01277929,-0.02622463,0.010279813,-0.049100656,-0.006947985,-0.017657738,-0.014118385,-0.029948132,-0.0006255001,0.010437619,0.04094436,0.01881089,0.017368626,0.0007167721,-0.01419463,-0.063399374,-0.009612155,0.014411705,0.05411674,0.02217043,-0.020284131,0.0068391594,-0.04210423,-0.026099715,-0.034938652,-0.0028030348,0.033753417,0.021356722,-0.013733728,-0.04826454,0.028537855,0.01913715,-0.044709343,-0.0073197475,0.054675095,-0.018752046,-0.034277517,0.029298117,-0.020339321,0.0030739356,0.06496722,-0.04129001,-0.040650066,-0.06462537,-0.04049956,-0.009702201,-0.02617553,0.036959004,0.03174224,0.002066544,0.074874505,0.012916818,-0.025677677,0.03297282,-0.07194825,0.0750337,0.023566056,0.043517843,0.003431379,-0.03474084,0.04449948,0.021881271,-0.0082197925,0.041695282,-0.009619605,-0.055315904,0.028131345,-0.017883105,0.056277446,0.009803686,-0.014750073,0.081354864,0.011534926,-0.011776769,0.00068520056,-0.036295157,-0.008292467,-0.024281083,-0.018167738,-0.011832084,-0.047037527,0.073585145,-0.029132774,-0.043533396,-0.011143899,-0.014469187,-0.016964583,0.0080643445,0.03405405,0.024750313,0.034295615,0.0064475164,-0.008250368,0.048793152,0.029619394,-0.004952139,0.0815475,-0.0063860063,-0.016298361,-0.009299403,-0.056191366,0.046470303,-0.030049393,-0.036536887,-0.0046649682,-0.03485975,-0.008205623,-0.02099484,-0.0007162678,0.01273635,0.05067709,-0.0106995,0.013791607,5.508427e-05,-0.018547416,0.0032038512,-0.036577787,-0.005702109,-0.02743688,-0.00021656258,0.009912168,-0.013361723,0.0110284975,0.055152584,-0.030489372,0.054702494,-0.0064567677,0.027049882,-0.08303437,-0.091537125,0.06061763,0.028802607,0.035464574,0.0022316002,-0.020217968,0.003028484,0.041061405,-0.03444004,-0.0040207137,0.0074556284,0.0075622913,0.019655498,0.05871618,0.05298465,-0.014618364,-0.033268895,-0.030145772,-0.04775434,0.041724272,0.013854165,-0.028081888,-0.029922782,0.05941285,0.020791838,0.041873932,-0.021466909,0.042663723,-0.054222513,0.012168352,0.0025965387,-0.012791611,-0.01981377,-1.2681315e-05,0.008465422,-0.021172121,0.0016369668,-0.010531683,0.022147799,-0.008441234,-0.042985506,-0.014217193,0.01468109,0.0062590153,0.012986539,0.020284858,-0.014488802,0.025594397,-0.047320858,0.024885856,0.08810791,-0.027004946,0.016688628,-0.002769897,0.03694207,-0.05163716,-0.016139576,0.033228345,0.0423294,0.037744924,0.052951183,0.03768213,-0.0061454913,0.011541465,-0.033105478,-0.09923631,-0.028209994,0.03490763,0.03551711,-0.063544534,0.016945163,0.024776082,-0.0045287656,-0.05176162,-0.005379049,-0.007567015,-0.03479328,0.008153953,-0.017775984,-0.001444246,0.0589793,0.077168584,-0.006849504,-0.019880533,-0.04134517,0.061722685,-0.024424344,0.05293802,-0.005662526,0.0040523186,0.020151151,0.031503126,0.029449498,0.016737659,-0.03708368,0.020670108,0.016326008,-0.0321891,-0.013823259,0.014983656,0.038706437,-0.013012477,0.02303923,0.0816655,-0.01875388,-0.031100793,-0.042395588,-0.0071670692,-0.005012047,-0.027953193,0.0041653877,0.002628973,-0.06264738,0.009206977,0.044411734,-0.00018963739,0.025919972,-0.017432293,-0.024415303,0.061953183,0.0022614251,0.045572307,0.027072579,-0.016696716,0.015309543,0.044530306,-0.0016152284,0.005975748,-0.012340139,0.0068193567,0.041430388,0.058022693,-0.04100178,0.059949566,-0.010278622,0.009614913,-0.050436076,0.016052494,-0.07574019,0.039518848,0.001240881,0.007183726,-0.0139556015,0.027666803,-0.026548281,0.037399605,0.0072435727,-0.00032548906,-0.009051698,-0.067721106,-0.01225731,0.049354997,-0.021294085,0.045324244,-0.0015595108,0.040793173,0.018627746,-0.1087561,-0.011401332,-0.022879219,0.0042187013,-0.046654873,0.02345382,-0.018966492,-0.041384876,-0.05481505,-0.024274804,0.0015126545,-0.054903522,0.022260357,-0.0014836438,0.022486223,-0.05886637,0.010644741,-0.012842393,-0.033729672,-0.03277257,-0.041131716,0.0055558365,-0.014906158,0.014890562,0.006631244,0.005480032,0.0037047574,-0.027046416,-0.029481292,-0.0199233,0.014229131,-0.045914643,0.037289243,0.028051687,-0.0529453,0.014296668,0.03831091,0.0550306,0.021291532,-0.008584959,-0.017302517,0.019804137,-0.023967844,-0.027115982,0.0381239,0.00017202589,-0.035094596,-0.030573398,0.006228339,-0.021327378,-0.03051432,-0.047130127,0.07024544,-0.007474486,-0.01636984,0.005796067,0.00025668473,0.043010306,0.00986612,0.035945687,-0.02634233,-0.006562289,0.029270867,-0.026481194,0.05790668,-0.008817278,0.0351003,0.0827282,-0.005518111,0.02070352,0.027134916,0.057918064,0.011565403,0.00383175,-0.06750057,-0.037831835,0.056252655,0.060258854,-0.019439533,0.008928023,0.0734115,0.0051411414,0.05473319,-0.031247735,-0.0012996776,0.01866231,0.014588197,-0.019870663,0.023499152,-0.08587854,0.039751697,-0.0047795195,-0.036590565,-0.009215835,-0.020324808,0.0027897141,-0.0020941012,-0.017900992,0.018118333,-0.06290632,0.02173448,-0.013645117,-0.04682937,0.025462985,0.082918204,0.026390795,-0.01889659,0.027297998,-0.014942746,-0.008904771,-0.039488204,0.0099031,-0.041516066,-0.019143915,0.029945342,-0.012840322,-0.08367444,0.021936644,0.026939468,0.0388246,0.054907985,0.005310791,-0.009346644,-0.012604493,0.019688414,0.014256393,-0.042778123,0.013109643,0.004340218,-0.07744536,0.04360877,0.0068925195,-0.08244493,-0.016928919,0.013078965,0.014743218,-0.01898248,0.039530877,-0.03366493,0.039099324,0.019805731,-0.03213991,0.047354892,-0.050101038,-0.0045052357,-0.040406566,0.025305947,0.042832386,-0.005487624,-0.012370307,-0.009261872,-0.027306782,0.012815017,-0.00028546865,0.06414453,0.03367332,-0.040882446,0.06043137,-0.029659126,-0.007470909,0.0020021936,-0.029554086,-0.0029515505,0.024324017,0.05424481,0.017868398,0.09126453,0.084564805,-0.0016536164,0.0087904185,0.00806738,0.06015493,0.052890748,0.010800324,0.07698554,0.057935145,0.03265297,-0.0061696484,-0.025334341,-0.0133704,-0.033478566,-0.043831285,0.07524377,-0.073112875,-0.01238405,0.032937355,0.013529702,0.020980846,0.04364458,-0.005796043,-0.07207631,-0.045695115,-0.071828485,0.0027712383,-0.014803997,0.015974162,-0.013992033,-0.02918398,-0.012989365,-0.017808815,-0.041636556,-0.018325344,-0.029709857,-0.07309829,0.012698529,0.0144016985,-0.001776013,-0.008620674]', '{"chunk_size": 500, "chunk_index": 3, "document_id": 11, "chunk_overlap": 50, "document_title": "常见会员问题汇总"}', 487, '2026-04-13 00:32:44.390518');
INSERT INTO public.knowledge_chunk (id, document_id, chunk_index, content, content_hash, embedding, metadata, char_count, create_time) VALUES (140, 11, 4, '### Q：场馆提供毛巾吗？

**A**：场馆不提供免费毛巾，建议您自带毛巾。如需购买，前台有运动毛巾售卖。

### Q：私教课可以退吗？

**A**：私教课程一经购买，原则上不支持退款。如有特殊情况，可到前台咨询，按剩余课程价值的 80% 退款（扣除 20% 手续费）。

### Q：如何查看我的消费记录？

**A**：您可以在公众号会员中心查看所有消费记录、预约记录、体测记录等。也可以到前台打印详细账单。', 'bf027c6e3b2f6a7e903416fd1cc57139', '[0.0016862813,-0.02015449,-0.017569277,0.023856219,-0.028200455,-0.0026349013,-0.044171054,0.041337013,0.0332969,-0.03810541,0.04066091,-0.06375718,0.057004992,0.026610415,0.04766813,0.03866307,-0.04318149,0.07206655,-0.12499655,-0.0033581886,-0.045461155,-0.024395049,0.03259587,-0.064100675,-0.071648784,0.022673717,-0.03741856,-0.0051155463,0.0047047287,0.044739477,0.01854395,0.019386025,0.020051328,-0.036801368,0.04088189,-0.0020268247,-0.02548478,-0.011981116,0.08242784,0.0068612886,-0.020413188,0.052366715,-0.0217767,0.07170193,0.04488933,-0.06453358,0.025439013,0.01351049,-0.046305068,0.022120068,0.004322413,0.044424344,-0.013214507,0.083354905,-0.0374577,0.08100755,-0.011952498,-0.017453892,0.005437006,0.056459237,-0.0018969699,-0.019685257,0.020201502,0.0438919,-0.010805982,-0.063027516,-0.016073767,-0.0020351426,-0.013797716,0.09434731,0.0040051034,-0.042972762,-0.03450169,0.05012903,0.15393099,0.040040884,-0.026811393,-0.020932367,-0.0037599902,0.0040592193,0.029163474,-0.05245697,-0.0059413416,-0.0079165995,-0.0014024696,-0.02138146,-0.04037187,-0.06744794,0.013462232,0.0047353916,0.052750707,0.0068463883,0.04427149,0.0019736378,0.020823846,-0.023008455,0.009642273,0.058758464,-0.034244027,-0.04184868,-0.004242647,-0.029360315,0.01562081,0.029775778,0.0081494935,0.045471184,-0.007208267,0.02655582,-0.010327921,0.07045666,-0.037576,-0.05724903,-0.0077868733,0.009515695,0.055620562,0.0018614684,-0.10568118,-0.007117942,0.05815412,-0.016696535,0.040625703,-0.0041425307,0.028152859,-0.03150014,0.02627142,-0.013129479,-0.016443852,-0.018900966,0.0043631983,-0.033086102,-0.012258018,-0.020765182,0.025725106,-0.00029932527,0.004732781,-0.001089358,0.017591963,-0.0053320033,0.051787272,0.020169826,-0.02917857,-0.06628902,0.02126925,-0.011927957,-0.022296503,0.057994235,-0.01052996,0.0041485373,0.0035628998,0.049074847,0.08849183,0.015616477,-0.010975793,-0.036184363,-0.063285366,-0.04841655,-0.0094796475,-0.042087898,0.0096253995,-0.026256135,-0.041801963,-0.04587948,0.07343895,0.03567823,-0.033063404,0.06758159,0.0075722015,0.0147097595,-0.022111157,-0.012672888,0.03507804,0.008351051,0.033695076,-0.05145629,-0.020572973,-0.002877282,0.018410621,-0.013004581,-0.009328415,-0.0007925741,-0.0019203481,0.026380893,0.003255994,0.0048062745,-0.007823327,0.04591816,0.0082507795,0.038542766,-0.047743358,-0.050856795,0.03401581,0.014258592,0.030885588,-0.050663844,0.08714717,0.021192512,-0.016260102,0.031547703,0.04429561,-0.030347547,0.05330776,-0.0048673344,0.042972837,0.015704675,0.013379036,0.015752485,-0.042490687,0.0022237608,-0.115936585,0.011708637,-0.06533783,0.06731712,-0.025939444,0.022361178,-0.0006468156,0.00893265,0.019983191,0.0314949,0.00041114405,0.08010296,-0.0055680135,0.02425984,-0.050879292,-0.01967679,-0.04499581,0.0005889813,-0.06204755,0.023035727,-0.05558478,-0.03196125,0.012556355,-0.00625827,-0.024349734,0.052080873,-0.053781,-0.018060146,-0.021405708,-0.01890108,-0.025752982,0.031618904,0.03641657,0.02094905,-0.033038694,-0.010719027,-0.045347787,-0.065634735,0.0055149877,-0.028439283,0.014347732,0.010553082,0.008802889,-0.056603286,0.005187935,0.052370064,-0.01816015,-0.0109769525,0.014211354,0.038458895,0.0022509159,0.017515548,0.0014587613,-0.014465115,-0.04316056,-0.015304058,-0.07846088,-6.106426e-05,-0.008186055,-0.028953413,-0.063050255,-0.032224417,0.050271377,0.010087603,0.010231309,0.036202528,-0.012209699,-0.008674569,0.023931434,-0.0039357054,0.0060041603,-0.021242078,-0.0018293234,0.0077979458,0.0050135097,-0.013882937,0.013181655,0.0005395684,0.011980911,-0.10859915,-0.005606533,-0.015643578,-0.028053485,-0.011083513,0.048920825,-0.040663347,-0.014375817,0.023853656,-0.05313525,-0.015285251,-0.02757487,-0.027941473,-0.020953353,0.007777129,-0.045228116,-0.029733516,0.050443318,-0.0017055161,-0.035590757,0.0019751876,-0.028255781,-0.011074472,0.043546475,-0.04627581,0.038662028,0.016781075,0.059597302,-0.05172324,-0.03323953,-0.051607974,-0.026479032,0.027060075,0.0455804,0.047124308,0.046782207,0.0026316869,0.04419558,-0.03461366,0.03553612,0.0863569,-0.073701225,0.024472628,0.0707118,0.04382467,0.014874046,0.022515424,0.03415815,0.026332228,-0.008412614,0.031588893,0.016590605,0.027271977,0.039801184,-0.016545083,0.0025889135,0.025512252,0.020588217,0.06463939,0.01915729,-0.0066872016,-0.03582971,-0.04566064,0.025831293,0.03774845,-0.053045753,0.004630121,-0.04402858,0.039813925,-0.02196077,0.020561278,0.037390523,0.012300303,0.008864489,-0.012974477,0.01849935,0.060168292,-0.007476546,0.037233096,0.03464024,0.051928315,0.031491037,0.013904618,0.07618078,-0.03784865,-0.013479198,-0.032990165,-0.03803674,0.04054098,-0.02068043,-0.0426884,0.028755672,-0.020841092,-0.0468367,0.004211801,-0.00442715,-0.0032318162,-0.027175901,0.021037126,-0.012053191,-0.046080455,-0.02279044,0.024372207,0.0023291844,-0.029817007,-0.013339814,-0.00758321,-0.033642672,-0.019251384,0.0025129404,0.042233728,-0.009077207,0.06103872,0.004182925,0.0013140873,-0.07224824,-0.08422248,0.03223854,-0.032178912,0.020386267,-0.045781136,-0.054220363,-0.0031000173,0.0030752374,-0.007821202,0.002393187,-0.0010686805,0.0044020014,0.035945654,0.059230633,0.04222118,-0.03966892,-0.032389864,-0.02034367,-0.042802148,0.036904156,0.035388242,0.0017131122,-0.04314027,0.041389182,0.010395581,0.047355182,0.022976195,0.028054813,-0.026009226,0.03324778,0.045546588,-0.051622186,-0.02816766,-0.0044062412,-0.0006821767,-0.007531786,0.025382357,-0.018462501,-0.024535766,-0.016254267,0.021017907,0.008683533,-0.049116377,-0.008983042,0.015363675,0.05366497,0.009266466,0.035116706,0.007418694,-0.0046292567,0.05225739,0.0014824896,0.015306167,-0.037417118,0.054568622,-0.041410904,-0.011852343,-0.014187004,0.0378026,-0.03427074,0.066365644,0.0118692145,0.0046380963,-0.004231486,-0.010512843,-0.0830829,-0.0026112755,0.036782496,0.013817224,-0.01296287,0.039936293,-0.027434511,-0.054474212,-0.054546393,0.014522195,-0.021559343,-0.030749716,-0.03034054,-0.020418346,0.0014399437,0.055932127,0.03180477,-0.017904844,-0.007017289,-0.08033338,0.0731778,-0.022424888,0.024598451,-0.022026595,0.018238962,-0.016308317,0.055700142,0.049371596,0.062347807,-0.049122307,0.017490203,-0.0038544743,-0.03473659,-0.020773321,0.008356706,-0.029864771,-0.0031032867,0.017559808,-0.02998409,-0.012734678,-0.016130421,-0.04187532,-0.060747016,0.025684353,0.002420932,0.013688136,-0.018421834,-0.03133767,0.007880223,0.055287294,-0.061720997,0.013293773,-0.0021556101,-0.02801934,-0.0042961906,-0.021740083,0.014192241,-0.026169863,0.052683894,0.015994143,0.022756107,-0.014128539,0.015080537,0.005621032,-0.0041750036,0.03015982,0.06047942,-0.05221978,-0.0016502356,-0.0077464003,0.01676158,-0.049716543,-0.061805937,0.01925527,-5.5979544e-05,0.03093273,-0.004539143,-0.028291218,0.047949042,-0.0062123495,-0.012707603,-0.012883657,-0.021591285,0.013354081,-0.03896477,0.0010273431,0.014677637,-0.00060091406,0.047688175,-0.0032854823,0.03126104,0.01995091,-0.06983172,0.005598285,0.0067614364,-0.03366441,0.004177355,-0.013235913,-0.07279886,-0.03829496,-0.06640753,0.0070768287,0.02003217,-0.048704877,-0.009007464,-0.0005243888,0.013628976,-0.119692124,-0.026163647,-0.0170918,-0.022038793,0.020005316,-0.033815015,0.0006636423,0.01754583,0.02711576,0.021037744,0.043848205,0.007573437,-0.015597413,-0.11676174,-0.035184283,0.043608226,-0.07532295,-0.008948492,-0.0033764604,-0.037795402,-0.036827046,0.042751312,0.08905474,0.03379834,0.02735819,-0.0054638726,0.03046913,-0.054082964,0.011934856,0.0100107435,0.025799775,-0.065340444,-0.022517988,-0.014372267,-0.030177573,-0.0035342618,-0.010191367,0.0239148,0.027401255,-0.035943653,-0.04939634,0.015018106,0.034228865,-0.0015190095,0.011862235,0.015963955,0.011686766,0.017745959,-0.024456697,0.009036427,0.031055497,0.07081161,0.064628355,-0.0032459632,0.04019788,0.045711417,0.05746245,0.0010900084,-0.019184774,-0.02132331,-0.0017063982,0.06016216,0.045720335,-0.0043819384,0.030185869,0.028680054,-0.02248058,0.043918267,0.0049981438,-0.02037459,0.0021782108,0.02756975,-0.020918733,-0.021773377,-0.02559519,0.059367184,-0.0050086323,-0.008026457,0.007174466,-0.015706077,0.02453377,-0.0013972321,0.026737606,0.04685057,0.02302117,0.017717024,0.02577435,-0.010931057,0.008692303,0.06867491,0.024851123,-0.010965779,0.012622674,-0.004273087,0.02778995,0.009740669,0.031416647,-0.052563243,-0.040737614,0.079207525,0.0025275403,-0.037903205,-0.027919741,-0.035579745,0.04960707,0.0030046664,-0.025996562,-0.06477603,0.0410065,0.023624634,0.0447279,0.013099082,-0.03716752,-0.009049872,-0.03423814,0.04595453,0.038507145,-0.0386968,0.024580307,0.010320127,0.025842998,0.000950758,0.0513671,0.016594427,0.023135582,-0.019539107,-0.011486676,0.014443708,-0.004466519,-0.04039008,0.002014549,0.053186648,0.026525643,0.007173101,0.0057020946,0.009672204,-0.02921028,-0.03214162,-0.012264954,0.006418653,0.04319166,-0.03249491,0.06887263,-0.016311383,0.026523484,-0.01786923,-0.028511427,-0.060825,-0.0033547,0.04641005,-0.033595167,0.07064315,0.07424203,0.020004882,-0.014580256,-0.002079067,-0.017217211,0.06494426,-0.08692408,0.015490389,0.011195016,0.022877464,0.01718766,0.011461227,-0.012954774,-0.04565435,-0.047300275,0.013699787,-0.08169376,-0.00073126436,0.03676392,0.009049985,-0.009157196,0.048363484,-0.01250071,-0.053945392,-0.033982966,0.017320639,0.024977038,0.031408202,0.07984464,-0.012371112,-0.012693649,-0.016127866,0.007699835,-0.07477467,-0.004073702,-0.014285073,-0.03054554,0.024466103,0.0331535,-0.0064528137,-0.021146428]', '{"chunk_size": 500, "chunk_index": 4, "document_id": 11, "chunk_overlap": 50, "document_title": "常见会员问题汇总"}', 210, '2026-04-13 00:32:44.440469');
INSERT INTO public.knowledge_chunk (id, document_id, chunk_index, content, content_hash, embedding, metadata, char_count, create_time) VALUES (117, 8, 0, '## 会员卡类型与价格

我们提供多种会员卡类型，满足不同用户的健身需求：

| 卡种类型 | 价格 | 适用人群 | 备注 |
|---------|------|---------|------|
| 月卡 | 399 元 | 短期体验用户 | 有效期 30 天，开卡后生效 |
| 季卡 | 999 元 | 季度训练用户 | 有效期 90 天，平均每月 333 元 |
| 半年卡 | 1699 元 | 中长期训练用户 | 有效期 180 天，平均每月 283 元 |
| 年卡 | 2999 元 | 长期健身用户 | 有效期 365 天，平均每月 250 元 |
| 次卡（30 次） | 899 元 | 不规律健身用户 | 有效期 180 天，不限本人使用 |
| 学生年卡 | 1999 元 | 在校学生 | 需出示学生证，有效期 365 天 |
| 家庭年卡 | 4999 元 | 家庭用户 | 2 大 1 小，有效期 365 天 |

---', '1c18094ea6279b975a6afbe2e5394c6c', '[0.010017964,-0.05719352,0.017783828,0.011260594,-0.019992266,-0.002229958,-0.00017593187,-0.009152994,0.031701628,-0.038791694,0.016498392,-0.04719085,0.027527524,-0.0104036,0.022466455,0.036784794,0.023613833,0.0038913023,-0.10981068,-0.0019898233,-0.032362618,0.019590702,0.009516869,0.0016819027,-0.06268107,0.049310572,0.027745482,0.10943756,0.0055018715,0.011904907,0.019575689,-0.010505949,0.019090911,0.05090573,0.010290462,0.06513362,0.015374701,-0.020840317,0.042379294,0.0013734777,0.0062832944,0.05372492,-0.0025630328,-0.015664209,0.03146955,-0.006704558,0.016024655,0.02436018,0.018623907,0.014674932,-0.018016707,0.043326486,-0.083642215,0.041341804,-0.011140276,-0.016295983,0.012269134,-0.043683566,-0.029958192,0.044534083,0.011134866,-0.0026695018,0.0077435044,-0.024083642,-0.014161883,0.015634935,-0.008230677,0.044832695,0.030897168,0.116410725,0.018259063,-0.041119214,-0.063325904,-0.017063579,0.12386085,0.068358645,-0.03209734,0.02722131,0.022693925,-0.031310365,0.016818812,-0.002858056,-0.020519314,-0.04983872,0.030764215,-0.0049936115,-0.030477049,-0.056416363,0.03596155,-0.029218368,0.043038037,-0.07070332,0.08907887,0.06647447,-0.03219473,0.026422309,-0.03710822,0.005028231,0.0127535155,-0.029320521,0.016394423,-0.018777557,-0.047151662,0.039000932,0.035706516,-0.001743601,-0.05386386,0.07557903,0.03745562,0.017150825,-0.058940355,0.0035907335,0.007482088,-0.036033735,0.015559788,0.04536208,-0.040410627,0.0386482,0.00058144727,-0.028255517,-0.038517002,0.039209966,0.019450769,-0.022629065,0.043469965,-0.028095724,0.043900892,-0.017460344,-0.028969176,-0.02475782,0.0060392777,-0.029235158,0.0026686843,-0.072338305,-0.011411266,0.010081147,0.024351127,-0.0052454206,0.045070972,0.025767965,-0.022980155,-0.07827319,0.016747087,-0.061642643,-0.0052269218,0.069175705,-0.0044316635,0.036526654,0.017066462,0.025856005,0.09403443,0.014011165,0.017415918,-0.054498836,-0.037384897,-0.01602175,-0.05971573,0.033655148,0.064008854,-0.010348614,-0.040879987,-0.038531184,0.06946383,-0.019745627,-0.03794604,0.01733393,0.0059269737,0.03289434,0.01710838,-0.03638648,-0.007105391,-0.046282157,0.023832757,-0.011207395,-0.029452868,0.02075964,0.0012710073,0.00856232,-0.01677352,-0.037109893,-0.0037907579,0.018345775,-0.0055319895,-0.026727065,-0.066577606,0.052875374,0.003354522,0.041000698,-0.031002102,-0.015892096,0.037583522,-0.023396084,0.092934646,0.00885937,0.01920243,0.03148881,-0.004667185,-0.018428635,0.013159595,0.023699882,0.021756044,0.008359572,0.061393622,-0.050639093,0.040672094,-0.033105575,-0.022170719,0.038420722,-0.055938102,0.027150651,-0.054210413,0.02635573,-0.03684486,-0.01881597,0.0035364067,0.051342636,-0.03102282,-0.005084233,-0.0073275855,0.02016831,0.0036519188,-0.04003313,-0.05232689,-0.028810188,0.008229941,-3.0506248e-05,0.029258525,-0.02498839,-0.0028692575,0.024491105,0.028051356,0.009464954,-0.0054052593,0.06001746,-0.049220905,-0.023489367,-0.0015303801,0.0018341932,0.05020919,0.04741288,0.002511821,0.026700683,-0.0054870923,-0.011048303,-0.045765895,0.0068639894,-0.019395368,-0.062372115,0.007544883,0.026618022,0.017015867,0.0025817747,-0.020651395,0.019558618,-0.015449347,-0.0043555754,-0.006653125,0.040637348,0.016132344,-0.03325982,0.037498422,0.019749666,-0.026177898,0.0056349044,-0.004941304,-0.016216287,-0.008495634,-0.036391657,-0.047439046,-0.0099881925,0.02035291,0.008773672,-0.03679909,0.013343535,0.0025971544,-0.025730072,-0.010699073,-0.054546595,0.03959265,-0.011328669,0.016145974,-0.090525605,0.0042437,-0.013436243,0.04349986,-0.06697365,-0.024647543,-0.008773896,-0.007294062,-0.010314198,0.008960722,0.02241048,0.046552204,0.00067047775,0.027199514,0.026503196,-0.048068527,-0.018870924,0.03117676,-0.0028109588,0.024953036,0.043194998,-0.050593965,0.0072486154,0.014692739,0.047641832,-0.060559038,0.039978925,-0.0082277,-0.029186733,-0.016225716,-0.038260207,0.01642316,0.04463982,0.045902826,-0.038629003,-0.013398595,0.017033923,0.003561908,0.0076299626,0.0054290295,-0.001539142,0.040043477,0.030745221,0.023065869,-0.0031177679,-0.036431096,0.029318267,-0.06044029,0.009203213,-0.030893188,0.03975188,0.034254145,-0.034679867,-0.017432032,0.036952678,-0.014163705,0.055691198,-0.07837467,0.01893148,0.023468442,0.012717012,0.009106767,0.05829912,0.003911861,0.012964329,-0.01872217,-0.025213154,-0.03618137,-0.05277536,-0.023837492,-0.0005178257,0.011474975,0.007978152,-0.10348139,0.059595272,-0.0719235,-0.0013630304,0.02765856,-0.006418524,-0.06249871,0.035760533,0.016561363,0.034521785,0.061275847,-0.008692008,0.035889346,0.026231866,0.05343749,0.0071238205,0.087202296,-0.069310315,-0.025063021,0.0004418412,-0.031393602,0.028045364,0.0077298116,-0.011785259,0.009879958,-0.02811324,-0.03674479,-0.045514956,-0.0041163336,0.019777413,0.027808154,-0.02400864,0.040787477,0.0372822,-0.044479255,0.017331036,-0.012732062,-0.008617096,-0.027177164,-0.00032575446,0.041934337,-0.032366786,0.02660457,0.031953402,0.053310543,0.08660275,-0.03816361,0.013748985,-0.09119818,-0.10325481,0.05120432,-0.007484784,-0.009865503,-0.01731898,-0.03979699,-0.026390726,0.029586434,0.0021139309,-0.0017958378,-0.014896454,0.0021433681,0.008199286,0.08317116,0.009838815,-0.02190222,-0.049565446,-0.0048720436,0.02480486,0.027728012,-0.028126147,0.0023983112,-0.00040246922,0.015185647,0.028095827,0.028776672,0.006244419,0.01721166,0.0070201126,0.01857757,0.051756993,0.015539089,-0.07144689,0.0142497,0.009837197,-0.0069853426,0.048742454,0.02287037,-0.007363232,-0.018347567,-0.02331697,0.006196865,0.0023608871,0.0022171622,0.062536545,0.013818102,-0.020102,0.0057994607,-0.03942709,0.00013709007,-0.033577453,0.018411625,-0.0060674995,0.022679597,0.010501451,-0.05015324,-0.019797867,0.0010360508,0.03175714,-0.014006662,0.046863638,-0.019785808,0.023833042,0.040552597,0.0121230185,-0.06865355,-0.0146161225,-0.04610425,0.0050806957,-0.04324275,0.06724952,0.04350865,-0.04492865,-0.0047852737,-0.017457493,0.003585853,-0.006388931,0.010037434,0.018689334,-0.027716368,-0.013971855,0.013069468,-0.03954911,0.02031407,-0.04722695,0.03106423,-0.007114783,-0.016913263,-0.019080814,-0.0057014646,0.055567715,0.024156367,0.05828694,0.056308463,-0.067295656,-0.040138207,0.042975165,-0.050436642,0.002174918,0.04413289,0.012532021,0.069020934,-0.0062812264,0.0345163,0.0026951402,-0.047672268,-0.026470654,-0.033160716,-0.010159377,-0.022543132,0.019541243,-0.056021105,-0.007011629,-0.00030070558,0.05242185,0.04207807,-0.0044156476,0.01889561,0.0067182146,0.006934527,-0.076375104,0.0020273048,0.03588287,-0.002477168,0.009887574,0.05540748,0.015306635,0.033805735,-0.0084172115,-0.06456782,0.028141312,0.009391118,-0.021438258,0.0664155,-0.0018554043,0.0046061235,-0.0161633,0.03230224,0.0031611903,-0.0016079423,0.017284181,-0.004228433,0.03533089,-0.0033639239,0.030237466,-0.013597517,-0.009646622,-0.032330018,-0.003579502,-0.07767101,-0.026284212,0.023178598,-0.03931291,0.042737573,-0.014644102,-0.009324557,-0.00031881809,-0.06787203,0.017258275,0.014960337,0.038501553,0.013268951,0.03919477,-0.03993473,-0.023880914,-0.03879886,0.012395989,0.06250469,-0.030709025,-0.027850926,-0.028693514,0.031837724,-0.06354416,0.004934885,0.02134842,0.0059247375,-0.026546711,0.031408407,-0.03684336,-0.010106541,0.0055574765,-0.0035157066,-0.017484482,0.0036685963,-0.044201024,-0.0067151524,-0.03926816,0.084781766,-0.11902236,-0.042946048,0.020528791,-0.0637313,-0.058749404,0.032180205,0.037696823,0.04100732,0.013140591,0.010033074,0.008462382,-0.032805745,0.008360643,0.00076278317,0.0005732791,-0.036292855,0.018376522,-0.026011657,-0.04824737,-0.017509403,-0.059905026,-0.000345403,0.04244569,-0.026352303,0.010539985,-0.006011714,0.009610391,0.052541107,0.033182584,-0.002335165,0.064768046,0.08210622,-0.03530878,0.049182985,-0.016971713,-0.0015255214,0.028699458,-0.015770735,-0.03515862,0.041570403,0.061672084,0.0060520577,0.013395767,-0.030838743,-0.04591598,0.08742815,0.07529171,-0.007296848,0.010119539,0.09748141,-0.02397849,0.022191191,0.052167065,0.00083504023,-0.05844845,-0.013394675,-0.023936113,0.0070191384,-0.051572375,0.0027985096,-0.005014146,-0.028287923,0.008377444,-0.0035640164,0.039175216,-0.03570437,0.0577336,0.01436132,-0.109539784,0.031486902,-0.041229844,-0.013732531,0.0024245025,0.10267561,0.029031023,-0.016190166,0.042923637,0.023908509,0.059029773,-0.053395633,0.071332976,-0.06810513,0.020084746,0.04658014,-0.06541937,-0.016496327,-0.02417602,-0.0001869363,0.058454316,0.018415175,-0.013943992,-0.008490923,0.032887336,0.0014845985,0.017073745,-0.028760493,0.022291187,0.052042473,-0.05929287,0.031355817,-0.043407194,-0.008843045,-0.025340155,0.08078052,0.008031622,-0.037563127,-0.00034237624,-0.01635045,0.0009038263,0.050830398,-0.0271182,-0.009306628,-0.06526823,-0.037555072,-0.024404174,0.0027354797,0.030726038,0.03886834,-0.022375125,-0.012616363,-0.02211776,0.027496362,-0.0031989901,0.036563516,0.0121276835,-0.012411401,0.037218556,-0.02376751,-0.024249578,0.00436924,-0.020339733,0.002656983,0.003869809,0.06316373,0.020794583,-0.011246248,0.060552184,-0.00083225174,0.029987179,0.02347084,-0.02533353,0.014427567,0.0043820366,0.042286195,0.03227244,0.09225606,-0.010206375,-0.028050458,0.012088641,-0.033426996,-0.04858946,0.009583238,-0.0060816198,-0.009048391,-0.0026749556,-0.018425573,0.07521212,-0.0073770904,0.005634784,-0.045900468,-0.049250707,-0.026065407,0.022106271,-0.0526257,0.025224559,-0.033457894,0.028199006,-0.0027321402,-0.06016811,-0.042335197,-0.018754158,-0.032398343,-0.019313304,0.029425845,0.06761038,-0.015158637,-0.02909731]', '{"chunk_size": 500, "chunk_index": 0, "document_id": 8, "chunk_overlap": 50, "document_title": "会员卡与收费"}', 429, '2026-04-12 23:56:31.504161');
INSERT INTO public.knowledge_chunk (id, document_id, chunk_index, content, content_hash, embedding, metadata, char_count, create_time) VALUES (118, 8, 1, '## 开卡与会员规则

### 开卡规则

1. 新用户办卡后，需在 30 天内完成开卡激活，逾期未激活卡种自动生效
2. 开卡时需携带本人身份证，完成会员信息登记
3. 首次开卡可免费获得 1 次专业体测服务与 1 次私教体验课

### 卡有效期与冻结

1. 会员卡自开卡之日起计算有效期，有效期内可无限次入场健身
2. 会员可申请停卡（冻结）：
 * 年卡：每年最多可申请停卡 2 次，每次最长 30 天，累计不超过 60 天
 * 半年卡：每年最多可申请停卡 1 次，最长 30 天
 * 季卡 / 月卡：不支持停卡
 * 停卡申请需提前 1 天在公众号或前台办理，停卡期间卡有效期自动顺延

### 卡转让与过户

1. 会员卡支持转让，需本人与受让人一同到前台办理
2. 转让手续费：卡种剩余价值的 10%，最低 50 元
3. 转让后，新会员需重新完成信息登记，卡种剩余有效期不变

### 退卡政策', '8c38adaaef66ca82de4837a159e9b898', '[-0.020713152,-0.081016876,0.026501251,-0.0016883084,-0.005700166,0.035629224,0.0075700763,0.0073634097,0.018808777,-0.04174706,0.019388378,-0.024352206,0.051461093,0.009167966,0.045427598,0.03872327,-0.00056460174,0.052361563,-0.10705863,-0.002424968,-0.024248881,0.03408178,0.04624325,0.01463306,-0.03730831,0.03131511,0.02786545,0.051034044,-0.0050275475,0.0070416564,0.014757169,-0.012452226,0.030476917,0.025763517,0.029790888,-0.012618038,-0.011324771,-0.032458324,0.066481955,0.014901526,-0.0045031235,0.05538122,0.007578106,-0.020988787,0.02577276,-0.041469924,0.01867427,-0.014471534,0.0009807547,0.059529357,-0.012588479,0.06832349,-0.10840412,0.03701931,-0.029573148,0.013937413,-0.006509695,-0.038441084,-0.015416045,0.045572817,0.010175427,-0.0039227405,-0.0020298832,-4.481208e-05,-0.00709841,-0.004931242,-0.009143313,-0.00034518915,0.008926171,0.122968376,0.010419068,-0.057035215,-0.06540631,-0.02755904,0.12494626,0.047605205,-0.04194826,0.0057294527,0.024578279,-0.012240453,0.009577713,-0.025100615,0.008959181,-0.041375693,0.01741278,0.0015696909,-0.04127752,-0.046292506,0.05674696,-0.019056503,0.03525428,-0.055332605,0.08215273,0.015836334,0.009125178,0.0050501693,-0.034310006,0.025750555,-0.04452206,-0.0028652216,-0.0070642508,-0.011770568,-0.015497216,0.0018082415,0.028751008,0.0031683503,-0.014152657,0.034342643,-0.009978019,0.05395984,-0.044861652,-0.042462397,-0.0014832297,-0.0062909527,0.03337276,-0.0022390638,-0.048101477,0.026703348,0.00037375814,-0.025981935,0.0034668653,0.013656332,0.0017602342,-0.03854865,0.02341088,-0.049360905,0.03898916,-0.011684139,-0.010781783,-0.008555963,0.011523745,-0.032221396,-0.0025387781,-0.040714364,0.03951562,0.013566778,0.0043168454,-0.032484148,0.052942954,-0.021778187,-0.029441997,-0.085069284,0.025243528,-0.038452435,-0.004544212,0.062441006,-0.021583974,0.015382731,0.008444823,0.019592073,0.116328724,0.022173854,0.012756518,-0.02433034,0.007802645,0.0059391,-0.05585529,0.020301472,0.04618799,0.008687232,-0.010589903,-0.056141768,0.081123956,-0.0040091793,-0.008898063,0.05567995,-0.006964507,0.033731483,0.01556044,-0.047134507,-0.0006294887,-0.063795134,0.006727952,-0.021243036,-0.014390557,-0.027350776,-0.014105711,-0.0017639977,-0.011192266,-0.02023844,0.010457427,0.005216745,0.021942245,-0.022059137,-0.01026563,0.054252382,-0.0022085202,0.03265586,-0.0489242,-0.015906846,0.025460571,-0.04478403,0.071548074,-0.0012723256,-0.0013460207,0.047610782,-0.010697474,-0.028679477,0.043391515,-0.010919246,0.044141963,0.036036454,0.06307755,0.021689076,0.041869044,-0.0029673122,-0.02828759,0.04988925,-0.12531461,0.021287598,-0.03537814,0.05587401,-0.032989517,-0.0012535163,-0.021954866,0.06434028,-0.048997413,-0.017041104,-0.01856215,0.01704568,0.015350948,-0.0013272428,-0.083385445,-0.0098128505,-0.021227041,-0.013958455,-0.03710657,0.011312789,-0.007478532,-0.0022740548,0.014004564,-0.019307123,-0.0032025275,0.052401908,-0.04321682,0.0073088054,-0.010635218,-0.034934055,0.0119657405,0.035493035,0.013202197,0.011881337,0.013557016,-0.012870147,-0.047236323,-0.04555462,0.0017006869,-0.07228588,0.021032661,0.045251682,0.07155803,-0.022045456,-0.019029345,0.07443692,0.007292901,0.009952588,0.025169445,0.020914469,0.039987445,0.0037792877,0.088351645,-0.016545545,-0.045416802,-0.0022315837,0.008923585,0.0014442204,-0.026742045,-0.019829195,-0.05739706,-0.006662339,0.06459772,0.03927798,-0.06621189,0.0014935976,0.00988709,-0.01743731,-0.014819847,-0.019572806,0.019422656,-0.03237,0.008911076,-0.039211683,0.02465493,0.014265601,0.041629188,-0.082094945,-0.022897199,-0.07313942,-0.011057091,-0.042089198,-0.015664697,0.015444562,0.03368466,0.034024045,-0.0062424904,0.0128942365,-0.06929911,-0.04380557,0.0034866387,-0.009455257,0.012762255,0.037934605,0.010090019,0.014049474,0.015906788,0.028412407,-0.0507159,0.04037635,0.012511722,-0.0030023751,-0.008993677,-0.055707213,0.021046512,0.046839528,0.056595363,-0.09807461,-0.008081466,0.013455361,-0.013978411,0.042850826,0.0413337,0.050164994,0.06399116,0.021230672,0.07137845,-0.02226624,0.006944369,0.01444268,-0.053374738,0.036466133,0.015626987,0.03768143,0.046381373,-0.01766202,0.014406379,0.010669543,0.0020727224,0.082802296,-0.055487752,0.011975798,0.0058803405,-0.010921289,-0.006145003,0.012209283,0.017391812,0.043930404,-0.0037398692,-0.019116053,0.001895244,-0.08595268,-0.0023911085,0.025921918,0.003882283,0.021035304,-0.094717816,0.045275234,-0.07504092,0.012702736,-0.0020985082,-0.029615842,-0.009699489,-0.0068289624,0.01057702,0.010151694,0.04196209,-0.014366019,0.022038532,0.030826202,0.042360634,-0.024210842,0.07855965,-0.07897575,0.001215444,-0.008449654,-0.05042952,0.030348074,-0.0048421226,-0.020929594,0.013211904,-0.007842302,-0.037448194,-0.038034502,0.0068689357,0.056564357,0.020390078,0.0043018246,0.03569164,0.019240715,-0.07339054,0.0014606236,-0.021949457,-0.0381362,0.022111215,0.010958111,0.01995411,-0.029812347,-0.008985683,0.0324796,0.038873617,0.10851412,0.013922461,0.018153163,-0.112079956,-0.10964225,0.04673599,-0.017496876,-0.006558255,-0.032696355,-0.030412246,0.027713923,0.014865048,-0.03123388,-0.020383427,-0.016948733,-0.018196812,0.019582784,0.047610357,0.009829849,-0.045189336,-0.031791247,-0.035954386,0.004256451,0.031077148,0.00031457844,-0.007007718,0.021439776,0.06863814,-0.01878991,0.029267203,-0.017742772,0.036591154,0.014013127,0.033692416,0.044848513,-0.004392467,-0.017501805,0.056885555,0.026533341,-0.03605212,0.019023454,0.011840108,-0.007710753,-0.00825991,-0.016386043,0.017685466,0.016951663,-0.015790114,-0.0005582719,0.054756258,-0.04095167,0.0014822324,-0.006327941,-0.00916897,-0.0038899244,0.026267232,0.005992748,0.024727754,0.013639619,-0.03890981,0.042531196,-0.0073533463,0.029579474,-0.027891122,0.047751907,0.017750917,-0.0010748684,0.020345949,-0.017053341,-0.048753135,-0.036269248,-0.0012619196,-0.017485078,-0.036979973,0.06187876,0.02898108,-0.05254652,-0.038261436,-0.015291327,0.02029353,-0.051613204,-0.028614528,0.023431221,-0.01377815,0.012783294,0.028063696,-0.007243532,0.0051265964,-0.024937905,0.04909679,-0.005034251,0.0121680815,-0.039418004,0.002968024,0.031895414,0.046986263,0.06651399,0.05811165,-0.07864233,-0.013991944,0.06206193,-0.0386229,0.0043301675,0.0025881105,0.008589779,0.028352015,0.034050606,0.011975204,-0.015378191,-0.052357204,-0.034728058,-0.044272,-0.0167892,-0.014606101,0.029138565,-0.0011579997,-0.027062682,-0.0018377788,0.073252864,0.027540473,-0.018878302,0.004204982,-0.041647628,0.009863475,-0.02776569,0.020654652,-0.006427618,-0.015266853,0.044573992,0.065621875,0.017953806,0.015693154,-0.011711288,-0.031673346,0.022927895,0.013315797,-0.02268968,0.049712285,0.010090699,0.053389933,-0.05146681,0.029238207,-0.034761123,0.012741052,0.010143077,0.008558835,0.00029280415,0.05179576,0.012455922,-0.02150929,-0.023346528,-0.018425694,-0.01870614,-0.058317833,-1.5978972e-06,0.0020599787,-0.051484536,0.075247474,0.021073801,-0.005255948,-0.021930756,-0.07420761,-0.023358358,-0.019541161,-0.035121635,0.018636761,0.041632663,-0.041921377,-0.055212647,-0.039740957,0.007526256,0.08754966,-0.041116104,-0.013435105,-0.02995504,-0.0029366235,-0.045868017,-0.02917326,0.0010144702,-0.0021328498,0.03708527,-0.022595467,-0.052288685,-0.014467772,-0.02832001,0.016175326,-0.024540892,0.036602322,-0.0024488275,-0.010311415,-0.04649528,0.053420678,-0.0651564,-0.003427893,-0.01543703,-0.08289388,-0.040455148,0.016612709,0.05396878,0.05587342,-0.002576918,0.0061479714,-0.0012083072,-0.0319012,0.017302038,0.0026264521,0.010274009,-0.023476979,0.011908563,-0.001525181,-0.031323735,-0.0068692877,-0.031766806,0.030202717,0.009156749,-0.024739608,-0.021149872,0.0018877165,0.024213895,0.07015805,0.046014056,0.00029500914,0.07151139,0.06845954,-0.011861767,0.057207085,0.009585419,0.014662026,0.034490563,0.04104722,0.0149613535,0.061153255,0.054583084,-0.02622033,0.029998079,-0.014183383,-0.06021256,0.0944811,0.046233118,-0.0076140934,0.018196112,0.08813225,-0.03252423,0.040011134,0.010730806,0.00070329814,-0.008248098,0.01941131,-0.039327975,-0.0024645517,-0.043041207,0.022940006,-0.0053422344,-0.03862834,0.001144984,0.035777587,0.018545005,-0.004072409,0.0332077,-0.011206578,-0.030100778,0.021249581,-0.0032711623,-0.037385594,0.016295101,0.11803521,0.033153415,-0.006927644,0.020156708,0.02396684,0.025606295,-0.015039386,0.028188394,-0.07082605,-0.00019992769,0.011032261,0.0060895532,-0.05328079,-0.011730362,-0.019256137,0.010865753,0.03418589,-0.01977662,-0.054057956,0.020511063,-0.00438074,0.010798952,0.013083727,-0.022027204,0.030380225,-0.02127049,0.018835448,-0.008432903,-0.03636299,-0.004072103,0.018715419,0.005489476,-0.02841559,0.016275823,-0.042371273,0.046305057,0.059552282,-0.011126183,0.01385949,-0.04936005,-0.03044947,-0.001503654,0.022789799,0.04335251,0.030283576,0.0069695762,-0.02891772,-0.007650746,-0.01769712,-0.03293993,0.08858293,0.019655935,0.00119944,0.026778284,-0.036995918,0.021441532,0.026553879,-0.01750336,-0.022933248,-0.007965575,0.06745194,-0.020926895,0.05844508,0.09024803,0.0040722457,0.008323485,0.00046157744,-0.042434137,0.019607576,-0.03735007,0.05510726,0.029360326,0.05144744,-0.023481678,-0.024749862,0.007108616,-0.009552947,-0.071533725,0.00057346374,-0.055972636,-0.055396464,-0.014540966,0.0055431384,0.026442617,0.021788694,-0.007336452,-0.06824954,-0.037516575,-0.015515448,0.018553155,-0.032930233,0.06233486,-0.0065824743,-0.00641979,-0.020981854,0.0016871166,-0.0109119825,0.0015518735,-0.019796938,-0.036009256,0.017830085,0.08945294,0.011266958,-0.045741994]', '{"chunk_size": 500, "chunk_index": 1, "document_id": 8, "chunk_overlap": 50, "document_title": "会员卡与收费"}', 408, '2026-04-12 23:56:31.565247');
INSERT INTO public.knowledge_chunk (id, document_id, chunk_index, content, content_hash, embedding, metadata, char_count, create_time) VALUES (119, 8, 2, '0%，最低 50 元
3. 转让后，新会员需重新完成信息登记，卡种剩余有效期不变

### 退卡政策

1. 开卡后 7 天内，未使用过场馆服务的会员，可申请全额退卡
2. 开卡超过 7 天，或已使用过场馆服务的，按剩余有效期比例扣除手续费后退款，手续费为总金额的 20%
3. 特价卡、活动卡不支持退卡

---', '98409a8fb69a81df7612a774c8097716', '[-0.0070068343,-0.059445594,0.023267936,-0.05399605,-0.015490548,-0.0024008625,-0.0051683355,0.027558006,0.051068336,0.0005610846,0.038359195,-0.007771428,0.017279297,0.008076859,0.011538254,0.04396152,0.016781762,0.028483376,-0.13567647,-0.008488307,-0.0031229458,-0.032128315,0.0018839287,-0.001729908,-0.031032166,0.027780948,0.03004873,0.078438684,-0.0040772953,0.013967222,-0.030486118,0.0089290915,0.021712042,0.04131819,0.02089044,-0.018008405,0.002103665,-0.06768824,0.07790072,-0.0016683678,0.024962591,0.054394357,0.026406216,0.035886664,0.0011644507,-0.037369277,0.018329319,-0.008812739,0.0013008021,0.0172539,0.0065372065,0.086782664,-0.028052626,0.018443048,0.0028637508,-0.0067392816,-0.008169114,-0.07566246,-0.007387703,0.03253817,-0.00847195,-0.032905266,-0.0040110755,-0.030940117,0.026544565,-0.027926559,0.018689742,0.03330964,-0.02046183,0.13148715,0.026080726,-0.0047055944,-0.06228261,-0.010141601,0.13739009,0.004889799,-0.015321483,-0.009454635,0.003223293,0.018556526,0.008888888,-0.068118736,0.0023010646,-0.021122554,-0.018601434,0.032701883,-0.039703995,0.004516903,0.006087708,0.014270945,0.01574769,-0.0037280663,0.046025492,0.004896668,0.048704553,-0.004799833,-0.051132444,-0.02471741,-0.03635123,0.016058937,0.01270258,-0.018327208,-0.027804984,-0.009546026,0.03458732,0.047370367,-0.011849916,0.012732917,0.010695546,0.06904126,-0.049845513,-0.002963884,0.00084739836,-0.0002752809,0.028467696,0.0073047625,-0.038529128,-0.005152817,-0.03982414,0.0078966385,0.0284197,0.009582537,0.014080464,-0.040611934,-0.017100466,-0.033870425,0.042828456,-0.0134784775,-0.0052464507,0.00130316,0.024719615,-0.0250537,-0.007512407,-0.010601702,0.021981759,0.020742392,0.0068020974,-0.013540793,0.057171326,-0.019511541,-0.04312788,-0.05027359,0.023766998,-0.014925102,-0.023981223,0.046914596,0.004213695,0.025006019,0.011394791,0.0063450336,0.1035991,-0.013100473,-0.02186101,-0.026485449,0.02366554,0.014119836,-0.06645937,-0.0049019665,-0.015166966,0.019526096,-0.0013948509,-0.037746955,0.07313249,-0.0054429583,-0.02883143,0.03944604,-0.028659794,0.011959098,0.021895796,-0.061080817,0.038302764,-0.05427794,-0.02025649,-0.02443607,-0.028207798,-0.032614898,0.018995812,0.017479798,0.026508877,0.029882425,0.021494891,-2.1378895e-05,-0.006757236,-0.0024689413,0.005091386,0.03893125,-0.009472169,0.00025050816,-0.0350035,-0.026199551,0.052902397,-0.015423916,0.04791758,0.007994995,0.07030892,0.037305534,-0.015104001,-0.009953134,0.05091222,-0.0037361684,0.0036801295,-0.0099695455,0.05657671,0.029170297,0.00094407925,0.028671125,-0.014168918,0.051535394,-0.13584448,0.032429043,-0.060493767,0.02081573,-0.03280245,-0.01534424,-0.017151898,0.04119517,0.00846438,-0.0022908137,-0.024000984,-0.025413828,0.0030720995,-0.033798154,-0.08086828,-0.0037108092,-0.015515467,0.04696456,-0.035545412,0.005149433,-0.037840057,0.025004633,0.018641947,-0.011209035,0.021008585,0.052225344,-0.045245156,0.031330597,-0.026748931,-0.04928846,-0.024731094,0.027573833,0.014666478,0.009570967,-0.03703886,-0.03845232,-0.042450577,-0.04000567,-0.010852079,-0.094547644,0.03769702,0.06913595,0.059955675,-0.036311988,0.004621204,0.06826567,-0.00796867,0.017788857,0.054597646,0.0056555797,0.026767503,0.009135618,0.04440542,0.031058619,-0.008121986,0.004940037,0.0002583134,0.0188891,-0.034673706,-0.017987894,-0.06561616,0.0059283487,0.04637506,0.031563837,-0.09306501,-0.0045299097,0.0163933,-0.011004996,-0.009132464,0.03886419,0.030091116,-0.013618054,0.0047546127,-0.030485587,-0.028487379,0.009084543,0.028905174,-0.07278908,0.007308541,-0.1044892,0.014053043,-0.015734017,-0.027086014,0.030362213,0.053688724,-0.01551359,0.03761334,0.0017440825,-0.09415836,-0.038071997,-0.024153376,-0.018029135,0.0021637906,-0.012498596,-0.03212078,-0.00545392,0.0037591425,-0.0011218472,-0.014751613,0.0066686706,-0.014105495,0.009654451,0.044484533,-0.06199591,-0.0023140013,0.06766681,0.08441766,-0.09876426,-0.0043137684,-0.008569303,-0.02992247,0.013239388,0.052079223,0.031291645,0.034241825,0.012189677,0.07051553,-0.016607324,-0.015362376,0.015195219,-0.033658963,0.03736863,0.00298022,-0.0037439575,0.027263116,0.017989868,0.021080513,0.024602676,0.017723566,0.047560997,-0.0042238496,-0.02248334,-0.019102298,-0.019503342,-0.025049107,-0.00019188374,-0.009032324,0.0850227,0.03185558,-0.028704887,0.013115154,-0.070758425,-0.0006819615,0.034268644,0.008349897,0.033323403,-0.059520844,0.044227153,-0.0291363,0.030440401,0.008049759,0.011034612,-0.023070076,-0.017842058,0.009047221,0.039609835,-0.019717284,-0.01850318,-0.016766232,0.0007004404,0.008524752,-0.03175125,0.083056435,-0.015954815,0.0149038285,0.026658695,-0.040430512,0.057940956,-0.023922052,-0.012172369,0.01901984,0.011896619,-0.006344057,-0.046401944,0.0007391157,0.01895901,0.006895381,0.013976211,0.003708884,-0.06258758,-0.044741336,-0.00730274,-0.01876314,-0.03025769,0.0156144565,-0.01344661,-0.012336922,-0.041488927,0.038376678,0.01903056,0.0066973264,0.07064313,0.0059118145,0.0012043742,-0.1009095,-0.098767616,0.0014154544,-0.02178574,0.042670824,-0.04971168,-0.025777949,0.011433842,-0.009922081,0.00084254,0.029331135,-0.023150645,-0.013987817,0.031316012,0.0777235,-0.0014055263,-0.059068255,-0.03596928,-0.046625152,0.007489808,0.031877134,-0.0028025361,-0.01169025,0.009124108,0.039158393,-0.014645627,0.016274791,0.017326733,0.04215636,0.04304564,0.0129133435,0.079941794,-0.010260056,-0.012355169,0.013024216,0.021954399,-0.053592823,0.034617804,-0.011574945,0.018532462,-0.017611563,0.015507595,-0.0006992772,0.0005470425,-0.03677471,0.03165797,0.041987725,-0.0331732,-0.012371926,0.010206233,-0.030164564,-0.0072251875,0.02870635,-0.0025486837,-0.0077773766,0.03291605,-0.044408284,0.04385421,0.0014006272,0.029289672,-0.087582074,0.03501999,0.007168572,-0.009847392,0.019592041,-0.017922666,-0.03922981,-0.041798953,0.0339708,-0.022737108,-0.017782548,0.04126345,-0.00835584,-0.10283266,-0.055576768,0.034835067,0.047098055,-0.04553104,0.013799507,-0.022447394,0.008471426,-0.015879981,0.028978718,0.0014229724,-0.026625447,-0.03162195,0.02306415,-0.025639225,0.020259453,-0.02740041,-0.0540356,0.04179936,0.03741458,0.051673513,0.08822636,-0.07896459,0.021328984,-0.00606229,-0.08295665,-0.012616309,-0.009888525,-0.008151244,0.018901318,-0.006952576,-0.060077902,0.0026939202,-0.06739755,-0.03432226,-0.068986304,-0.016901784,-0.03108937,0.034610618,0.0051850467,-0.04527835,-0.025497347,0.052384242,-0.014549805,0.012470521,-0.02756413,-0.06578156,-0.0053694034,-0.03227054,0.04802981,-0.003041182,-0.01538006,0.005680502,0.020168347,0.026399588,-0.037312195,-0.017150976,-0.01334535,0.026046213,0.039769493,-0.056996983,0.0275429,-0.0013757291,0.03372989,-0.024949478,0.018537534,-0.0046297614,0.025213141,0.009239185,0.0017620584,-0.047989048,0.063876696,0.0284007,-0.04868925,-0.042652216,-0.036034524,0.011302035,-0.05549217,-0.015535513,0.011146951,-0.04623445,-0.0070742853,0.063949905,-0.013600449,-0.024527932,-0.028873501,0.0057235244,0.014433619,-0.030523395,0.005400148,-0.0039118542,-0.059702042,-0.031956762,-0.045314126,0.012970982,0.054822974,-0.044113226,-0.000707857,-0.017065844,-0.01269911,-0.07667432,-0.054212943,-0.019266855,-0.012127375,0.03928024,-0.038203795,0.017564457,0.0075308084,-0.0017545123,0.043861523,0.02379345,0.02228469,0.0015286752,-0.04794747,0.008559712,0.08925059,-0.056039207,-0.0030492337,0.019472295,-0.067174025,-0.041479006,0.003147129,0.015115702,0.06239277,0.016241604,0.0116166435,0.051983498,-0.040753514,-0.0103585655,-0.036112078,0.045827202,0.004243911,0.020418985,-0.0076098074,-0.013102444,-0.036685966,-0.028097408,0.02788174,0.006951899,-0.029343108,0.025994334,-0.0075060166,0.00055878505,0.061479982,0.010222428,0.0047159637,0.06432381,0.07681277,-0.033503175,0.040777806,0.04596752,-0.0016829879,0.022317072,0.026994465,0.05963264,0.0664812,0.062289376,0.0019092822,0.009644668,0.016371166,-0.016953195,0.0601432,0.0006974965,-0.017343795,0.0032007548,0.07031498,-0.07161864,0.020111777,0.011909245,-0.026728548,0.025106197,0.015525688,-0.054707516,0.0006290055,0.029865704,-0.0069528935,0.02378311,-0.072240256,-0.030418964,0.02599986,0.037142295,0.034810416,-0.010319758,-0.039679263,-0.008414455,0.028180597,-0.030858465,-0.03824917,-0.008708601,0.10857189,0.050374977,0.009181479,-0.02059192,0.05545049,0.014094935,0.059678316,0.020352146,-0.07503028,-0.01885784,-0.007737187,0.006802617,-0.044135176,-0.017306108,-0.026884068,0.015551039,0.017610105,-0.06754459,-0.057437688,0.04564521,-0.009788546,0.022414567,0.038799826,-0.023626149,0.06463501,-0.021697136,0.020513404,-0.00039573762,-0.026301987,-0.0055163163,0.029709877,0.0028186105,-0.0067231245,-0.0013972466,0.026368614,0.034095727,0.023412785,-0.017546179,0.0660567,0.01846671,0.0007872665,0.018866897,0.011344166,0.038646664,0.04946535,-0.0290045,-0.03254599,0.011636941,-0.029486688,0.023544699,0.0129640745,-0.0074888603,-0.0025601112,0.052515544,-0.00028494227,0.043303702,0.0009221148,-0.020644868,-0.03389036,-0.01612054,0.08019683,-0.021191819,0.03679087,0.09595179,0.0008764891,-0.056376003,0.0017404922,-0.089136094,0.010216085,-0.04493867,0.040400174,0.052755218,0.03788242,-0.0013900207,-0.0040394883,0.015033812,-0.01822179,-0.014763024,-0.028472792,-0.008893843,-0.026323922,-0.036695518,-0.031919673,0.0038592669,0.010756407,-0.024456576,-0.0832356,-0.04097581,-0.010626905,0.0467678,-0.035933886,0.068261996,-0.008987814,0.006004715,-0.0056292843,0.017141063,0.009371996,0.006432047,0.022369133,-0.0024513835,-0.0005993634,0.027976764,0.018181417,-0.043860957]', '{"chunk_size": 500, "chunk_index": 2, "document_id": 8, "chunk_overlap": 50, "document_title": "会员卡与收费"}', 157, '2026-04-12 23:56:31.619696');
INSERT INTO public.knowledge_chunk (id, document_id, chunk_index, content, content_hash, embedding, metadata, char_count, create_time) VALUES (120, 8, 3, '## 老带新政策

我们鼓励会员推荐好友加入，老带新可获得丰厚奖励：

### 奖励规则

1. 推荐好友成功办卡，老会员可获得：
 * 好友办月卡：老会员获得 1 个月会籍延长
 * 好友办季卡：老会员获得 2 个月会籍延长
 * 好友办半年卡：老会员获得 3 个月会籍延长
 * 好友办年卡：老会员获得 6 个月会籍延长 + 2 节私教课
2. 新会员办卡时，填写推荐人手机号，即可自动生效
3. 奖励会在新会员开卡后 7 天内，自动添加到老会员账户中

---', '88b5c31be1f6efa918371f2d0981b3b8', '[-0.033919636,-0.05548546,-0.0053429995,-0.00022200128,-0.019661453,-0.01558276,-0.017093243,-0.03313164,0.054646354,-0.02875833,0.037705667,-0.03277638,0.054449387,-0.0139583675,0.007866452,-0.00862555,-0.008218989,0.031614177,-0.03676767,0.0015908338,-0.009235985,0.008476223,0.025322616,0.0059677563,0.007241937,0.038195226,0.025453795,0.084125206,0.03370073,-0.00623134,-0.0018367345,-0.012942417,-0.011581336,0.030215302,0.013513161,0.021839878,0.0100399265,-0.032509215,0.035236772,-0.0012807682,0.017550906,0.055773158,-0.036773514,0.05620225,-0.0173274,-0.07517256,0.001633957,-0.063848145,0.01700934,0.054019455,0.024045764,0.037823327,-0.032918584,-0.011158589,-0.022837512,-0.012772958,0.039693553,-0.02308192,-0.04697456,-0.019450005,0.0063598896,-0.01897969,-0.018903473,-0.05089358,0.06845453,0.020402996,-0.015281512,0.01286716,0.03151466,0.14106826,0.01629346,-0.04762445,-0.029689113,-0.030784396,0.107652925,0.04041157,-0.05493716,-0.011940993,-0.06880747,0.024901634,0.02990315,-0.009198829,-0.005971989,-0.020273881,0.044856846,0.058267828,0.0037672585,0.031090317,-0.0059138774,-0.022406952,0.0067137433,-0.053261366,0.0656885,0.0508119,0.010894015,-0.02957071,-0.014859103,0.03292394,-0.032835543,-6.6408844e-05,0.0412098,-0.017104512,-0.016303182,0.0051215435,-0.013143038,0.0036841433,-0.03360766,-0.0072579053,0.05569877,0.0009717856,-0.014824875,-0.022134539,-0.012049555,0.0052971654,-0.010484184,0.008275908,-0.019024637,0.07051271,-0.037842076,-0.017195225,0.013638803,-0.021668507,0.018366951,-0.03880478,0.038773846,-0.0022521606,0.08257658,-0.0053591644,0.024066152,-0.022149362,0.018438015,-0.0045977724,0.03001552,-0.0026936554,0.01987795,0.015375673,0.008861542,0.021596838,0.050846368,0.020696277,-0.09223462,-0.046920236,0.005443846,-0.03734589,0.02773095,0.038737297,-0.07044713,0.030514773,-0.029433263,-0.03542945,0.043394994,0.06108759,-0.05778151,-0.020893486,0.021690773,0.007839854,-0.052346632,-0.026040807,0.027278317,0.010269491,-0.04955776,-0.041264236,0.0470669,0.012140624,-0.006339776,0.060210418,0.030707978,0.012261119,-0.017320847,-0.037462313,-0.023608986,-0.0054921405,-0.038813252,-0.037610967,-0.0043819156,-0.067543425,-0.03197658,0.005482032,0.0077983146,-0.04897398,-0.047600146,-0.000537618,-0.013431367,0.020406665,-0.05528683,0.009009653,-0.0023008536,0.00049806957,-0.045013987,0.010711578,-0.0023216147,-0.027454093,0.0496592,0.0012402516,0.0222913,0.06996386,0.026528323,-0.013681548,0.046478704,-0.030783363,-0.012923928,-0.013906953,0.040926956,-0.008185688,-0.04618391,-0.05090026,-0.028627537,-0.0017318168,-0.02134483,0.05435591,0.0128494855,0.07610383,-0.036779847,-0.05124486,-0.005230464,0.08999538,-0.06545291,-0.05699252,0.01749578,-0.0052729896,0.044855904,-0.016147086,-0.010664523,-0.00446226,0.011788675,0.029427744,-0.024167625,0.029411908,-0.0051284204,0.053386446,0.004995713,-0.01658521,0.030179955,0.02766804,-0.06518028,-0.04287429,-0.01852638,0.0018250535,-0.0077496083,0.05540937,0.0010876233,0.015557518,-0.00057191984,-0.011391465,-0.03545245,-0.021873826,-0.039352834,-0.06665673,-0.0005651142,0.04805548,0.023323815,-0.004317461,-0.0015736807,0.034771,-0.05332313,0.033205315,-0.01308528,-0.027371617,0.016993755,-0.012618421,0.05085547,0.04542731,-0.0070541953,0.016110184,-0.008949024,-0.01772903,-0.0027204151,-0.025134848,-0.023671405,-0.06189768,0.06918174,0.0011975332,-0.07412532,-0.061443858,-0.03154047,-0.014218568,0.015256455,-0.019770322,0.025479188,-0.048054222,-0.027661463,-0.03209869,0.03500669,0.013697018,0.012053183,-0.031309523,-0.037685018,-0.012809898,-0.021460867,-0.027261984,-0.025534375,0.00054092734,0.06604606,0.00083420315,-0.006812068,0.0060143317,-0.06541846,0.016992511,0.010605215,-0.023929577,0.030531602,-0.0105051985,0.0012340283,0.036050964,-0.015966993,-0.02688243,-0.011649179,-0.052495103,0.036725316,-0.040013473,0.04211516,-0.06575435,0.010472454,0.007084163,0.018767485,-0.02957374,-0.02991541,0.008515208,0.009824921,-0.025829379,0.03178469,0.016643034,-0.02245008,-0.01060482,0.042206485,-0.015401418,0.02414982,0.0337055,0.030059436,0.057374034,0.04681271,-0.00025131187,0.028049598,-0.017923571,0.009262329,0.03392501,0.013569559,0.04189031,-0.02081463,0.031826954,0.03647002,0.00655358,-0.0075721783,0.030579703,0.027589386,0.039520115,-0.026004255,0.041603237,-0.055913813,-0.038006924,0.04680253,-0.024079232,-0.00046886475,-0.024821911,-0.087522,-9.602719e-05,0.0062759477,-0.0018241764,0.024817359,-0.041162737,-0.011358596,-0.08169749,-0.042739794,0.061687954,0.025150815,-0.07042917,-0.0031203586,0.0007660841,0.02515177,0.008569252,0.09543484,-0.045302067,0.011258151,-0.003748361,-0.027819546,0.037593693,-0.03875666,-0.039762534,0.037996024,-0.043148194,-0.057647094,0.0027277977,0.006049162,-0.00023879958,0.011806185,-0.002235416,0.045952585,0.0148199545,-0.019087331,-0.008657521,0.01299779,-0.023074012,-0.013486933,-0.008215925,0.0094644865,-0.065545596,0.03584136,0.03770749,0.01323316,0.07924568,0.022544889,0.012141478,-0.078785285,-0.034930997,0.052529953,0.025890082,0.04644586,0.011920779,0.013125162,0.009048085,0.007922064,-0.046743054,-0.0043385234,0.011155763,-0.024982184,-0.021056412,0.04360288,-0.028559314,-0.047955167,-0.02842883,-0.0073148105,-0.017871417,0.028215915,-0.010776055,0.026102409,0.018655462,0.0049318196,0.0291361,0.05649129,0.015890192,0.01563044,-0.007683086,-0.039421525,0.060423378,-0.011483021,-0.083877794,0.06284028,0.023296563,-0.044576753,0.035744593,-0.022680795,-0.03360976,-0.0036109132,-0.012719356,0.00366058,-0.009719388,-0.04519754,-0.00013361484,0.010257245,0.0058673844,-0.024240227,0.0018816727,-0.053166576,0.004621886,0.021737268,-0.0030540403,-0.018418174,0.0073226653,-0.060281623,0.0042596655,0.034102403,0.052467905,-0.05144735,-0.013215936,-0.024622047,0.03317028,-0.0025995397,-0.015779756,-0.042359304,0.0034558899,0.03668689,0.055028405,-0.023308227,0.042757135,0.01930637,-0.09443627,-0.032922544,0.03267907,0.0491096,0.031959724,0.018989624,-0.020242115,0.008248914,0.011246236,0.03877143,-0.035172656,0.00543935,-0.03861809,0.038456295,-0.042498097,-0.0070738364,0.023799019,-0.011401339,0.07515818,0.04904299,0.067171015,0.051530845,-0.08281245,-0.018890899,0.04086161,-0.054241043,-0.034339108,0.048370507,0.01720366,0.006869935,0.027378364,-0.018100448,-0.014368862,-0.08344783,-0.052020553,-0.042414818,0.017166814,-0.039464682,0.018695917,-0.084829204,-0.054221988,-2.6438303e-05,0.10350204,-0.026839538,0.003182113,-0.016842574,0.0042962455,-0.060171854,-0.027054533,0.03193381,0.035801336,0.0012118856,-0.017355584,0.009285383,0.001909576,0.011146442,-0.037112854,-0.006184428,0.05273889,0.017198129,-0.012660776,0.027462086,-0.018341044,0.016153025,-0.059355058,0.012605529,-0.023546394,-0.014497966,0.0038550876,0.020604778,-0.0032879314,0.04064257,0.009415613,-0.040385656,0.036147755,-0.042661082,-0.03523578,-0.10155285,-0.029843709,0.032427914,-0.003089752,0.03701059,0.052605636,0.005726942,-0.011892292,-0.06148723,0.03588885,-0.09502597,0.022143187,0.026258262,-0.025741227,-0.029449662,-0.01654135,-0.077231,-0.005209732,0.020423578,0.016896436,-0.060847502,-0.040413618,0.034895305,-0.05634998,-0.03673257,0.053564716,0.04854958,0.018596165,-0.023340622,0.007007765,-0.004347833,0.015279847,0.0077911103,0.010420119,0.058238406,0.025186779,-0.04554496,0.010410287,0.04192802,-0.077589236,-0.034436338,-0.014791913,-0.08340185,-0.053278197,0.04665751,0.033587433,0.068829425,0.011335313,-0.031094365,-0.017715007,0.0008600458,0.0066388524,-0.032175284,-0.009779562,0.025717705,0.0070023527,0.015564226,0.0094278315,-0.07351445,-0.0750809,-0.013468216,0.017488267,-0.05866536,0.02258867,0.042493653,0.0038108253,0.062157225,-0.003352944,0.004382396,0.031125821,0.06043071,-0.051207393,0.004562443,-0.005916828,-0.033710815,-0.038480766,0.08746409,0.0017272466,0.0032661594,0.07387446,0.04401517,0.004924361,-0.029833961,-0.018505689,0.079539664,0.024335673,-0.010765515,-0.03992152,0.024371387,-0.023602227,0.0523455,0.030319843,-0.033305716,0.027113792,0.028350992,0.012411071,-0.026329853,0.002593561,0.037102204,-0.020470481,-0.030165063,-0.003407622,-0.011683656,0.035966616,-0.011655828,0.07662442,-0.027137132,-0.046309378,0.0011493278,0.025265243,-0.0054806876,0.029342445,0.0023844172,0.017205793,-0.074719965,0.018705571,0.020768235,0.020927712,-0.05297059,0.019404432,-0.06936152,0.011915757,-0.017071906,-0.008913778,-0.05242722,-0.029630786,-0.06551308,0.015025195,-0.023596618,-0.041469604,-0.03982235,0.066391885,-0.02898233,-9.5093266e-05,0.0124857025,-0.05424345,-0.005575024,-0.03000521,0.049192492,-0.010943308,-0.060684044,-0.003241214,0.051528435,-0.015990537,-0.0099638365,-0.030206485,0.057503883,0.009706983,0.03338074,0.018008752,0.016009826,-0.015563303,0.009581547,0.033539567,-0.0030113251,0.012018928,0.024085166,-0.0009154191,-0.033011075,0.0047200825,-0.0566193,-0.008702334,-0.027670741,0.019499158,-0.0028111027,0.040108968,-0.039897196,0.06705335,-0.0027567195,-0.036672454,-0.018735833,-0.029504476,0.042305835,-0.049893405,0.027315406,0.08172238,-0.018502966,-0.04356507,-0.029510234,0.023164878,-0.014267958,-0.015105113,0.036924362,0.0078473985,0.07249106,-0.010234126,-0.025339046,0.039708376,-0.056583602,-0.019048696,0.012088381,-0.0020796983,0.037636902,-0.055269863,-0.027925696,0.014443578,0.05990095,-0.023727974,-0.060507525,-0.008259219,0.022719245,0.025711704,-0.02873795,0.08593055,-0.042480435,0.032668687,-0.036119044,-0.023363652,0.004247497,0.022526043,0.029077573,-0.018927436,0.020436382,0.05748735,0.013631773,-0.028280402]', '{"chunk_size": 500, "chunk_index": 3, "document_id": 8, "chunk_overlap": 50, "document_title": "会员卡与收费"}', 233, '2026-04-12 23:56:31.670839');
INSERT INTO public.knowledge_chunk (id, document_id, chunk_index, content, content_hash, embedding, metadata, char_count, create_time) VALUES (121, 8, 4, '## 节日优惠活动

我们会在各大节日推出专属优惠：

* **春节**：年卡直降 300 元，送 10 节团课
* **五一**：季卡 8 折，半年卡 7.5 折
* **国庆**：办年卡送价值 599 元的运动大礼包（运动背包 + 护具 + 补剂）
* **双 11**：年卡买一送一（可转赠）
* **寒暑假**：学生卡专属 8 折优惠

---', '2b43a8c1b37ee9797f371e5eeeefac07', '[0.010092062,-0.03184877,0.03192394,0.032422405,-0.01081174,0.004733354,-0.017788991,0.008879459,0.046847507,-0.059585493,-0.00014074732,-0.06704552,0.0704659,0.020753723,-0.0066230143,0.03833355,0.03476242,0.041157342,-0.048809487,-0.039868772,-0.015028451,0.024135405,0.019083757,0.004405342,-0.04413456,0.051008854,0.052669443,0.072073765,0.016846662,-0.026639018,0.008843026,-0.023699526,0.0009853587,0.029093971,0.030070083,0.054493256,0.018083792,-0.001761359,0.035825666,0.013344932,0.008547754,0.048496895,0.042996153,0.042001948,0.009834104,-0.011733928,-0.010267578,0.01567181,-0.020020256,0.032524895,0.016123613,0.08695556,-0.03981674,0.06589353,-0.03613379,0.007921624,0.0072214976,-0.042189796,-0.026522905,0.03228858,0.0057156757,-0.0077555417,-0.01686525,-0.015340383,0.03570194,0.008736036,-0.019335642,-0.018258333,0.014478239,0.13486038,0.0012076405,-0.009914593,-0.04596238,-0.042613335,0.09706522,0.037545305,-0.026606629,-0.025169972,-0.0039839568,-0.014501336,0.023920227,-0.038964976,-0.04295923,-0.075333126,0.025210338,-0.001718396,0.0035786475,-0.015525408,-0.028525932,-0.02166706,0.039638426,-0.010357073,0.08598234,0.029125854,0.012673764,-0.00052148517,-0.06250651,-0.0065678223,-0.0060060746,0.00920765,-0.004975614,0.048059933,-0.0037717612,0.043024395,0.030026486,-0.023939798,-0.041942704,0.06612977,0.013659949,0.046583284,-0.06959476,0.016200867,0.026875045,-0.038972944,-0.023638215,0.004801945,-0.0647526,0.07133563,0.02382206,-0.0042021247,-0.04674105,0.0718416,0.03347695,-0.05383637,0.02682785,-0.02174274,0.022440359,-0.04314781,0.0108394995,0.05140449,0.023137769,-0.016348122,0.0026122008,-0.048527032,0.009585801,-0.006134688,0.03182254,0.011634723,0.07896495,0.014597283,-0.048559368,-0.08185587,-0.0024012374,-0.07206002,0.0105355615,0.025867024,-0.046966035,-0.029932972,-0.013354883,-0.0033311148,0.012326837,0.019890849,0.002625714,-0.036459655,-0.016024739,-0.008943385,0.009185603,0.017242761,0.022757648,-0.02017699,-0.028672153,-0.028026115,0.06142824,0.014553097,-0.008111839,0.0110975,0.018700566,0.03644267,-0.045312006,-0.0523417,-0.009202906,-0.0046751588,-0.030421983,-0.029930659,-0.02770845,-0.011981194,-0.009392204,-0.034146637,0.024768796,-0.05561141,0.013670522,0.019514224,-0.0054972437,-0.048310585,-0.05975177,0.050518334,0.003687035,0.026625779,-0.0023427177,0.01639208,0.050320867,-0.019237109,0.03968363,-0.007692596,0.031648777,0.035074532,-0.009037521,-0.0065650186,0.04957575,0.0099024065,0.010405558,-4.7290247e-05,-0.0025253913,0.016604804,-0.038658433,-0.0035543775,-0.042122424,0.03379907,-0.1093009,0.04629424,-0.037264694,0.07232957,-0.034159422,-0.020440197,-0.040422082,0.052306388,-0.011204966,0.03626082,0.06323724,0.07211577,-0.022761842,-0.020752475,-0.07182641,-0.0045187594,0.002034524,0.041941084,0.0038595076,0.016053855,-0.029561536,0.05440446,-0.004582721,-0.023572436,-0.0038049514,0.015273771,-0.05264016,0.035250798,-0.015934795,-0.023149744,-0.01615888,0.039994802,0.013276846,0.020531418,0.03515605,-0.023701625,-0.064271234,-0.046140734,-0.027366605,-0.07197388,0.034263063,0.0067475745,0.00838042,-0.064330734,-0.01800677,0.033242624,-0.0675375,0.014574885,0.008017758,0.01619331,0.07961748,-0.041693635,0.042816784,-0.004250419,-0.041315753,-0.016329104,-0.018503454,0.010630815,-0.05628066,0.008548609,-0.026483146,0.0035348502,0.082808025,-0.007638015,-0.0063243983,-0.008878014,0.027763078,0.019906914,0.026105044,-0.07194698,0.037491377,-0.059232097,0.0041547646,-0.016430223,0.013942376,-0.005292708,0.02626088,-0.0631387,-0.033722162,-0.034896407,0.027915437,-0.03379889,0.00022199747,-0.043320056,0.0878349,-0.0058325133,-0.012916981,0.043369513,-0.06802209,-0.026120465,0.012019587,-0.021371601,-0.0092585655,0.04403418,-0.05279605,0.018136226,-0.012373774,-0.043931346,-0.00047985607,-0.0155244805,0.016922858,-0.04776595,0.0043911077,-0.06870552,-0.0059322887,0.07583713,0.03071054,-0.032321345,0.0018742301,-0.017122885,0.016040798,0.03648505,0.08162267,0.018419703,-0.0019272418,0.028359259,-0.00043964898,0.02107905,0.0164562,0.043994658,-0.0054411464,0.053459026,0.0023591502,0.012635934,0.015057577,-0.019434044,-0.059131555,0.05305507,-0.03616331,0.013157481,-0.044739746,0.028553218,0.023353076,0.03609879,0.012263526,0.044617545,0.013906217,0.026638422,-0.009760615,-0.027381312,-0.031302724,-0.014267754,-0.015297919,0.012610552,-0.04865862,0.011555944,-0.07324572,0.024072386,-0.03223708,0.04564505,0.024039319,-0.011098769,-0.020848446,-0.02973452,0.0036145132,0.07379313,0.045030747,-0.02982247,-0.028044112,0.012693099,0.091719136,-0.00464288,0.072128415,-0.09207184,-0.0025639294,0.03627433,-0.028218767,0.054953814,0.032732256,-0.03216835,0.008423341,-0.037884437,0.0030442702,-0.014055803,0.012970642,0.008546004,-0.00023353133,-0.036063172,0.026795495,0.011695228,-0.022687217,0.029198295,0.008485234,-0.0003994323,0.0073617226,-0.007965611,0.006994546,-0.0454026,0.02156582,0.034784026,0.054543857,0.058782887,0.003455706,0.033003863,-0.08415766,-0.07690938,0.04970108,-0.007249408,0.042542797,-0.0009452493,-0.046437323,-0.0022307818,0.010788522,-0.05873513,0.013357918,0.008160257,-0.0063178856,-0.004411323,0.08816489,-0.0025958794,-0.017838819,0.01828029,-0.027770963,0.02736262,-0.01727816,-0.007278515,0.04209408,-0.042884555,0.05299013,0.0455234,-0.003703763,0.020996917,0.020216502,0.04777774,0.017359387,0.03354025,0.010210104,-0.06021935,0.005071089,0.004215468,-0.029050114,0.04835108,-0.006337972,-0.0045263786,0.018449938,0.0025717772,-0.011243831,-0.00869473,-0.019023126,0.038511243,0.019939225,0.01545378,-0.00787871,0.0101214675,-0.012659675,-0.05106298,-0.0403595,-0.03728008,0.0026055018,-0.011048576,-0.08026311,0.024960086,0.007768576,0.061301704,-0.029051144,0.03820093,-0.021646636,0.049376544,0.010194948,0.0045632673,-0.064842075,-0.029069211,-0.004517792,0.08058436,-0.04530905,0.043343823,0.006990549,-0.05724986,-0.00045990106,0.012371935,-0.009006659,-0.004334588,-0.053839784,0.025893979,0.007651018,0.010068883,0.005325993,-0.026593769,-0.0011068085,0.0048376094,0.0075420667,-0.0940549,0.0026090138,-0.026445491,0.01730937,0.041310124,0.048899278,0.02570301,0.0506022,-0.049057506,-0.07736085,0.035184123,-0.08273516,-0.001373156,0.034164295,-0.021886285,0.045297503,0.042154275,0.01929315,0.013589623,-0.05466297,-0.023650289,-0.057771266,0.038372327,0.015953317,0.014076974,-0.03611525,0.0029062566,-0.029947164,0.06695829,0.03288463,0.028163921,-0.0038323216,-0.04912104,-0.016049517,-0.074288055,0.020089645,0.010477626,-0.002314469,-0.02558226,0.009903987,0.0018976824,0.03484667,-0.019383898,-0.04891982,0.029120684,-0.04681231,0.0038879423,0.015001703,0.014513883,0.039776243,-0.017479045,0.004659913,0.024572546,-0.011837166,0.0428878,0.010118887,0.045261934,0.052005406,0.011637994,-0.041530542,0.012298464,0.013438183,-0.029695094,-0.026147328,0.0026883592,0.021518689,-0.026853643,0.022141408,0.0384402,0.038867492,-0.019719044,-0.108094454,-0.01385744,-0.032542992,0.0050699273,0.01383726,0.04579179,-0.053572085,0.00806901,-0.06520017,0.010848875,0.010941899,0.031176055,-0.019340983,-0.034305185,0.023238992,-0.065722965,-0.08316579,-0.042836588,0.061973616,0.005193998,-0.0014758119,0.03325703,-0.032751504,-0.01713822,0.023405068,0.06334527,-0.028570479,-0.021634314,-0.031998176,-0.04640482,0.08071437,-0.024790946,-0.004131479,0.0026906466,-0.056557283,-0.060049385,0.028416602,0.040576585,-0.013834635,-0.0052823396,-0.05549497,0.011348381,-0.026185572,0.0073766955,-0.037261553,-0.008879986,-0.007333228,0.045502122,-0.008087771,-0.053360075,-0.019165503,-0.068005085,0.022896823,0.015365841,0.013622892,0.002891477,0.02123734,0.01081917,0.04181148,0.0051252,-0.05292583,0.016133294,0.14114761,-0.017926576,0.021135595,0.024344794,-0.0066567156,-0.023529477,0.026527857,0.008526472,0.031490345,0.04690181,0.019597674,-0.05756168,-0.051202092,-0.012161579,0.046522044,0.04724664,0.000104876555,0.0304039,0.028908776,-0.01005149,0.022438634,0.009637385,-0.012505711,-0.018821929,0.023119958,-0.03944062,0.0005376797,-0.056427374,0.05684166,-0.019852828,-0.017983312,0.010736895,-0.018927027,0.007678319,-0.014313404,0.03211535,0.03083653,-0.09453712,-0.015835285,-0.012612243,-0.05577137,0.0062618796,0.04718098,0.023747863,0.017187191,0.040954046,-0.0011844008,0.02540119,-0.0091776615,0.07114113,-0.05247582,0.0081299795,0.051854707,-0.034021027,-0.017081106,-0.021796566,-0.019391512,0.037411895,0.01705999,0.028807774,-0.07510436,0.090981975,0.017956533,0.054059412,-0.033738133,0.024584047,-0.025720373,-0.031583413,0.052117575,-0.05481928,0.012683032,-0.015349326,0.04692665,0.023290047,-0.022629606,0.01200897,-0.05092353,0.012553198,-0.012253717,0.005797677,-0.009352856,-0.014988317,-0.018331282,-0.018803999,0.01648681,0.036750317,0.024742413,0.014108187,-0.0011507061,-0.015444702,-0.01775136,0.010857424,0.042984325,0.0137516325,0.009614522,0.041437354,-0.016354514,-0.012252098,-0.009883278,-0.030135302,0.014508018,-0.0040681665,0.03085658,0.007692874,0.02281334,0.059448984,-0.004698606,0.009144969,-0.0030079663,-0.028881626,-6.344939e-05,-0.019692274,0.04061833,0.0051534516,0.08225126,0.004859545,-0.053651784,-0.009525305,-0.015516957,-0.07821345,0.012378481,-0.033171445,-0.0009389004,-0.028817564,0.05065884,0.003172244,-0.019832354,0.008853238,-0.01871307,0.022701966,-0.052876644,0.024467546,-0.0019121271,0.05612984,-0.033235364,0.008705385,-0.030863425,-0.043104317,-0.022812326,0.039084695,-0.0064755785,0.031584606,-0.025313264,0.04090608,-0.027671752,0.0062158126]', '{"chunk_size": 500, "chunk_index": 4, "document_id": 8, "chunk_overlap": 50, "document_title": "会员卡与收费"}', 176, '2026-04-12 23:56:31.739752');
INSERT INTO public.knowledge_chunk (id, document_id, chunk_index, content, content_hash, embedding, metadata, char_count, create_time) VALUES (122, 8, 5, '## 挑战活动

我们定期举办健身挑战活动，帮助会员坚持健身，赢取奖励：

### 21 天减脂挑战

参与用户 21 天内打卡 15 次，体脂率下降 2%，即可获得月卡一张。

### 月度打卡挑战

每月打卡满 22 天，即可获得免费体测 + 1 节私教课。

### 健身打卡赢好礼

朋友圈打卡健身，集赞满 30，可获得运动毛巾一条。

---', '68515989102b9793dfc444484ae90798', '[0.00045430017,-0.030324973,-0.017026378,0.006741653,-0.04370983,0.012251565,0.00019542706,0.031453814,0.03354354,-0.014119395,0.04040036,-0.0783172,0.06427957,-0.020538583,0.02265122,0.043304052,0.00068155164,0.049362168,-0.097383514,0.029956458,-0.0662737,0.011984674,0.014425915,0.041457336,-0.04124454,0.013936389,0.039957162,0.03775398,0.016693521,0.021695083,-0.022250095,-0.022157393,0.07264762,-0.010101104,0.017933803,0.032860864,0.005046637,-0.024809424,0.08425625,0.017658232,-0.005118727,0.078464724,0.009303722,-0.012567595,0.03310105,-0.0059080296,0.019993138,0.011767826,0.011564548,0.04736899,0.031114355,0.04345018,-0.032521527,0.07237847,-0.0060360897,0.033916697,0.008905362,-0.009039263,-0.03138594,0.031557545,0.0005199619,0.0045910776,0.020064542,-0.008344743,0.014806847,-0.025756193,-0.004043444,0.018393334,0.045897614,0.13064973,0.030879106,-0.08890801,-0.051373236,-0.010987474,0.10592298,0.046923224,-0.036964294,-0.037564896,0.0014323498,-0.042710446,0.0025674687,-0.0019156353,0.015239375,-0.021582177,0.086697966,0.013480111,-0.020246578,-0.027503567,0.032986283,0.030491266,0.014463124,-0.015353706,0.090797134,0.045582496,-0.030738346,-0.018780882,-0.046894286,0.03808474,-0.0052049616,-0.021478543,0.017540237,-0.012564507,-0.0012020684,0.051803388,0.045374352,0.0012884667,-0.056118682,0.043940887,-0.0028754766,0.025939418,-0.07639362,-0.043376006,-0.035311084,-0.056906156,0.07022662,0.017722145,-0.05586234,0.057256076,0.015745874,-0.0014115778,-0.0060457904,-0.024369312,-0.04585089,-0.053712305,0.062115785,-0.08953799,-0.018348813,-0.020443683,-0.031294826,0.0064853122,0.044467196,0.01823155,-0.0313459,-0.017291788,0.02614649,0.03565772,0.037897058,0.04858657,0.038741067,0.0068517,-0.05823555,-0.09124194,-0.0041270033,-0.056399606,0.0023781895,0.055767525,-0.06046906,0.008267032,0.021938046,-0.03306662,0.060036387,0.014134919,-0.011859391,-0.056549773,-0.0013936737,-0.020386603,-0.04842206,-0.005253872,0.05330887,0.034675594,0.023723159,-0.050353047,0.054854546,0.0010346958,-0.026292484,0.04694835,-0.0005512157,0.063465096,-0.017310297,-0.10174373,0.004579505,-0.032256506,0.014338827,-0.013781201,0.0008222652,-0.030774921,-0.012062427,-0.030862082,0.021019017,-0.03699834,-0.021386635,0.024373783,0.021796292,0.034378488,-0.0075147455,0.011333776,0.004237434,0.024639886,-0.023635218,0.031132841,0.027358025,-0.02234624,0.032163233,-0.0523743,0.021716021,0.025202941,-0.018312292,-0.012257987,0.035901424,0.00931645,-0.004974435,0.007868017,0.032858156,-0.039640643,-0.031253908,-0.017963951,0.014391201,0.003240122,-0.04950286,0.043722827,-0.0035805916,0.07962486,-0.013138271,-0.013780205,-0.047080465,0.035292454,-0.07415039,-0.04208666,0.027184436,-0.006042036,-0.011395307,0.012581022,-0.067113996,0.025736807,0.0030782581,0.021525001,-0.050418153,0.045687668,0.041128524,0.022300946,0.027684547,-0.015794797,0.04971278,0.024435947,-0.050570913,-0.012900851,-0.06101494,0.0056359316,0.019417644,0.034142412,0.017300285,-0.064913355,0.0036037364,-0.020696394,-0.03995059,-0.06613472,-0.0027176377,-0.016370079,-0.026492307,-0.009991919,0.0205959,-0.009494639,0.008944329,0.021060009,-0.021484572,0.048159532,0.009036405,-0.020339882,0.03685906,-0.02840631,0.024238603,0.0017012288,-0.039421815,-0.053491518,0.006187256,0.0010527932,-0.021761669,-0.031692993,-0.04074734,-0.022801558,0.043986224,-0.022596959,0.0120791355,-0.013852813,-0.026222225,0.009206322,-0.019286288,-0.07864884,0.041262504,-0.04581501,-0.07253821,-0.0052285637,0.030855441,0.016079068,0.060801342,-0.04405929,-0.011587746,-0.05177508,-0.010539458,-0.0033301613,0.015143263,-0.02078415,0.056608994,-0.009591693,-0.06355786,0.0032849947,-0.039973225,0.0005470201,-0.03892066,-0.011562704,0.0034222007,0.032541975,0.0052308994,-0.013771303,0.034671757,0.015820328,-0.038383503,-0.029529523,-0.0424711,-0.00813279,0.0073825885,-0.030941365,0.034361236,0.018248145,0.04784765,-0.011625124,0.014339644,0.020812804,-0.002968645,0.016609479,-0.0035965522,0.04953198,-0.002953157,0.043307688,0.013733663,-0.029108122,-0.0023579258,0.022376778,-0.03906446,0.05466551,0.013872062,0.02810282,0.046230298,-0.01922462,-0.046494465,0.023654003,-0.026705693,0.08601901,-0.07531383,0.0066237315,0.031242738,0.02709858,0.0027112875,-0.013628334,0.03147593,0.06032107,-0.0072361412,0.022384787,0.009995804,-0.02925059,0.020051714,0.0013689519,-0.034731198,0.014772605,-0.09244707,0.030827373,-0.02958479,0.014900862,-0.014636389,0.025308166,-0.008721007,-0.0763161,-0.0127506545,0.05521874,0.009066053,-0.028492592,-0.013180081,0.04818206,0.06519817,0.020363744,0.042589754,-0.050216574,-0.010434515,-0.0036783372,-0.02377675,0.06380795,-0.016192557,-0.029281775,0.023356456,-0.0104853315,-0.014985118,-0.011396296,0.016409347,0.022753628,-0.015399116,-0.024630807,0.053928044,0.059046913,-0.025006957,0.01269894,0.03922134,-0.041752923,-0.029506467,0.015838414,0.031834405,-0.05075605,0.03061548,0.0036500837,0.018921336,0.03417245,-0.019396752,0.007348733,-0.10418546,-0.07850545,0.081845194,-0.06736603,-0.020349883,-0.0074063726,-0.052303284,-0.044256624,-0.03881062,-0.042959698,-0.0202746,0.0047175996,-0.017624952,-0.017431606,0.065288275,0.0019933002,-0.043030925,-0.026755055,-0.03483525,-0.015015587,0.011284222,0.013944338,0.012619932,-0.01285355,0.042627472,-0.020576932,0.04881348,0.0018235771,0.011297508,-0.020641543,0.00823462,0.07865005,-0.011508212,-0.08398096,0.029923627,0.051648945,-0.033742476,0.046040412,0.023849972,0.011621681,0.015590591,-0.010790742,0.033382658,0.0069557754,-0.021057224,-0.0072064865,-0.008449409,0.0106825745,0.05698234,0.0012758273,-0.052968558,0.0151507715,0.01880858,0.04109885,0.028348481,0.04359915,-0.053995766,0.0499743,-0.01094804,0.027230699,-0.02954003,-0.01911967,0.034458697,0.0406421,-0.0020394337,0.002318943,-0.059416417,0.029705618,-0.01332304,0.035300642,-0.031296708,0.05167405,0.031017398,-0.025388282,-0.02339638,-0.007935737,0.017548325,-0.005542188,0.010078373,0.024898736,0.027352966,0.028662235,0.016310912,-0.03478111,0.03378867,-0.016440367,0.012192541,-0.035985246,-0.036182836,-0.049904324,0.007020111,0.02714052,0.042532023,0.022942517,0.009953111,-0.035420883,-0.0819659,0.0162784,-0.033166967,-0.02545675,0.011214466,-0.041694403,0.022303462,0.05305411,0.015186127,-0.025095873,-0.034352977,-0.07804665,-0.089488186,0.025862467,0.0013988253,0.025484757,-0.029617662,-0.08118568,-0.0004064477,0.03803962,-0.030336106,0.0071743056,0.032817524,-0.004645489,0.01628101,0.019429585,-0.0052066953,0.016025873,0.011800558,-0.00750299,0.03325509,-0.009223831,0.028057493,0.011524629,-0.015220459,0.035878424,0.003041213,0.051680446,0.046555437,-0.039586835,0.02220956,-0.01732042,0.009194119,-0.046492934,0.012401894,0.0104719,0.041680183,0.025070054,-0.0081151975,-0.05813231,-0.04793144,0.03953204,-0.061165035,-0.004567709,-0.11542978,-0.012549035,0.043270864,-0.0133820735,0.03545879,-0.010815957,0.027988056,-0.012394667,-0.06437187,0.02101432,0.0069301105,0.030417446,-0.05846778,0.0322791,-0.04119331,-0.05079804,-0.019094437,0.048966143,0.052705936,0.022038274,-0.019120766,-0.013024065,0.035517525,-0.023139037,-0.028173668,0.0026508418,0.0027804072,0.015155738,0.029279342,-0.049354494,0.019215588,0.0034798554,-0.0063684606,0.011132124,0.033430498,0.02411659,-0.024267834,-0.060526993,0.005527271,-0.058786705,-0.0488568,-0.0062381676,-0.046778433,-0.019137193,0.01735695,0.02180921,0.026192417,0.005208429,-0.011704401,0.012956897,-0.01574518,0.017519038,-0.026827084,0.009453252,0.047163226,0.026004368,0.0009229529,-0.039276615,-0.025030242,-0.044036176,0.0042949044,0.003289665,-0.00546734,-0.031942274,0.046018105,0.083635874,0.018370198,-0.027358748,-0.026561374,0.014177953,0.04402392,0.0064749196,0.011236351,-0.018059818,-0.0064058416,8.832156e-05,0.04404304,0.00065717276,0.021866594,0.040879626,-0.06573251,-0.052561432,0.040128145,-0.009776005,0.03304553,0.004569896,0.00056881877,-0.023732072,0.06107919,-0.010063686,0.044031773,0.045424763,-0.039307166,-0.012286922,0.024473071,-0.0010498167,-0.018790524,-0.037749887,0.004862185,0.012733853,-0.020119488,0.019421145,-0.030605769,-0.0023331307,-0.006317163,0.040271502,0.039909102,-0.048814956,-7.312316e-05,0.01694764,0.0043284195,0.003460141,0.03171714,-0.002882362,0.027129136,0.04768082,-0.00898037,-0.0109120365,-0.05105272,0.043586385,-0.10665077,0.017116226,0.009970546,-0.034751333,0.009132684,-0.036412455,-0.032349586,-0.06728929,0.012834476,-0.028561536,0.014419037,0.024163952,0.036813986,-0.030034617,-0.0064256056,0.024650626,0.009066024,-0.041388,0.07264154,-0.007252476,-0.027787922,-0.057929765,0.0445946,0.02996652,-0.031035509,0.01983995,0.05657374,0.020131964,0.022952225,-0.005404782,-0.012385674,-0.00022265548,-0.0055302093,0.027792716,0.0077793756,0.010764809,0.038275607,0.06162499,-0.015107211,-0.01759164,-0.023725083,-0.04277555,0.07169024,0.026994556,0.0294782,0.030548258,-0.06425828,-0.01599539,0.0022762318,-0.02696844,-0.012466769,-0.0375073,0.073994875,0.022363175,0.041274816,0.04830247,0.029118342,-0.023259904,-0.018231831,0.028266676,0.00977025,-0.012715667,0.051104728,0.021083642,0.07678724,-0.02517018,-0.077117555,-0.017962994,-0.04600555,-0.010643191,0.010469372,-0.03936305,-0.017945616,0.019580012,0.03119555,0.029605232,0.059987545,0.042129748,-0.023672793,-0.0056745047,-0.034034286,0.024397273,-0.014554486,0.023815744,-0.017591527,0.043763913,-0.013520055,-0.03284367,-0.04246039,0.09388205,-0.010346626,-0.046489898,-0.012303011,0.09114562,-0.000349656,-0.05889723]', '{"chunk_size": 500, "chunk_index": 5, "document_id": 8, "chunk_overlap": 50, "document_title": "会员卡与收费"}', 176, '2026-04-12 23:56:31.790206');
INSERT INTO public.knowledge_chunk (id, document_id, chunk_index, content, content_hash, embedding, metadata, char_count, create_time) VALUES (123, 8, 6, '## 企业团办合作

我们欢迎企业与我们合作，为员工提供健身福利：

### 团办优惠

* 10 人以上团办，可享受 8 折优惠
* 20 人以上团办，可享受 7.5 折优惠
* 50 人以上团办，可享受 7 折优惠，还可定制专属企业课程

### 合作方式

* 企业统一为员工办卡，费用企业统一支付
* 企业发放健身补贴，员工自行办卡，可享受团办优惠

### 定制服务

* 可安排教练上门为企业做健康讲座、体测服务
* 可定制企业专属的团课、团建活动

### 合作咨询

请联系我们的商务经理 138-XXXX-XXXX

---', 'bb34064881e46a94feb71f6be1eb4966', '[-0.016194722,-0.059083186,0.0094279535,0.021497933,-0.023015564,0.055818494,-0.039812937,0.054345127,-0.025564393,-0.02252742,-0.023081932,-0.07419078,0.06497166,-0.02500109,0.06723179,0.028120635,-0.0036705674,0.102594756,-0.05211492,0.03603163,-0.07370227,-0.002940742,0.0053468836,0.0014469067,-0.030109547,0.035773423,0.0030815967,0.009101806,0.002616399,-0.023061804,0.031114014,-0.013708808,0.009332949,-0.011457211,-0.018720577,0.044844568,0.020710928,-0.03498148,0.055807646,0.03613358,0.008965256,0.08029715,-0.0017099727,-0.06344698,-0.018702066,-0.037943758,-0.014490546,0.040397923,-0.00082113355,0.003913165,-0.022670176,0.037917838,-0.03508321,0.041034203,-0.06762415,-0.033344306,-0.009411759,-0.0063310396,0.021502407,0.005791521,0.003786237,-0.02755969,0.023657551,0.006335071,-0.00748146,-0.048964586,-0.04405588,-0.03304204,-0.010778051,0.13579538,-0.00517085,-0.079402186,-0.011602099,0.009581996,0.08603806,0.037718214,-0.029208435,-0.0091579845,0.052058198,-0.030561423,0.008620516,-0.051583227,-0.014704292,-0.0429839,0.07922061,-0.016168952,0.037448447,-0.06492202,-0.0058609303,-0.042105637,0.015744038,-0.027886676,0.08119999,0.06553265,0.023567935,0.04538849,-0.022900725,-0.0011340244,0.017934306,-0.020193884,-0.015087417,-0.031215318,0.0117928,0.05070277,-0.00046827612,0.0050985883,-0.03433392,0.054237045,0.033742316,0.03623901,-0.026408972,-0.022624638,0.0045048036,-0.044912968,0.008815449,-0.01874823,-0.06641519,0.028379489,0.0072532487,-0.028876225,-0.0054704854,0.043928307,0.006355606,-0.029702438,0.04428596,-0.026902972,0.0019480663,-0.021700107,-0.01600322,-0.040071677,-0.0012988122,0.0068196733,0.018590707,-0.04673768,0.030057047,0.017064337,-0.01774005,-0.0039499896,0.06833627,0.019284712,-0.049643192,-0.08911145,-0.039786536,-0.024345724,-0.0070247343,0.09131924,-0.027765987,-0.0276831,-0.016320925,0.018376239,0.050570644,0.03415803,-0.04799658,-0.067770354,0.013597528,-0.025355658,0.0015442346,0.001852135,0.01828233,-0.026767641,0.033555854,-0.031715903,0.06522003,0.029657453,-0.023618037,0.0099656945,-0.021944936,0.0527617,-0.018872855,-0.053646747,-0.051698808,-0.0038951756,-0.056548864,-0.06433847,0.006734444,0.0333338,-0.02895774,-0.01424211,-0.008911856,-0.016928524,-0.026114747,0.00788236,-0.005315104,-0.039380595,-0.025346544,0.011835883,-0.019147225,0.05266153,-0.08978423,-0.002029638,0.008053245,-0.039207365,0.065919496,-0.03243208,0.015850337,0.03235791,0.0053096237,0.031128269,0.03804012,0.0069636763,0.05120243,0.029785585,0.02708612,0.028656486,0.019884031,0.009817946,0.024632659,0.0017865242,-0.056841895,0.017521445,-0.0225208,0.041013326,-0.058787584,-0.024426358,-0.028052162,0.06409194,-0.05252296,-0.018191006,0.031121623,0.013016235,-0.019798428,0.028754663,-0.07320664,0.007036999,-0.009334213,-0.01083534,-0.0060665454,0.0047555566,-0.04251569,0.035578214,0.019550085,-0.016998548,-0.024885748,0.060000777,-0.00758109,0.01806342,-0.04571756,0.022170847,0.011215699,-0.016673477,0.01544879,0.055810887,-0.018315379,-0.044124346,-0.06204977,-0.010266129,-0.0037837361,-0.083483435,-0.010528571,0.027068352,-0.012462131,-0.02122615,-0.0011081484,0.019055352,-0.004103293,0.02439315,-0.027400833,-0.06460534,0.035234876,-0.009387756,0.05177822,0.059390806,-0.052814737,-0.018939162,-0.013202314,0.004866921,-0.074349515,0.0015541802,0.023249125,0.037686575,0.073273815,0.059216436,0.0082133785,0.017606981,0.0030937884,-0.037663624,0.014097271,-0.057775583,0.002578742,-0.06373415,0.001092842,0.020337176,0.026141949,0.010199304,0.07534887,-0.034513637,0.00847798,-0.06764256,-0.007527856,0.02275821,-0.014023034,-0.009548454,0.08207536,-0.01379592,0.027052721,0.0722268,-0.04262543,-0.04827188,-0.022448758,-0.009408169,-0.003856064,0.056978937,0.040551193,-0.009832168,-0.020847337,0.007479281,-0.010487171,-0.03192117,-0.01613348,-0.012083614,-0.022877267,-0.065496266,-0.007045297,0.035411764,0.04880446,-0.014620696,0.005765289,0.019559596,0.004544119,-0.0004473499,-0.0029742392,0.027148625,-0.0027679629,0.013490539,0.07061551,0.0113609275,-0.0038641666,0.046221618,-0.013387071,0.07712565,0.0054559177,0.06888011,0.025377806,-0.031084709,-0.019078044,0.018243754,-0.02484192,-0.02607042,-0.0018983124,0.04356208,0.03878516,0.0017114183,0.027566759,0.0042590587,0.0061602397,0.019709678,-0.012209218,-0.014331012,-0.045151908,-0.0009467091,-0.040122483,-0.036096625,-0.015980417,0.0067018643,-0.10202232,0.022863176,-0.023664512,-0.010531924,-7.682709e-05,-0.0031151692,-0.0022382778,-0.030288342,0.006619116,0.022312088,0.043115217,-0.02807475,-0.013319818,0.018965421,0.03165964,-0.015475189,0.08966084,-0.065622315,-0.01230336,-0.008524292,-0.038715597,0.10230877,0.028459067,-0.004875976,0.018378528,-0.010264003,-0.016423011,0.01302513,-0.012648898,0.068750694,-0.023930997,-0.022057805,0.050014045,0.046516705,-0.005483871,0.013839743,-0.0132599175,-0.021751504,0.008454514,0.0016423464,0.030986052,0.04309343,0.026191827,0.016091915,0.0045698313,0.045098227,0.0010329128,0.00670872,-0.06771883,-0.06663475,0.05482941,-0.03339661,0.017034024,-0.029864524,-0.08732547,-0.027252914,-0.009112428,-0.07820782,-0.030957716,0.0027908776,0.046378102,-0.015451471,0.03525574,0.0108135715,-0.024122104,-0.012468378,-0.018001659,-0.0045186956,0.034860373,0.0131426295,0.012818319,0.006262913,0.01773166,-0.044233337,0.0099000195,-0.02508518,0.018634347,-0.05019208,0.02908735,0.043997362,-0.009729784,-0.042936172,0.028054569,0.032939885,-0.023380553,0.014555638,-0.004143662,0.030075438,0.024784155,-0.020740734,-0.025423318,-0.009069986,-0.02278879,0.012804463,0.02881977,0.02183327,-0.014068551,0.00075300736,-0.017674465,-0.04036677,-0.03974154,-0.021180246,0.021819293,0.026345633,-0.07581225,0.021347785,0.014880499,0.052149907,-0.011675887,0.020190159,0.029456671,0.05582044,0.005019692,0.019151155,-0.05318874,0.008317284,0.016725969,0.04612403,0.009342256,0.030974856,-0.03539371,-0.06736646,-0.017932998,0.013877249,0.0113029955,-0.07560317,-0.05223743,0.03901574,-0.006024796,-0.013860061,0.019689664,-0.046686534,0.023163142,-0.024413636,0.0002481665,-0.0104639,-0.012107074,-0.017915988,0.013353647,0.029068036,0.027703846,0.0018589891,-0.0012986809,0.0009928492,-0.050858416,0.037207864,-0.019733254,-0.020451797,0.055361085,0.022832345,-0.02507334,0.013927008,0.044988587,0.002348765,-0.08078338,-0.087668434,-0.10434807,0.04626349,0.009521586,0.04022296,-0.048043326,-0.053873073,0.0028585722,0.021601858,-0.056957193,0.017625878,0.00797293,-0.016732741,-0.029879078,-0.03170702,0.008138115,-0.03782481,-0.019603163,0.007579974,0.049704522,0.000122018995,0.03209994,-0.028967272,-0.0076495106,0.039404348,0.043627456,-0.027190002,0.059076823,0.01858548,0.012413084,-0.020635577,0.0059172404,-0.028467739,-0.01649372,0.017228052,0.05227976,0.0044551813,0.014407559,-0.008423542,-0.017225891,0.059769794,-0.020576945,0.0071143187,-0.03147497,0.008013308,0.049706314,-0.0061350907,0.08188913,0.036362477,0.010653054,-0.036316544,-0.062478594,-0.05836528,0.0107765645,0.00798609,0.040497985,0.02326753,-0.048637554,-0.048093013,-0.023481257,0.017586779,0.025920978,-0.0043056137,-0.0356687,-0.049839456,0.014488932,-0.020458886,-0.07057747,0.061901238,0.024226395,-0.02333276,0.042263724,-0.014468004,-0.044104915,-0.025601076,-0.016206156,0.0005616065,0.0267168,-0.03938348,-0.025434379,-0.03156432,0.025486365,-0.046196003,0.03822208,0.0061735664,-0.09011862,0.0007535169,0.08381883,0.03110249,0.006689766,-0.058003746,-0.008768502,-0.007194794,0.030375758,0.013204857,-0.043844067,0.008595383,-0.023981074,-0.020911217,-0.061111007,-0.00141432,-0.032725316,-0.04062575,-0.0026215843,-0.019167481,-0.016560247,0.033898804,0.029625757,0.059647005,0.038623292,-0.022261355,-0.042536877,0.030160042,0.063828595,0.01021761,0.012804839,-0.019337181,-0.0027264971,-0.025097813,0.006427212,0.007418652,0.049785424,0.058232035,0.012386232,-0.022746589,-0.07367588,-0.016729115,-0.013093183,-0.007896771,0.022952268,0.0036918456,0.051108923,0.021063544,0.014573092,0.027182916,0.012020557,0.0020576408,0.010835429,0.033790063,0.045162067,-0.0658454,0.038548257,-0.003963708,-0.020463064,0.0060282513,-0.041506495,-0.036161806,-0.018596776,0.06526423,-0.01959972,-0.109270066,0.011132024,-0.0024267393,-0.024722047,0.014072263,0.03731936,0.024269236,0.011259795,0.03463939,-0.028905936,-0.0041182083,-0.05599917,0.067758724,-0.061603226,-0.023367414,0.01708575,-0.043883637,-0.020500826,-0.017866457,-0.030256214,-0.0017860956,0.039282374,-0.028055029,-0.035134975,0.0151601145,0.033229154,0.030909145,-0.061409943,-0.021892935,-0.036743872,-0.07092536,0.060311623,-0.0064476375,-0.02740976,0.0062880935,0.02531233,0.022447543,-0.021138491,0.015479713,0.0013389449,-0.0070320494,6.6390785e-05,-0.008573336,0.01186086,-0.042950787,0.018938476,-0.0013380622,-0.0025703914,0.05730902,0.022717388,0.030089853,0.0004503358,-0.019505193,0.0045429594,0.00030594345,0.059107717,0.020933555,0.029865794,0.047092997,0.030028604,-0.04657922,0.00882123,-0.046286605,0.030924695,-0.0111127645,0.08165161,0.0204801,0.043098073,0.0649841,0.0006201582,-0.04202213,0.008495873,0.023642894,-0.051200144,-0.019697249,0.034698796,0.018007997,0.050239626,-0.0019142726,-0.06899993,-0.0057066116,-0.026720587,-0.056806397,0.011497374,-0.02126628,-0.064994834,-0.017919306,0.0198843,0.028489076,0.01822711,-0.01198732,-0.040910874,-0.028756734,-0.053845335,0.023477247,-0.10397987,0.0325735,-0.027861942,-0.028768027,0.0014701269,-0.049874958,-0.057857238,-0.017403312,-0.021681368,0.0152942855,-0.05049335,0.047271628,-0.0067411824,0.0028861328]', '{"chunk_size": 500, "chunk_index": 6, "document_id": 8, "chunk_overlap": 50, "document_title": "会员卡与收费"}', 271, '2026-04-12 23:56:31.840725');
INSERT INTO public.knowledge_chunk (id, document_id, chunk_index, content, content_hash, embedding, metadata, char_count, create_time) VALUES (124, 8, 7, '## 异业合作

我们也欢迎各类异业商家合作，资源互换，互利共赢：

* **合作类型**：周边餐饮、美容美发、瑜伽馆、体检中心等
* **合作方式**：互相引流、联合活动、会员权益互通等
* **合作咨询**：400-888-9999 转商务合作', 'cbbfc33c606157149991c9ae87f848f5', '[-0.03146757,-0.040715866,-0.004027357,0.0250632,-0.0264686,-0.02039435,0.00640286,0.022812473,0.015678743,-0.008530898,0.022696964,-0.025950104,0.015507163,-0.0032113723,0.051145732,0.028587772,0.0070484467,0.09401653,-0.06475235,0.042064212,-0.018422542,0.0026585248,0.0065962253,0.0007570742,-0.08087198,-0.033888888,-0.016051356,-0.01723506,0.032408036,0.028676786,0.004172824,0.012797353,0.0628908,0.016653633,-0.012610879,0.06265868,0.011915969,-0.040065087,0.13751742,-0.03664935,-0.011360441,0.029793099,-0.031985786,-0.0050904965,0.0275985,-0.04681782,0.034310725,-0.025638085,0.015823565,0.017268082,-0.018298753,0.06228607,-0.023131737,0.009969799,-0.09537078,-0.053822234,-0.014615928,-0.005679602,0.008469342,-0.01599666,-0.038357902,-0.02174315,-0.017881442,-0.0069680996,0.02243254,-0.018761873,-0.04354566,0.04138142,0.021497073,0.12278254,0.039816413,-0.015669683,0.017549941,0.005241576,0.10306286,0.02640281,0.0053098053,-0.0063173827,-0.008834327,0.016106643,0.044045154,-0.04456829,0.054115035,0.035704095,0.051331688,0.05020336,-0.050162014,-0.048004333,0.0073491307,0.010811773,0.03000824,-0.0111054,0.06312048,0.027069699,0.022708407,0.024898997,0.014646269,7.7654484e-05,-0.05538817,0.038209133,-0.031123515,-0.020395324,0.06709706,-0.0054777674,-0.0032518746,0.072904445,-0.029408814,0.025851196,0.076056935,-0.003985708,-0.0057429625,0.00314672,0.031717278,-0.035047263,0.05711902,-0.0034725138,-0.03001658,0.03645211,0.04121129,-0.06656185,0.014467104,-0.013863556,0.01431393,-0.012102875,0.010604833,-0.024584489,0.0027262496,-0.0023393682,0.019059084,-0.0733415,0.023274159,-0.0016091281,-0.0035784831,-0.075640626,0.0046000723,0.017101945,0.0030480714,0.01963702,0.053750977,0.010059345,-0.0654382,-0.074506275,-0.013842716,-0.033469655,0.0095724575,0.04932148,-0.045815423,-0.012776358,0.032323405,-0.038338657,0.017741594,0.00843212,-0.04319345,0.003269717,-0.00657845,-0.030465381,-0.001078869,-0.011866293,0.031326726,0.042028166,-0.035735093,-0.031103967,0.02692881,-0.0109404735,-0.009915432,0.018041115,0.0377313,0.039984338,-0.057312455,-0.03922908,-0.008066844,0.02971088,-0.068407565,-0.01598265,-0.051813737,0.03884911,-0.007494263,0.04050984,0.019698162,-0.001674342,0.01580728,-0.002020991,0.014257794,-0.006447996,0.011256009,0.07450335,-0.03128732,-0.0075665945,-0.037590936,0.061781343,0.002686891,-0.014112079,0.047559436,-0.0116797155,0.037985098,0.052779328,0.021375949,-0.0068443334,0.0039393473,0.014536498,-0.0005197747,-0.008389849,0.05753761,-0.02331551,0.0023661046,0.0018576594,0.06443384,-0.036562447,-0.025188914,0.040501118,-0.04023328,0.042791918,-0.08727628,-0.012641104,-0.023404522,0.0722518,-0.013350071,-0.009040664,-0.0142125385,0.0048539275,-0.035139404,0.03649231,-0.05594474,-0.017711487,0.05720004,0.03338647,0.0026132585,0.027447645,-0.007560553,0.007900841,0.048804026,-0.025736855,-0.006246398,0.03363036,-0.05788923,-0.04445567,0.0029165691,0.009455622,0.0080825705,-0.00861393,-0.016471002,0.0058469805,0.0013768983,-0.03443972,-0.050976038,0.013812692,-0.010134126,-0.07338904,0.046964634,0.015115387,0.027682278,0.018543774,0.0018425391,0.034286037,0.013625843,0.02608543,0.032354657,0.041112136,0.0116289435,0.014698132,0.009957719,0.014012911,-0.022416966,-0.073237725,0.029372856,-0.009794582,-0.028440855,0.029065784,0.022413256,-0.027614485,0.03834374,0.02976504,-0.022086255,-0.036425848,0.032470036,-0.021770637,0.098940335,-0.016191598,-0.003353067,-0.062142495,-0.063772656,0.0065838946,-0.02580043,-0.018789096,0.033856034,0.013975521,-0.025827892,-0.036689956,-0.032591898,0.042482723,-0.03722464,0.028719692,0.009038813,-0.035798367,0.0025037082,0.021905122,-0.06688223,-0.032191385,-0.03593717,-0.02322799,-0.02263146,-0.0071565905,0.004678591,-0.0025358836,0.048107028,-0.022960542,-0.0011321994,-0.004052586,-0.039055016,-0.020200025,0.028908672,-0.040026847,0.07390688,0.0068709753,0.026983656,0.010520201,-0.0022425458,-0.015492876,-0.008217721,-0.017411135,-0.028453743,0.0270968,-0.059522536,-0.0043243254,0.035411753,0.025669139,-0.02789884,0.044713084,-0.046301164,0.011902273,0.0031049217,0.060944147,0.02491945,-0.039629184,0.02937344,0.048054967,0.035289854,0.009605546,-0.065617636,-0.002120714,0.04452,-0.011166625,0.00747105,0.03351655,0.016288284,0.06254747,-0.042242687,0.005872333,-0.028138883,0.019594662,-0.0075066867,-0.021128155,-0.04052342,-0.033001937,-0.11509332,0.0006215203,0.012830623,-0.012475212,0.051105198,0.053998318,-0.0021136145,-0.038689006,-0.04076604,0.06042552,0.035266563,-0.024895117,0.018510057,0.025406469,0.05210455,-0.0056671076,0.11084386,-0.011149127,-0.008431143,-0.0031102924,-0.000418588,0.030367821,-0.022280602,-0.0035014711,-0.0026082466,0.025403637,-0.036270052,-0.016451996,0.03463218,0.063276775,-0.01054095,0.0011050261,0.01259739,-0.02948449,-0.022153703,-0.011637328,-0.037986696,0.0050950404,0.012907788,0.01595181,0.030524993,0.004985045,-0.04700795,-0.044243466,-0.02458296,0.051058095,-0.012144097,-0.032159436,-0.07565554,-0.088518605,0.058851898,0.004955067,0.03522848,0.01709961,-0.038239356,-0.018857766,-0.009190452,-0.07377257,-0.02111336,0.03580416,0.015765699,-0.052314658,0.059281148,-0.032511365,-0.062458362,0.050524447,0.018610802,0.00010035832,-0.029521437,-0.004243574,0.05318806,-0.0009325607,0.01167013,0.014301731,0.009662367,-0.017036501,0.042568862,0.039925635,-0.019420257,0.044664364,0.029922212,-0.04611587,0.027970111,-0.00266694,-0.04463371,0.04998659,-0.0067616436,0.039991677,0.041663583,-0.021756167,0.024164941,-0.057803337,-0.047200408,0.07594434,0.03875045,-0.023915084,0.005317973,0.030263256,0.012836193,-0.050198168,-0.031388007,-0.0064194095,0.020642707,-0.018506069,-0.0633323,0.004061451,0.021857128,0.034110278,0.009823881,-0.018667439,0.039427858,0.025585344,-0.004449184,0.041249745,-0.058861572,-0.02102916,0.014574774,-0.021811053,-0.030612858,0.05388182,0.039633308,-0.068163544,-0.021806182,-0.020297043,0.046827424,-0.06171852,-0.0072880834,-0.0026318114,-0.019084172,-0.009998527,0.03508941,-0.048181996,0.03969346,-0.05189843,0.039903373,-0.021209741,0.015738016,0.013515527,0.014053516,0.07502528,0.0038323794,0.021597506,0.036956184,0.07245854,-0.0044481326,-0.011752125,-0.011184469,-0.0008830511,0.03374486,0.0137949325,0.02965164,-0.007889448,0.041829936,-0.032269374,-0.047097832,-0.012752545,-0.06684715,0.0004321539,-0.010598703,-0.007198015,-0.04971912,0.013720633,-0.025119409,0.008018543,-0.042895503,-0.0055315793,-0.008239538,-0.060912736,-0.034609146,-0.074027486,0.0025030463,0.012793729,0.033458836,-0.04205433,0.050773673,-0.0342158,-0.060173847,0.015879663,-0.014560761,0.030464975,-0.03840516,-0.042856958,0.005040149,0.016428297,0.00027655635,-0.06911393,0.059779543,0.026145572,-0.0034884235,0.0683266,0.09730695,0.00093802914,-0.03110853,-0.011531159,-0.0367935,0.03387205,-0.0007379995,-0.0028057005,-0.065847635,-0.012576283,0.031926583,0.0017361767,-0.00626508,0.045175306,-0.016272554,-0.03759588,-0.022107763,0.014021895,0.0047777155,-0.06572688,0.009540825,-0.03234464,-0.020596009,-0.019503433,-0.027391177,0.052619737,0.011653766,0.0108132195,0.010018851,-0.044752087,0.025361516,-0.0571183,-0.025102472,-0.053295314,0.019117959,-0.039273966,0.056480523,0.054251906,-0.015780035,0.040361088,-0.055448327,-0.016465127,-0.004370905,0.010513419,-0.04708441,-0.0694009,0.06904982,-0.079937994,-0.012020848,0.0034370823,-0.06695825,0.04185467,0.026166312,0.0077949404,0.086491324,-0.026345406,-0.03330594,-0.026453298,0.032440558,-0.014513574,0.008095203,0.0041195676,-0.002178286,0.03551681,-0.029620035,0.032439105,-0.010564838,-0.0024674842,0.006444433,-0.040880222,-0.01945647,0.025974194,0.0375864,0.037482157,0.03286447,0.004358651,0.035399146,0.037985805,0.047934055,-0.02146071,-0.003601936,-0.011444019,0.02088454,-0.01908896,0.009511132,0.029952632,0.04083573,0.05495677,0.005344848,0.061112806,-0.006428984,0.045517147,0.02814667,0.009295557,0.048202094,0.03448738,0.08934282,0.006976308,0.009609784,0.003967099,-0.06996741,0.0035240403,0.017784635,-0.024662713,-0.018349646,-0.009526734,-0.0031045773,-0.032225132,-0.06878175,-0.013470981,-0.043004956,-0.027404703,-0.0253669,0.011799449,-0.017783651,-0.024494812,-0.013444342,-0.011457596,0.0061681694,-0.008283298,0.06315597,0.037253957,-0.01902454,0.026651157,-0.04046945,0.035948373,0.023514343,0.002910545,-0.07828164,0.02593938,-0.034651827,-0.0024575936,-0.038362045,-0.042062808,-0.031850953,0.03257888,0.00810149,0.002759981,0.021226315,0.046772942,-0.0049067996,0.021317784,0.0130713815,-0.05059027,-0.04972028,0.046219893,-0.008295196,0.016279215,-0.017237725,6.4249085e-05,0.005259286,-0.010475422,-0.030332146,0.03724965,-0.0028340544,0.048862245,-0.0037184858,-0.0711373,-0.040108226,-0.028395144,0.0069432277,0.020507623,-0.036967896,0.059498563,0.005441158,0.032135136,-0.007903854,-0.0070675556,-0.05166118,-0.018930081,-0.011625269,0.02993437,-0.0191492,0.036490805,0.0042681503,-0.025724277,-0.03262769,-0.07190677,0.0352375,-0.07268292,0.06669686,-0.015026904,0.021433162,0.050526697,-0.033584084,-0.023523264,-0.041032378,-0.06759419,0.0011086473,0.009407248,0.0381066,0.031594966,0.051900256,0.0034657079,0.004894155,-0.0148128085,-0.035388585,-0.03217912,0.06370241,-0.045896567,-0.023463631,-0.06322788,-1.519023e-05,0.07817881,-0.0049675605,-0.02061773,0.03171565,-0.07314481,-0.040631063,0.023196097,-0.04473976,0.016815264,-0.046255812,0.024629897,-0.02091858,-0.017059505,-0.058324296,0.026494978,-0.04583359,0.018629905,-0.01476286,0.024913894,-0.040126998,-0.00097352546]', '{"chunk_size": 500, "chunk_index": 7, "document_id": 8, "chunk_overlap": 50, "document_title": "会员卡与收费"}', 124, '2026-04-12 23:56:31.891046');
INSERT INTO public.knowledge_chunk (id, document_id, chunk_index, content, content_hash, embedding, metadata, char_count, create_time) VALUES (136, 11, 0, '## 账号与登录

### Q：忘记登录密码怎么办？

**A**：您可以在公众号会员中心，点击 "忘记密码"，通过绑定的手机号接收验证码，重置密码即可。也可以到前台，由工作人员协助重置。

### Q：换了手机号，怎么修改绑定的手机号？

**A**：您可以到前台，携带本人身份证，工作人员会帮您修改绑定的手机号。也可以在公众号联系在线客服，提交身份证照片后修改。

### Q：会员卡丢了怎么办？

**A**：您可以到前台补办会员卡，补办费 10 元，补办后原卡自动失效，您也可以直接使用公众号的电子会员码入场，无需实体卡。

---', '42b02f327bbd65b8b1a89d2d4f904124', '[-0.053079028,-0.021342449,0.000102786995,-0.03906823,0.0051207435,0.025297783,0.008150787,-0.022396106,0.036128182,-0.024670659,0.028009698,-0.0052604354,-0.0013893103,-0.023202175,0.08795628,-0.01221229,0.017857213,0.032871928,-0.054238267,0.010346784,-0.024259849,-0.002313966,0.0068026604,0.052760445,-0.005873714,0.009266797,0.005230695,0.012478281,-0.0040167547,-0.020988649,0.016385332,0.00036193506,0.10732812,-0.020969864,0.03686075,0.006419199,-0.03034095,-0.018735977,0.029457437,-0.04117423,-0.004088636,0.041775323,-0.029729899,0.040181983,0.017229503,-0.057790667,0.037605178,0.030333215,-0.06334728,0.024710797,0.01630807,0.02350361,-0.016718838,0.013510755,-0.007098864,0.01817314,-0.021259062,-0.10929393,-0.028773425,0.0032468112,-0.04602938,-0.017943269,-0.04076475,-0.034971245,0.027775357,-0.035091,0.03104829,0.057144683,-0.009426574,0.1281874,-0.004470331,-0.072763555,-0.0024937582,0.030721989,0.10679277,0.037435085,-0.083486475,-0.02331243,0.008301073,0.021857323,0.0727063,-0.01704799,-0.000538321,0.045248125,-0.033783197,0.0048149056,-0.016186174,-0.022252023,0.03293041,-0.0044959346,0.035718475,-0.0777582,0.035764985,0.05331671,0.033967096,0.00010230083,-0.010481697,0.054806393,-0.058737636,0.014794961,-0.03584851,-0.057148453,0.018387062,-0.038692918,0.029893003,0.043223776,-0.035805948,0.038615305,-0.028446797,0.067306496,0.023126598,0.0074980548,-0.031463966,-0.012891399,0.092603184,0.026593681,0.016716076,0.028471155,0.039310604,-0.046544913,0.013720416,-0.03485676,-0.009978756,-0.050303344,0.042321123,-0.014302869,0.0116020255,-0.03614841,-0.0023637945,-0.08045709,0.02311772,0.02276402,-0.008083166,0.0026705838,-0.024651403,-0.014681026,0.020683808,0.00919731,0.0476858,-0.023304107,-0.054793317,-0.038509995,0.04743439,-0.017895332,-0.008557993,0.056916688,-0.007844334,0.073965,-0.0094439285,-0.018043833,0.027483944,0.055152982,-0.054309808,-0.032524575,-0.040333904,0.01644162,-0.061612945,-0.012398436,-0.02583691,0.00960799,0.028026788,-0.0259955,0.020632047,0.046374176,0.010735852,0.10258023,0.023266105,-0.04398547,-0.02035544,-0.03762331,-0.005631478,0.0033107016,0.024343826,-0.009421921,0.02896554,-0.002701129,0.020173395,0.0061670477,0.0068500913,-0.008379501,-0.048418853,0.007064909,-0.013312272,-0.029052414,0.020079123,0.030272674,-0.011236316,0.015406585,-0.05417714,-0.0050832205,0.046793994,-0.021190282,0.06425756,0.0024043084,0.027578171,0.040108465,0.01410666,-0.030617509,0.047032524,0.043304536,0.008463421,0.03997847,0.010785306,0.0152390525,0.0027079098,0.008969187,-0.017482085,0.0074901474,-0.12558272,0.049740072,-0.05258178,0.04200698,0.007918613,-0.010286971,-0.0028961315,0.040228467,-0.03707876,0.0034877458,-0.02048996,0.004026289,-0.027143572,-0.014732505,-0.05627178,-0.005082536,-0.09788521,0.031156845,-0.01149218,0.006213294,-0.01212888,0.017908294,0.050591417,-0.019482903,0.009627042,0.032880142,-0.07086246,0.020251114,-0.03534354,0.020868093,0.011966141,0.048630156,0.041815016,0.0016343258,-0.04215544,-0.008536586,-0.016912024,-0.074957624,0.04802957,-0.024634162,0.026365042,0.06500604,0.016202439,0.0160985,0.014794731,0.01854629,0.015997462,-0.004803583,0.009568585,0.0058757425,-0.014469765,0.016800014,0.016355582,0.020619964,-0.015394238,0.03615715,-0.0024298434,0.017979199,0.0046388647,-0.03680585,-0.03774423,-0.057834793,0.03323627,0.001349478,0.020360649,0.015650712,-0.0047203833,-0.044126198,0.01597491,0.026801076,0.038632363,0.006425648,-0.038413234,-0.049333133,-0.0037404685,-0.0031253737,0.06874094,-0.07100679,0.0017296977,-0.08881035,0.012645395,-0.0059064343,0.0062480853,0.045362916,0.03402141,-0.013134872,0.03403791,0.020399228,-0.06589526,-0.007921636,0.009087797,-0.007568719,-0.07623346,0.015725126,-0.05791689,0.0117616765,0.046383202,0.02021968,-0.026130877,0.0042502433,0.016068157,-0.033880666,0.019285988,-0.04135029,-0.015575828,0.00631815,0.08046201,-0.04502516,-0.01847212,-0.015181903,-0.012704938,-0.01596196,0.011674785,0.05474333,-0.00582114,0.0026482677,0.092333205,0.017959045,0.026181823,-0.013056183,-0.012056116,-0.020119905,0.060870532,0.016070398,0.013445116,0.014374838,-0.02623031,-0.021177428,0.0068653896,0.049974464,-0.021635043,0.06587763,-0.04372176,0.0024337028,0.019018648,0.00440723,-0.004952092,0.11662902,-0.04130475,-0.004053111,0.008215174,-0.04208085,-0.0024753308,-0.017099334,0.0029273317,0.012741427,-0.10902779,0.038788967,-0.0060899956,-0.036189254,0.024375148,0.010808112,-0.00259462,-0.012532752,-0.010223247,0.035099234,-0.0038838303,-0.047888894,0.01815441,0.021428702,0.039877634,0.050050944,0.002068791,-0.028322717,0.0069041406,0.027864136,-0.05273731,-0.045642007,-0.04483493,-0.05969102,0.04555932,-0.009405266,-0.018131701,-0.041078515,-0.057550985,-0.017924322,0.029843332,-0.0030936676,0.013619244,-0.013804789,-0.045987185,0.060747635,-0.02692827,-0.021973627,0.057244107,0.055482086,-0.0043361397,-0.031123376,0.0029782183,-0.027758801,-0.04718968,0.052785538,-0.000673544,-0.013560876,-0.08690397,-0.034982298,0.056531426,0.058238696,-0.010039463,0.041089,-0.049863752,0.015978578,0.018975927,-0.032544784,-0.020072479,-0.0236181,0.0008601155,0.05272906,0.009604567,-0.011151511,-0.049819555,0.014219803,0.0050901566,-0.014445663,0.030640299,0.007483059,-0.021968726,0.040268615,0.056911357,-0.026979202,0.028047917,-0.0062499777,0.053979315,0.038718145,0.0077358363,0.0035835213,0.008552321,-0.003880447,0.0021536176,0.021322533,0.017858395,0.027975788,0.0010168458,-0.012197336,-0.04403554,-0.010049551,0.013217121,-0.06558529,-0.016851882,0.015195572,0.04600497,0.013229487,-0.005949763,-0.019250654,0.009522181,-0.0029817915,-0.011600932,-0.0010192295,0.006865729,-0.018172523,-0.010104548,0.062161125,0.019900544,0.030928625,-0.04218323,0.009279966,-0.017126774,0.028423587,-0.028252041,-0.035581596,-0.043223534,-0.061815556,0.008323991,0.03869973,0.0073549096,-0.017711483,0.011028595,-0.032431174,-0.08450481,0.012817005,0.040009398,0.02632034,-0.015253886,-0.014145741,-0.0073876753,0.075128525,0.083514914,-0.0563884,-0.03901749,-0.036042623,0.057007477,-0.016232146,0.007041029,-0.016790882,-0.009806356,0.055424184,0.024545508,0.05852684,0.03697937,-0.06880708,0.05631947,0.034659453,-0.020596897,-0.01326311,-0.032761015,-0.05850914,0.030735692,0.0073415586,-0.053051382,-0.011879264,-0.055231173,-0.018338274,-0.06588313,-0.0056857867,-0.0008920696,-0.019201307,0.0054382076,-0.030653406,-0.013766293,0.018488973,-0.04485098,0.032292582,0.005400337,-0.09322717,-0.005252149,-0.011012722,0.044421025,-0.023014635,0.014595176,0.024382086,0.005662923,0.00019123725,-0.024479164,-0.0038319738,-0.0007654839,0.04393272,-0.04308886,-0.06381021,0.032865494,-0.017508427,0.040102612,0.014484943,-0.0064490596,0.012807311,-0.0055256076,0.024053363,0.04482177,0.015881835,0.06557552,0.009765612,-0.006223077,0.06988262,-0.04739373,0.004486853,-0.08156746,-0.04776376,0.021694468,-0.014184292,0.04852539,0.03438133,-0.008734715,-0.01823951,0.0025226728,0.05130309,-0.046074845,-0.0028419923,0.008319496,-0.0144720245,-0.06737696,-0.0026889518,-0.08352678,-0.02185798,0.06770084,0.044334847,0.018574731,-0.041549254,-0.038167696,-0.013823991,-0.011144092,0.034181666,-0.02162307,0.013055585,-0.046112005,-0.013757044,0.03112685,0.07315638,0.026570287,-0.0004025887,0.002184969,0.07249293,-0.0889446,-0.0074446537,0.054115206,-0.05241336,-0.016241819,-0.009835517,-0.008218214,0.012859984,0.025295781,0.030154206,0.030218216,0.03499813,0.025380006,0.033638064,-0.059526652,-0.013124684,-0.028252954,0.014860127,0.00836543,0.00094776315,0.0048558326,0.01554413,-0.050313838,-0.04235592,0.005614204,0.0067111547,-0.028865563,-0.0039417036,0.022755723,-0.018145738,-0.0034367256,0.005211419,-0.0069455397,0.048494186,0.04938077,-0.022634482,-0.014625696,0.026414994,0.017024646,0.04166762,0.033803806,0.05635258,0.022342322,0.049301058,0.036864676,0.018326554,0.00047059628,-0.032150846,0.079256535,0.028417327,0.012500739,-0.012921993,0.06846326,-0.0100221615,0.02534233,0.03136624,-0.0026024892,0.02519685,0.023113308,0.016026435,-0.029246043,0.018559761,0.024639968,-0.004529732,-0.026747856,0.010483028,0.01017805,0.03903555,0.006593576,0.06851427,0.018618684,0.03582467,0.040531673,0.061628375,0.013389902,0.03159706,0.015177375,0.03345789,-0.001637553,0.047521092,-0.009158388,0.024872396,-0.04642859,0.0121945115,-0.03505242,0.028276198,0.046777543,0.059982624,-0.039134182,-0.02295682,-0.03390057,0.06890033,0.0035271768,-0.024103256,-0.09750831,0.040002625,-0.011979951,-0.01217602,0.011813298,-0.015579273,-0.056163736,-0.032613352,0.027046321,0.011500632,-0.004441033,-0.033022974,0.004783074,0.01989366,-0.038390968,0.04985494,0.020749005,-0.008167612,0.070012406,0.012148057,0.017626107,0.019144226,-0.0148464,0.028337099,-0.0069283494,0.08458988,0.035337787,0.012795533,0.00038386753,-0.029207543,-0.059035927,0.0772793,0.03215225,-0.0031737245,-0.027918905,-0.04904936,-0.03335396,-0.0033428892,0.005764478,-0.012259777,-0.07775701,-0.0039952183,-0.010992842,-0.010786362,0.019668862,0.046309743,-0.029604351,0.03647661,0.028337672,-0.034889795,0.025244983,-0.010077312,0.026202379,0.0070890947,0.0072104568,0.030504309,-0.0011375954,0.072122976,-0.025571594,-0.042397276,0.041711036,-0.074144095,-0.021484789,-0.010559987,0.0012709586,0.03235815,0.056168314,0.02749498,-0.026100941,0.017205708,-0.012065522,0.023002135,0.04411426,0.022929175,0.002725883,0.027360387,0.020265019,-0.014241069,-0.045827407,0.016979741,-0.016091675,-0.055212885,-0.0067307753,0.087376185,0.017658334,0.0067010783]', '{"chunk_size": 500, "chunk_index": 0, "document_id": 11, "chunk_overlap": 50, "document_title": "常见会员问题汇总"}', 270, '2026-04-13 00:32:44.216806');
INSERT INTO public.knowledge_chunk (id, document_id, chunk_index, content, content_hash, embedding, metadata, char_count, create_time) VALUES (125, 9, 0, '## 团课课程安排

我们提供丰富的团操课程，满足不同用户的健身需求，课程表每周更新：

| 时间 | 周一 | 周二 | 周三 | 周四 | 周五 | 周六 | 周日 |
|------|------|------|------|------|------|------|------|
| 09:00-10:00 | 瑜伽 | 动感单车 | 普拉提 | 有氧操 | 瑜伽 | 搏击操 | 核心训练 |
| 10:30-11:30 | 普拉提 | 核心训练 | 动感单车 | 舞蹈 | 普拉提 | 瑜伽 | 动感单车 |
| 14:00-15:00 | 有氧操 | 瑜伽 | 搏击操 | 核心训练 | 有氧操 | 舞蹈 | 普拉提 |
| 15:30-16:30 | 动感单车 | 普拉提 | 瑜伽 | 动感单车 | 搏击操 | 有氧操 | 瑜伽 |
| 19:00-20:00 | 搏击操 | 动感单车 | 舞蹈 | 瑜伽 | 动感单车 | 核心训练 | - |
| 20:30-21:30 | 核心训练 | 有氧操 | 瑜伽 | 普拉提 | 瑜伽 | - | - |', 'ccc4e593782529f5c573cd7d1050ee2e', '[0.02607938,-0.043034513,-0.003583897,0.0297998,-0.0003917573,0.006578823,-0.034942005,0.0059165843,0.009740545,-0.0703961,-0.014738733,-0.06281789,0.06738987,-0.012944586,0.044806138,0.090694815,-0.016872112,0.05474706,-0.08844532,0.009841452,-0.007142425,-0.0064819963,0.041290216,-0.007299484,0.0011765353,0.008078735,-0.049230263,-0.016402673,0.021619447,-0.017166836,0.014369766,-0.04887377,0.013719677,0.0023660383,-0.008906195,0.03314638,0.025346039,-0.037447803,0.061780043,0.0051776897,-0.016349265,0.06093425,-0.06515655,0.026378509,0.0062031923,-0.008102002,0.046974044,-0.017019838,-0.027192941,-0.013108452,-0.017894527,0.04507976,-0.07654145,0.05477288,-0.075075306,-0.008642574,-0.036649443,-0.03813762,-0.06900327,0.0069629583,-0.023440525,-0.03299269,0.023347348,0.058117587,-0.023303932,-0.05710742,-0.07190454,-0.01842481,0.0063558184,0.10745658,0.019349763,-0.049787313,-0.043524064,-0.033611666,0.13087238,0.035913564,-0.032215793,-0.05045728,0.04796406,0.0055100247,0.02009461,-0.020914761,-0.01439988,-0.049677424,0.09731857,0.01325489,0.05992245,-0.038863376,0.028365344,-0.015386441,0.018616524,-0.06885388,0.06161847,0.022410702,-0.056633003,0.013646478,-0.07212417,0.009657822,-0.026743673,-0.04089434,0.0066528614,-0.03080043,-0.021063901,0.045205746,0.014499374,0.006862992,-0.053175032,0.0549418,0.015049712,-0.04477776,-0.019074813,-0.009720962,0.00048738744,-0.006966324,0.019582668,-0.005855632,-0.057711475,-0.007238075,0.0021870714,-0.038163073,0.018156178,0.018944742,-0.04495774,-0.014147689,0.06142112,-0.041515645,-0.013182883,-0.02937323,-0.045507677,-0.01036548,-0.018433256,-0.035734445,-0.009569662,-0.060171973,-0.06624898,0.022346465,-0.038159586,0.033130776,0.060388204,0.009823889,-0.02695957,-0.12466465,0.008534793,-0.053193007,0.035815436,0.10422754,-0.013678036,0.0027685838,-0.00950896,0.05831313,0.04816899,0.027451146,-0.035152324,-0.020766493,-0.02355876,-0.06409149,0.004250605,0.009391531,-0.013435708,-0.039238248,0.0040713926,-0.015112373,0.04265302,-0.0010496862,-0.054693155,0.010032699,0.014870852,0.086436205,-0.03486881,0.013649365,-0.045911327,0.0029622207,0.022953643,-0.0044151526,-0.021503558,0.049878206,0.001727424,-0.005577834,0.003346775,-0.028340645,0.021097038,0.054642018,-3.712715e-05,0.002594453,-0.018924702,0.029320296,0.0083452435,0.0115063265,0.011741537,0.006721829,0.03322996,0.01283302,0.077391624,-0.027395582,-0.030166555,0.028899811,-0.006748758,0.034043364,0.018145457,-0.007605922,0.047073588,0.021143077,0.06432477,0.0088367965,0.029490327,0.012512652,0.013048715,0.011037024,-0.04946928,0.087601654,-0.046289857,0.032560565,-0.02319202,0.0033323264,-0.018761836,0.03486283,0.0038919393,0.034826435,0.042177577,0.04079834,-0.0007745779,0.00445973,-0.050023306,0.0321118,0.012579016,-0.033561427,-0.029826783,-0.048332028,-0.052679364,-0.035820644,0.028086273,0.008497171,-0.014096923,0.049776327,-0.007530558,-0.0043702805,0.024106085,0.04707484,0.015673148,0.011776447,-0.033999186,0.02064134,0.024039982,0.026611391,-0.015916692,-0.018041706,-0.0069889897,-0.0135796955,-0.000281816,0.041977905,-0.012510656,-0.048664402,0.0029098745,0.05895481,-0.027901687,0.056671046,-0.0088634,-0.040324964,0.019409455,-0.05293085,-0.010902382,0.015826143,-0.04780814,-0.013194616,-0.03697128,-0.023340745,-0.0247713,0.042732056,-0.012502892,-0.018228618,0.065839976,0.013157714,0.05364974,0.014777025,0.003678151,-0.037687168,-0.025386613,-0.08064114,0.0033694264,-0.053550504,-0.00730472,0.022176959,0.052609507,0.022622077,0.051468626,-0.023211686,-0.036436405,0.01825705,0.02000184,0.011632769,0.050260123,0.0017841127,0.059242833,-0.019958034,-0.042091437,0.04350427,-0.04123824,-0.017212672,-0.00072598073,-0.001916374,-0.017748937,0.019305427,0.002276985,-0.028683325,0.01142208,0.01981502,-0.04642786,-0.03500607,-0.0011420619,-0.007887452,-0.0013322376,-0.01922876,-0.0009863232,0.040821802,0.025949825,0.020944128,0.022893976,0.01058657,0.027440852,-0.03386759,-0.007598034,0.009097291,-0.004448598,0.020418199,0.020097615,0.03656816,-0.025679879,0.06510316,-0.026306,0.010126806,0.06440214,0.07687429,0.043851875,-0.0015475303,-0.01122082,0.05716158,-0.027879788,-0.024443088,-0.065793514,-0.0061545055,0.0625518,0.009879405,0.02887605,0.0012157348,0.033400163,0.034053933,0.0031398218,0.013942209,-0.053559005,-0.01763535,0.014292356,0.030912098,0.029500566,-0.02982715,-0.09471526,0.033276282,-0.04530585,0.01720994,-0.022143817,-0.027626976,-0.0036148364,-0.008603706,0.040086694,0.0044242204,0.062485408,0.022541292,-0.007652749,-0.0025276719,0.07074771,0.008139235,0.08047323,-0.09380621,-0.060135193,-0.037577145,-0.021157702,0.091287605,-0.04125002,0.0061888043,0.014311413,-0.046553787,-0.0053945407,-0.02269741,0.02036923,0.03048964,0.0030454232,-0.058945004,0.024422942,0.0088022705,0.0044369865,-0.0013433043,0.024257803,0.0013389845,-0.008852436,0.03427646,0.030019024,0.016928717,0.008402983,-0.0020396907,0.035212032,0.04000647,-0.053030677,0.0009146785,-0.08506701,-0.10632043,0.037923686,-0.03776426,-0.04331895,0.013000532,-0.020584026,-0.028728273,0.021435652,-0.058366567,0.03746075,0.00930458,-0.01885637,-0.03229697,-0.0008190498,0.0012016195,-0.0150863975,-0.022229265,-0.020841267,-0.009620043,0.00089513615,0.003699747,-0.035107505,-0.08576319,-0.021839814,-0.032316737,-0.008537725,-0.04985579,0.012112452,-0.039481487,0.0276349,0.066563584,0.005132838,-0.04060907,0.011749336,0.043634087,0.022447832,0.020616446,0.020325098,0.022631628,0.052823067,0.025025556,-0.014992088,-0.022926873,-0.022398429,0.0005367175,0.043745328,0.0012756501,0.023631362,-0.030877868,-0.03137147,-0.020998215,-0.023285044,0.020034416,0.005173608,-0.009761958,-0.047302917,-0.01107638,-0.02907395,0.029669894,-0.0047447695,0.03676278,0.074823305,0.04351521,0.03555251,-0.02614475,-0.06561421,-0.009367455,0.03445061,0.025430094,-0.03839619,0.021332633,-0.0048676208,-0.040104996,0.001656144,0.0002575791,-0.03675148,-0.058468428,-0.015655769,0.025223743,-0.021255707,-0.0019005967,0.01808919,-0.010974691,0.0068307207,-0.0029968796,0.037512913,-0.015896844,0.010220655,-0.03327725,0.03180476,0.016624201,0.0035909628,0.000109503744,-0.00456798,-0.0013967443,-0.044001613,0.015176156,0.0022558735,-0.029074347,0.030441388,0.0141601525,-0.02558668,0.02686659,0.039123446,-0.008009867,-0.011796164,-0.058228023,-0.05119973,0.026227083,-0.03955648,0.018626709,-0.01527158,-0.0120394835,-0.022168877,0.029828448,-0.029237885,0.0049404968,0.04506557,0.060099795,-0.011097575,-0.0034308585,-0.021265395,-0.019753097,-0.009431782,0.023609038,0.10456712,0.011593801,0.012903891,0.015403701,0.0046026167,0.03089947,0.020899814,0.024815343,0.056748934,-0.04942717,0.04497647,-0.05912147,0.0024754016,0.059545662,0.00849201,-0.0043826397,0.05285458,-0.017963313,-0.007035052,-0.0035197386,-0.024396647,0.039384216,-0.0020347082,-0.009916926,-0.026588643,0.0142770745,0.01517754,-0.0008291452,0.036048867,-0.06094283,-0.020176934,-0.017904822,-0.061792936,-0.020420562,0.008284459,-0.020484637,0.023632208,0.008836039,-0.028268313,-0.048145905,-0.019479455,0.002228519,0.009240844,0.011079821,-0.037767503,-0.0149998665,0.0427071,-0.001302674,-0.012198609,-0.027067985,0.012624589,-0.024611147,0.016840301,0.00029445646,-0.041264594,-0.0036633175,0.0001850254,0.053292915,-0.0455207,-0.006971612,0.010131828,-0.012682355,0.008905224,-0.056405205,-0.03713704,0.01379472,-0.06763297,-0.051615853,0.08617573,0.06865833,0.0019879995,-0.030934228,-0.0237158,-0.02764425,0.0018385495,0.017389575,0.022187063,-0.059349783,-0.086440586,0.015657425,-0.09387095,0.0062122922,-0.022888206,-0.04541459,-0.029624555,-0.00437104,0.007813002,-0.011508468,0.041611467,0.028572591,0.05965365,0.008517282,-0.023711212,0.008874926,0.073384024,-0.03870214,0.0124811325,-0.049946044,0.01935465,0.005477145,0.003938425,0.020831581,0.048693843,0.030894414,-0.023333577,-0.040243533,-0.0727667,-0.021245541,0.021959921,0.06010731,-0.0048603914,-0.052117422,0.07853862,0.011253437,-0.0014364097,-0.010019035,0.0018937561,0.005168584,0.016788734,0.004830171,-0.048510984,-0.077580966,0.02945613,0.018016338,-0.017257389,0.014117449,0.018313022,-0.0207219,-0.031426083,0.022738727,0.042039465,-0.027988162,-0.0019986914,-0.007291075,-0.0019480262,-0.014740624,0.022383817,0.03677075,0.024896717,0.025961854,0.0074511003,-0.017539527,-0.061565984,0.09793135,-0.072840124,-0.034410503,0.031965215,-0.07289484,0.015697505,0.012737257,-0.036453146,-0.003224034,0.0002400242,-0.006992668,0.01684976,0.047298167,0.0440692,0.030744743,-0.07293538,-0.055686638,-0.013257333,-0.08476635,0.05759674,0.010106413,-0.021450398,0.0012089646,0.036683347,0.013969339,-0.0072304816,0.046945732,0.01652148,0.008044773,0.0066036093,0.016451085,-0.061568707,-0.033396218,-0.004481944,0.00053214474,0.037120458,0.03828853,-0.027698442,0.028955918,0.0033957057,0.011973204,-0.024712319,-0.048274122,0.074010715,0.026780643,-0.006647009,-0.0021438266,-0.014681554,0.03335909,-0.015802616,-0.044194516,0.007845622,0.016648475,0.05859738,0.04402617,0.02700734,0.060422592,0.037021324,-0.021512084,0.02910151,0.0052395575,0.028273247,0.020933963,0.0046060467,0.051782805,0.030129185,-0.0027107864,-0.044901922,0.0020513746,-0.02412242,-0.037064914,0.04050787,-0.044208266,-0.005255122,0.0072858683,0.004833477,0.0073788143,0.01422155,-0.028527848,-0.023578392,-0.04603722,-0.047281876,0.016586972,0.022827655,0.053397454,-0.016882027,-9.003695e-05,-0.013475921,-0.02882469,-0.06042012,-0.003293454,-0.01885489,-0.046279587,-0.037643585,0.10734629,-0.007323089,0.03544324]', '{"chunk_size": 500, "chunk_index": 0, "document_id": 9, "chunk_overlap": 50, "document_title": "课程"}', 486, '2026-04-13 00:21:36.390521');
INSERT INTO public.knowledge_chunk (id, document_id, chunk_index, content, content_hash, embedding, metadata, char_count, create_time) VALUES (126, 9, 1, '20:30-21:30 | 核心训练 | 有氧操 | 瑜伽 | 普拉提 | 瑜伽 | - | - |

> 注：课程可能根据教练排班临时调整，以公众号当日发布为准

---', '0b3462b980ba5ee1b03192e22ef5f11c', '[-0.0113205705,-0.039132405,0.009963251,0.019805524,0.0013736892,0.0021189458,-0.022112364,0.01953246,0.013789795,-0.049968954,-0.018154293,-0.06689264,0.07522725,-0.052203905,0.010742116,0.07333891,-0.01812845,0.04081129,-0.06967947,0.000112914284,0.0025324314,-0.012539204,0.0063615367,0.00055910484,0.035018083,0.0034231502,-0.013937554,-0.023934584,0.04911004,-0.034942802,-0.00795167,-0.019477684,0.0075920466,0.025342152,6.6773435e-05,0.0357816,0.019355007,-0.022840736,0.070689484,0.0043164906,-0.032383062,0.07936324,-0.08936971,0.04770137,0.015725017,-0.030993352,0.0326035,-0.026989391,-0.014359673,-0.004462862,0.020108188,0.056338273,-0.046142045,0.071745604,-0.0677741,0.019718911,-0.012879536,-0.046738744,-0.049938936,0.014067319,-0.036254246,-0.012169297,0.022930717,0.038264383,-0.037213348,0.0072868275,-0.0915199,-0.011434433,0.0022526304,0.11764721,0.0133225415,-0.03625236,-0.038542334,-0.015857399,0.11892901,0.017589338,-0.013873028,-0.016226757,0.05507116,-0.014032706,0.026774716,-0.013102281,-0.017187437,-0.014032589,0.0814336,0.022722354,0.040858693,-0.0053650006,0.039562803,0.011639309,0.038555395,-0.036281567,0.0635032,-0.008956876,-0.05688478,0.0063615567,-0.046027947,-0.011631166,-0.05787561,-0.06183448,0.0025005285,-0.053599264,0.013203795,0.039577436,0.023626855,0.025739212,-0.020876253,0.0168646,-0.038836595,-0.013372113,-0.07436675,0.0050417217,-0.008854781,-0.001416656,0.0053298823,-0.010042347,-0.05445356,-0.0046727913,-0.003719106,-0.04700931,0.016607113,0.013923259,-0.021006234,-0.018566811,0.013927752,-0.049865417,-0.033584107,0.0059909187,-0.03114393,0.0013704277,0.009081916,-0.036460843,-0.038136832,-0.026373215,-0.03683771,-0.006401413,-0.034913406,0.023476254,0.041610863,0.027911475,-0.025543245,-0.11379313,0.007689575,-0.06794169,0.014595547,0.07967415,-0.03429076,0.0075470214,0.00036599883,0.024947792,0.028689016,0.019608416,-0.012848174,0.03467532,-0.052549336,-0.07851005,0.013126406,-0.025899297,0.013959932,0.00029960714,-0.04131825,-0.024757747,0.0426979,-0.007591427,-3.4677346e-06,0.04222665,0.0222521,0.096168354,-0.021673422,-0.011139272,-0.029606644,-0.0075836224,0.025770588,-0.028176492,-0.02222137,0.020852037,0.008249773,-0.0185971,0.065797456,0.019643283,0.021188974,0.030114803,0.0081658065,-0.025994811,-0.023045434,0.043068632,0.0023317279,0.029787416,0.009260637,0.05263687,0.03222071,0.005678696,0.05369615,-0.014508495,-0.0069622057,0.026126005,-0.012529327,0.030612517,0.0032450715,-0.01118667,0.0045803483,0.013910891,0.020304132,0.008859544,0.024556542,0.028340448,0.0024561598,0.0612847,-0.06971636,0.08391631,-0.0783918,0.08022129,-0.02761905,-0.004908961,0.007957843,0.01743145,0.008020537,0.041300375,0.005706586,0.07900678,-0.015573162,0.0040592863,-0.04722133,0.020819936,0.01725867,-0.02640054,-0.036917176,-0.02087063,-0.059390284,-0.012682409,0.0040004263,0.004541578,-0.012934619,0.068894915,-0.028694475,0.0072352868,0.028297214,0.034095068,0.0075698555,0.04390967,-0.02966596,0.007973115,0.047922105,0.014893112,0.011293744,-0.023851844,0.0060364814,-0.018425854,-0.05697367,0.058422893,0.015198192,-0.051426157,-0.0063080834,0.05481751,-0.011811971,0.07207094,0.0057090996,-0.004505004,0.046448525,-0.04300763,0.004936146,0.022295088,-0.019218192,-0.025570536,-0.08520341,-0.005344245,-0.016368303,0.031831473,-0.021322487,-0.065538585,0.0408085,0.002499307,0.021829624,0.014799176,0.007983022,-0.02639719,0.02196517,-0.07071791,0.014969193,-0.04284762,-0.030946238,0.041947953,0.036419813,0.026496978,0.027270127,-0.020856272,-0.038194858,0.038644128,0.025618412,-0.013605144,0.05658661,-0.03296735,0.044514228,-0.07458363,-0.04023324,0.04204695,-0.04699147,-0.05596969,-0.0045598596,-0.010962172,0.0030724213,0.047020115,0.013557834,-0.042452525,0.022345236,-0.033770185,-0.019857273,-0.029238902,-0.022890663,-0.0044714664,-0.009313425,0.006631902,0.007354041,0.05171171,0.02568455,0.02701146,0.022094449,0.007971155,0.038227558,-0.039414454,0.021069892,0.030126145,0.03682522,-0.01572569,0.018063003,0.034998946,0.013702528,0.07219869,-0.02363829,0.011271654,0.05334624,0.08529832,0.050347175,0.024156306,0.005125212,0.04318284,0.046094198,0.020165764,-0.058526143,0.0027475092,0.028732052,0.01595074,0.024075547,0.002135009,0.054453343,-0.0035340893,-0.013482691,0.008417124,-0.020702166,-0.016693303,0.016692152,-0.0126783075,0.009627074,-0.0010811746,-0.120399386,0.029171903,-0.05656175,-0.027688004,0.009615039,0.0021160005,0.023975829,-0.03251651,0.01670962,-0.012153131,0.047920648,-0.0004174248,0.008419197,0.023307787,0.07128453,0.025683796,0.07533522,-0.08739785,-0.03784003,-0.0657321,-0.022627037,0.057279654,-0.0386582,0.009312117,0.020390064,-0.046057265,-0.019883676,-0.028131004,-0.0058492017,0.04223329,0.008244213,0.004160707,0.010089361,0.024607396,-0.0052297944,-0.0021055725,0.008084758,-0.03615862,0.006165709,0.02071777,-0.013262667,-0.0050704535,-0.03123055,0.012078176,0.020226983,-0.02242264,-0.031053828,0.017961262,-0.07379776,-0.06967884,0.02120291,-0.02956023,-0.02180132,0.001054175,-0.018223943,-0.05174161,0.04600439,-0.04963063,-8.5017076e-05,-0.016864002,-0.038592976,-0.018468078,0.02253889,-0.015662502,-0.004751463,-0.0071238955,-0.03782989,-0.033538096,0.0035490124,0.021145403,-0.020110747,-0.10915091,-0.0144195575,-0.023583855,-0.0063740555,-0.019673932,0.0020184952,-0.010814298,0.004146861,0.03875841,0.01313396,-0.04267421,-0.026147185,0.030009272,0.03546104,0.044423882,0.0013253584,-0.02221523,-0.0015843466,0.037706953,0.010923184,-0.04650801,-0.0022951185,-0.0248064,0.0063112113,-0.039303135,0.057425354,-0.02505667,-0.034367815,0.009692353,-0.026768852,0.006783945,0.0015813232,0.0114537,-0.051054135,0.0030074734,-0.01163775,0.031205907,-0.022216212,-0.010961001,0.051704805,0.020446938,0.012605464,-0.008115715,-0.09149398,-0.007905677,0.033667885,-0.0026448257,-0.038689133,0.041152038,0.0394712,0.0072876993,0.002809581,-0.035188448,-0.039060667,-0.007980595,0.04706398,0.014278493,-0.011335999,-0.006982812,0.031941574,-0.003948781,0.0048218067,0.009411241,0.018767586,-0.029810904,0.023601377,-0.057017848,0.015226579,-0.0022530009,0.022363842,0.014241204,-0.0063495613,-0.0007372305,-0.025279844,-0.01893837,-0.01645226,-0.011183079,0.04219514,-0.014305567,0.015053124,0.02064597,0.05800774,-0.04094193,-0.06853975,0.021975609,0.00013820891,0.046620023,-0.018690122,-0.017521981,-0.031466972,0.030784149,-0.047224943,0.016085578,-0.040521674,0.0150653,0.044772197,0.034262627,0.019430626,-0.01825988,-0.04442888,-0.001907657,-0.019423101,0.029344171,0.09017428,-0.016262254,0.027537765,0.023907224,-0.011626911,0.036719643,-0.0788587,0.009939018,0.07202544,-0.04726458,0.07863269,-0.04715818,-0.004637339,0.09315048,0.038700283,-0.0033730923,0.064924575,0.01030731,0.025187146,-0.024339853,0.007698901,-0.00984954,-0.00676999,-0.010573458,-0.01322701,-0.036471717,0.012061203,0.03396303,5.3636853e-05,-0.05086677,0.008462217,-0.014731036,-0.037527554,-0.037272856,0.013447788,-0.011409314,0.0006871176,-0.006104859,-0.040433098,-0.062196955,-0.009034556,0.024940515,0.0031545258,0.017466389,-0.025946435,-0.026680317,0.055242505,0.013644655,-0.0003289336,-0.024985109,0.06268302,-0.027457485,-0.009089272,-0.027841838,-0.051196,0.0041044294,-0.0053098765,0.028660707,-0.0400392,0.007802172,0.0110576395,-0.029861206,-0.008108659,-0.02784388,-0.07102136,0.017897917,-0.05999318,-0.024711989,0.053864237,0.045693975,-0.0061569377,-0.0066915434,0.013021339,-0.026257433,-0.0040939483,0.029739399,0.06289258,-0.03473337,-0.08936537,0.011283624,-0.061609987,-0.007123817,-0.032972082,0.014766592,0.0020354236,-0.03004565,-0.0012302286,-0.016451256,0.033215676,0.03406404,0.07380471,0.004654402,-0.007153184,0.026416885,0.069678076,-0.053123657,0.022477884,-0.027832365,0.01352144,0.0026353432,0.03920384,0.07061542,0.072577,0.02608077,-0.02237755,-0.028335303,-0.041762624,-0.023711583,0.038246796,0.026633088,-0.0022476485,-0.022947913,0.07456901,-0.008211478,-0.04067207,0.03430641,0.038239885,-0.002173071,-0.011236863,0.013027696,-0.040411364,-0.06173213,0.031454597,0.017768193,0.012484083,-0.008593348,-0.0023090022,-0.015363751,-0.02771668,0.035479527,0.0063880263,0.011979642,-0.002410065,-0.012014456,0.030044809,-0.016993206,0.034892593,0.023763094,0.02954171,0.040439535,-0.013112688,0.014440255,-0.014319392,0.029681448,-0.07001035,-0.036676373,0.022909578,-0.05617466,0.018110776,0.0077645243,0.0107724415,0.0487137,-0.04996553,-0.0036227403,-0.006327337,0.03722457,0.03576471,0.0010797408,-0.083449505,-0.053488895,-0.006499345,-0.10650189,0.10562354,-0.009614951,-0.016309695,-0.009861554,0.0067069596,0.019096289,-0.028045665,0.062520176,-0.037874114,0.05154138,-0.054257996,0.04205742,-0.0714807,0.0142811425,-0.024931118,0.025753958,0.0065868087,-0.0043803,-0.02865933,0.0473793,0.005867698,0.023218023,-0.026119426,-0.049534366,0.03170913,0.046562575,0.013522831,0.023667129,-0.029870039,0.021776425,-0.009136871,-0.06908068,0.043060534,-0.010647032,0.056103185,0.053541508,0.009919532,0.053370025,0.027551113,0.018632658,-0.034019515,0.009225286,0.064978324,-0.0063254144,0.008903211,0.058690652,0.026832564,-0.022867637,-0.033371788,0.0139460135,-0.06431424,-0.03720173,0.030098809,-0.054679733,-0.010581948,0.013177281,-0.013866405,0.0024683161,0.03192489,-0.052372858,-0.004311702,-0.040073674,-0.042207524,0.017811365,0.07534597,0.046875406,-0.01684566,-0.0074172155,-0.01928032,-0.00656233,-0.056015186,-0.0039114063,-0.007494771,-0.025557052,-0.009250466,0.095662236,-0.020515954,0.024350883]', '{"chunk_size": 500, "chunk_index": 1, "document_id": 9, "chunk_overlap": 50, "document_title": "课程"}', 86, '2026-04-13 00:21:36.454124');
INSERT INTO public.knowledge_chunk (id, document_id, chunk_index, content, content_hash, embedding, metadata, char_count, create_time) VALUES (127, 9, 2, '## 私教服务

### 私教课程内容

我们的专业私教可提供一对一的定制化训练服务：

* **减脂塑形**：针对减脂需求，定制饮食 + 训练计划，高效燃脂
* **增肌增重**：针对瘦体重提升，制定力量训练计划，科学增肌
* **体态调整**：改善圆肩、驼背、骨盆前倾等不良体态
* **康复训练**：针对肩颈腰腿痛、运动损伤后的康复训练
* **产后恢复**：针对产后妈妈的盆底肌修复、腹直肌分离修复
* **儿童体适能**：针对儿童的体能训练，提升免疫力与运动能力

### 私教收费标准

| 课程包 | 单节课价格 | 总价 | 有效期 |
|--------|-----------|------|--------|
| 12 节 | 280 元 | 3360 元 | 90 天 |
| 24 节 | 260 元 | 6240 元 | 180 天 |
| 36 节 | 240 元 | 8640 元 | 270 天 |
| 48 节 | 220 元 | 10560 元 | 365 天 |

> 注：私教课程可根据教练资质略有浮动，详情可咨询前台

---', '078625fd564b99eb2d2449587d3f39e1', '[0.028280571,0.013775566,-0.036206808,0.012080374,-0.019151887,0.016536878,-0.0038922222,0.03451184,0.036368467,-0.042127676,0.0011016692,-0.05665998,0.054871332,-0.018892994,0.02577446,0.035590053,0.0010623287,0.07850933,-0.09337779,0.038210053,-0.029283118,-0.05085603,0.028924245,-0.025704434,-0.009368914,0.046102762,-0.026874416,0.02560583,0.009948814,0.03579417,-0.022586169,-0.015236096,0.02930982,0.013393211,0.0015025999,0.012033814,0.0003885305,-0.06354184,0.049418006,-0.0054115015,-0.025664179,0.06313159,-0.022815896,-0.0029511778,-0.017983774,-0.037669964,0.0029827997,0.0322601,-0.020959102,-0.012867532,-0.021842312,0.003904087,-0.02531789,0.10136264,-0.0707452,0.026651522,0.010375912,-0.0037523075,-0.009484887,0.025497146,0.03657703,0.021339305,0.03993537,0.021626735,-0.046083935,0.020831678,-0.028822273,0.010937692,0.01628968,0.13210763,0.0067173108,-0.06708737,-0.03602317,-0.018599609,0.11926561,0.040848725,0.008343776,-0.020629242,0.016449561,-0.030512491,0.0039395676,0.00054821966,0.008806213,-0.03124227,0.07902294,0.023610186,-0.028153751,-0.051407866,0.036077365,-0.040926024,0.016228976,-0.01737925,0.1121172,-0.024432424,-0.041945938,-0.006596393,0.03907899,-0.012546386,0.032711286,-0.036911935,0.0011164241,-0.009933747,0.0025157572,0.04513976,-0.008312855,0.035246193,-0.06278582,0.018336209,0.017428832,0.03835475,-0.02883612,-0.03131757,-0.006989536,-0.02302789,0.022047922,0.011055145,-0.048820417,0.040832225,0.027242025,-0.015874505,0.0366033,0.057678368,0.015372272,-0.030627385,0.030956732,-0.020505203,0.02296876,0.0017309516,-0.004188845,-0.014612619,-0.011146139,-0.07674013,0.030197961,-0.030962646,-0.02572738,0.01852392,0.019064445,0.01040795,0.06379724,0.030677801,-0.006357796,-0.12536263,0.048316453,-0.06493775,0.0169186,0.07635331,-0.00042621625,0.011959659,0.010914683,0.02495902,0.07533782,0.0035526664,0.015681503,-0.025030624,-0.040666986,-0.078678064,-0.018645357,-0.019291874,0.040442087,-0.017600577,-0.035381507,-0.046882596,0.04063595,0.028951231,-0.0010167975,0.04102203,-0.022814486,0.036714092,-0.025155565,0.0017482318,-0.043824945,0.0044278577,0.026393402,-0.0683476,0.023698334,-0.010346392,-0.019484937,-0.037382975,-0.05198621,-0.021301279,-0.014642088,-0.0079507185,-0.012188297,-0.0015540374,-0.1075988,0.03500028,-0.014724136,0.045973167,0.0057090977,0.019971533,0.017753828,-0.030424315,0.08184641,-0.0034129638,0.030590573,0.032645244,0.010836818,0.01413937,0.004069282,-0.051834226,0.06353749,0.037212946,0.04416142,-0.04348867,0.033061877,0.009763803,-0.039305538,0.0074751386,-0.05519863,0.045759495,-0.0683845,0.019971231,-0.019387107,-0.008323741,0.0101423245,0.04524576,-0.029211804,0.0014055514,0.004775557,0.036912266,0.016916553,-0.028009148,-0.04023166,0.003346377,-0.042433284,0.012341942,-0.055331744,-0.021189187,-0.020317871,-0.019348674,0.047891673,0.004715834,-0.00871367,0.03641076,-0.019656422,-0.003959419,-0.018517036,-0.00391307,0.02693594,0.05002275,0.01699682,0.03698389,-0.001597118,0.00207609,-0.01430666,0.0027769133,-0.03709051,-0.0057273293,0.002130686,0.03041485,0.012437093,-0.05122468,-0.03679276,0.067679666,-0.008482343,0.023477156,-0.03655903,0.008314952,0.05824124,-0.028329438,0.015355207,0.0579783,-0.032669287,-0.0115893455,-0.04967869,-0.06451879,-0.013619816,-0.019331362,-0.042150833,-0.02920403,0.014742936,0.016282491,0.02617289,0.04590496,0.0061813234,-0.024490083,-0.010678774,-0.07165702,0.03357837,-0.018269742,0.016169976,-0.030369619,0.0032779947,-0.010685505,0.020999711,0.023088295,-0.022624247,-0.024071405,-0.014125008,0.002785285,0.049918573,-0.012124917,0.056753587,-0.007874638,-0.029127074,0.026089882,-0.06837394,-0.035833213,0.03839213,-0.006302566,0.022065401,0.047307003,-0.050205104,-0.028222894,0.0374781,-0.00065456005,-0.0815362,-0.012529377,0.004536904,-0.05391732,0.0025678116,-0.044057366,0.03697419,0.04413024,0.045212086,-0.012199519,-0.008537005,-0.044220563,-0.012184762,-0.030017963,-0.020284297,0.022535643,0.036147457,-0.0032685117,-0.0037287131,0.020935763,-0.037208032,0.06911823,-0.078024715,0.009926363,0.034525096,0.07168654,0.024989445,-0.018690316,-0.024859011,0.042421434,-0.021675358,0.0630944,-0.049366042,0.037990242,0.07135839,0.0127007,0.02496804,0.023652509,0.034554824,0.04737879,-0.045318063,-0.013505318,-0.0391299,-0.021511553,-0.00025128867,0.00051526556,-0.05161791,-0.04041953,-0.098981045,0.07177281,-0.058531616,-0.005150946,0.04529661,-0.0050396924,-0.010126678,0.0008873882,0.0014833192,0.009664795,0.03247903,0.008305499,0.016770978,0.04041555,0.039526686,0.03803189,0.07325892,-0.06567356,-0.021193698,-0.035283864,-0.0179791,0.056212045,-0.019086711,0.0116135795,0.03705505,-0.050331995,-0.05762323,-0.0025223228,0.023794008,0.04275169,-0.0104494635,-0.011132551,0.038999025,0.059109747,0.0015053706,0.024180947,0.024563566,-0.034920868,0.0038830694,-0.00021132907,-0.024960296,-0.02861391,0.02567392,0.00057047553,0.007246856,0.06753378,-0.040253434,0.0302976,-0.104006596,-0.075242706,0.04503192,-0.03326314,-0.06450242,0.024951521,-0.02803142,-0.0011335635,0.0061492682,-0.071435325,0.02398361,0.0048432993,-0.0035749972,0.009494155,0.05866123,0.02117424,-0.050874293,-0.05281224,-0.035808973,-0.023738159,0.06869323,0.02789128,-0.015296777,-0.046138156,0.029529009,-0.013747284,0.035905324,-0.0016541413,0.0103886975,-0.012536256,-0.015551488,0.07836555,0.046861988,-0.02011636,0.030409107,-0.0062978687,0.011634007,0.026039481,0.005095543,-0.0113685625,-0.008688897,-0.008308332,-0.022024734,-0.018326618,-0.034826193,0.01469491,-0.000756497,-0.014239985,0.018042002,-0.067395635,0.021305425,0.015569548,-0.029483836,-0.0061374223,0.032032926,0.050911415,-0.06496879,-0.0071197865,-0.003422549,0.039506197,-0.021886356,0.04294641,0.027753089,0.019196065,0.01329462,-0.029592214,-0.07835261,-0.004363668,0.029449485,0.0292957,-0.0377889,0.009281077,0.009705973,-0.016672458,0.0076982747,0.025169084,0.002742128,-0.021741904,0.0020096,0.05595538,0.0080986135,0.036624692,0.03299141,0.009991457,-0.017811371,-0.019842148,-0.034734704,0.005908916,0.012734218,-0.049303696,0.052102726,0.017543385,-0.0023207716,0.015772251,0.023311185,0.030791115,-0.042407002,-0.018917153,-0.018649498,-0.022128353,0.010606436,0.0041722367,0.0148925455,0.0075551863,0.015319099,-0.012299115,-0.07851258,-0.046746574,-0.046476528,-0.015941938,0.00574612,0.055538997,-0.053676896,0.0007283853,-0.021264685,0.0751513,-0.025491582,0.04320294,-0.010076447,0.0429398,-0.041416403,-0.05231928,-0.01534994,0.02776473,0.020683825,0.0135396635,0.046271622,0.002682566,0.03134473,-0.017721506,-0.017686125,0.041371774,0.0071455524,-0.01591795,0.019245632,-0.04134619,0.045891013,-0.027069796,0.03691893,0.029941043,0.019902641,-0.0009581623,0.045962077,-0.013498749,0.009518571,-0.0065475567,-0.0045719543,0.024382152,-0.019244077,0.027775656,-0.0137461545,-0.061859056,0.008437297,-0.0467725,0.050225616,-0.020546025,-0.0232358,0.01760888,-0.10342928,-0.024045557,-0.021094108,0.060682524,-0.003619498,0.022426054,-0.04829876,-0.045334548,-0.00033454792,0.05652028,0.07238264,0.005902164,-0.0039060144,-0.020117711,0.040751994,-0.03915179,0.004731829,0.027360301,0.028758707,-0.037631,0.006902624,-0.04365103,0.0163665,-0.028398369,-0.003705298,0.021532105,0.030868322,-0.04064304,-0.039210774,-0.032699138,-0.0011686466,-0.042829663,-0.031858075,-0.00013763027,-0.04378686,0.012985813,0.021739224,0.02737288,-0.009568634,-0.009420925,-0.017056964,-0.016983796,0.007972234,0.0043902975,0.03576114,-0.038390208,-0.026469799,0.04059972,-0.035736643,-0.034133587,-0.025972279,-0.0018851976,-0.017673695,0.005380324,-0.006814177,0.008607965,0.049069937,0.025388677,0.03555416,-0.005805195,0.03241517,0.023456734,0.056048002,-0.027470779,0.014167856,-0.072496645,-0.04042867,0.017030474,0.00045643546,0.014684747,0.11190912,0.06781452,0.0042011654,-0.034862414,-0.009987039,-0.029715389,0.036665555,0.007762741,0.010827114,-0.0015571042,0.06266177,-0.040068354,0.014901309,0.093696386,-0.013332632,0.014133298,-0.02345152,-0.01809154,-0.030481102,-0.04081261,0.023620049,-0.017592927,0.03534625,0.01646858,-0.028079392,-0.023315106,0.011085162,0.019600255,-0.0035300432,-0.01428153,0.0069737695,-0.008107051,-0.0064101396,0.032059126,0.0683725,0.0011049185,-0.005929581,0.053141452,-0.041469302,0.027336983,-0.057995204,0.08437894,-0.069419526,-0.03338718,0.020818468,-0.045466553,-0.05253141,-0.011822027,-0.03232664,-0.009500866,-0.013391961,0.048201926,-0.041022267,0.0010039593,-0.01789412,-0.01832173,-0.030527182,0.014520742,-0.0048746145,-0.09432653,0.0979481,0.010041124,-0.03496337,0.07062022,0.050784267,-0.010030875,-0.01514854,0.010014966,-0.031074887,0.030406786,-0.008327218,-0.01702169,-0.05652358,-0.03625675,-0.017855292,0.0016473911,0.04557272,0.019627647,-0.023499057,0.037805524,-0.013260209,0.029445883,-0.023323592,-0.007138357,0.022194494,0.0038348504,-0.01650035,0.032331523,-0.027806507,0.0016920412,0.020611836,-0.05238321,0.04347342,-0.012344072,0.026031537,-0.015795143,0.028652284,0.07211515,-0.014271529,-0.026964515,0.0026467019,0.024104955,0.00980478,-0.02344903,0.0011569145,0.07913485,0.052118942,-0.011771897,-0.032270595,0.0090241395,-0.046101637,-0.049007222,0.01688049,0.003261989,-0.022614485,0.026280304,0.009466076,0.053865455,0.064646825,-0.0155336,-0.018446393,-0.0090080425,-0.07860978,0.024205798,-0.037680596,0.05331951,-0.044082977,-0.004625205,-0.007868485,-0.04754521,-0.03916172,-0.0036577564,-0.030272508,-0.013483864,-0.016917394,0.08156124,-0.009537759,0.042937227]', '{"chunk_size": 500, "chunk_index": 2, "document_id": 9, "chunk_overlap": 50, "document_title": "课程"}', 485, '2026-04-13 00:21:36.509263');
INSERT INTO public.knowledge_chunk (id, document_id, chunk_index, content, content_hash, embedding, metadata, char_count, create_time) VALUES (128, 9, 3, '## 预约规则

### 约课方式

1. **公众号预约**：关注 "FutureFit·未来健身空间健身中心" 公众号，进入会员中心 - 课程预约，选择课程 / 私教进行预约
2. **前台预约**：可到场馆前台，由工作人员协助预约
3. **私教预约**：可直接联系您的专属私教，约定上课时间

### 取消与爽约规则

#### 团课预约

* 需提前 2 小时取消预约，否则记为爽约
* 月累计爽约 3 次，将暂停 1 周的团课预约权限

#### 私教预约

* 需提前 24 小时取消预约，否则扣除 1 节课时
* 临时取消（不足 24 小时），扣除半节课时

#### 迟到规则

团课迟到 15 分钟以上，禁止入场，避免影响其他会员。

---', 'b63479c2e9fbbbbdde18b704128976ec', '[-0.029026391,-0.04297739,0.022875985,0.066870734,-0.007690735,0.014366598,-0.08613012,-0.0021390866,0.0045125936,-0.03422602,0.014996384,-0.040439215,0.008434794,-0.047815155,0.037101015,0.070397906,-0.0024916597,0.002624531,-0.080083095,-0.017663734,-0.04452166,-0.013195902,0.09466628,-0.006466006,0.024959505,0.050262295,-0.03670257,-0.02151383,0.014196947,0.00313975,0.012533685,-0.02291785,0.0036454285,-0.025343753,-0.031867664,-0.036152575,0.009450055,-0.047447808,0.09979463,-0.016275175,0.009214716,0.05091842,-0.056298204,0.028665539,0.03523553,-0.020694604,0.029069062,-0.013336979,0.0005662963,0.020823013,-0.00027632536,0.050406657,-0.05589553,0.00838518,-0.055065293,0.018848045,-0.020158343,-0.013805233,-0.026429605,-0.01218808,0.004254029,-0.0123823555,0.00732279,0.023839667,0.016176961,-0.018776141,-0.038851596,-0.011295189,0.006321494,0.059793036,-0.003513823,-0.06816158,-0.02501179,0.0015490389,0.13588507,0.040908825,-0.009781488,0.014331455,0.045537103,-0.01052396,0.025535729,0.004614837,0.0045510693,-0.013027173,0.053176057,0.012124265,0.013892257,-0.035036307,0.054092187,0.035077702,0.040310014,-0.011292759,0.07097457,0.0059693423,-0.0018431998,0.028937727,-0.022112729,0.022913339,-0.027970722,-0.03208684,-0.0375422,-0.017010115,-0.0011368118,0.032015774,0.0339985,0.051152438,-0.019866383,0.0062957075,-0.0035480168,0.04353438,-0.027142141,-0.05727372,-0.017452596,0.010262925,0.0063183396,0.03846014,-0.05902173,-0.00564165,0.015922299,-0.012763712,-0.027341783,0.014347246,0.011752581,-0.044554595,0.06403767,0.0036978277,0.025655992,-0.044768382,-0.007923075,-0.01898807,0.02792228,0.039589524,0.0010326307,-0.010646546,-0.0033342096,0.012834356,0.007818496,-0.0021067432,0.014297961,0.04397733,-0.041081846,-0.049009003,-0.0033415877,-0.076528355,-0.018514695,0.048406366,-0.012555369,0.022782376,0.009903904,0.05002947,0.06047542,-0.00027200373,-0.036392804,-0.048940137,-0.0028226003,-0.04724542,0.007096875,0.029787524,0.0125282165,-0.012724211,0.016339868,-0.054306205,0.07769739,0.015383718,-0.0067645013,0.02869962,0.04902924,0.052106485,-0.011542554,0.014716711,-0.013715877,-0.007001613,-0.005500963,0.029306017,0.0034590194,0.026669733,-0.010407137,-0.04351756,0.0019144368,-0.014712674,0.008438833,0.012773288,-0.01140319,-0.011923347,0.031786613,0.03954568,-0.03691243,0.03676253,-0.035066277,-0.00063107704,-0.0052610366,-0.019727748,0.10150528,-0.008558049,-0.010424123,0.02627538,0.0030063477,0.023088247,-0.006536953,-0.06580229,0.006916633,0.030387554,0.046372678,-0.0008649681,0.02857325,0.0038228405,-0.007300989,0.013129086,-0.0662871,0.0011251462,-0.06400275,0.038863167,-0.08835936,0.0069327382,-0.012496538,0.07652194,-0.03871906,-0.024778115,-0.006979739,0.029517852,0.04423915,-0.009087435,-0.03892695,-0.0004007382,-0.046391036,-0.03676314,-0.045365736,0.03413524,0.0353658,0.012653811,-0.015653392,-0.0079299025,0.0074097584,0.08841314,-0.012997541,0.03451932,0.0077623767,-0.054817185,-0.008771547,-0.009091773,-0.031097213,0.029779516,-0.050840516,-0.01618781,0.0068356823,-0.03238596,-0.025172403,-0.032115925,-0.027713407,0.062079296,0.057286695,-0.0157879,-0.011653158,0.062188953,-0.007906834,0.057425644,-0.016622132,-0.0447294,0.00203778,-0.016506061,0.046938326,-0.005303696,-0.04347554,0.017365977,-0.03699138,-0.030955901,0.037102412,0.004260555,-0.056560162,-0.005217853,0.058321804,0.008463201,-0.022194365,0.0016504836,-0.010181195,-0.027916208,0.007099422,-0.06537077,-0.01907267,-0.006774885,0.032544445,-0.0022731186,0.057986002,0.019913355,0.02423304,-0.037584607,-0.0033160672,-0.030100845,-0.019872377,-0.030533817,-0.03030025,0.020363305,0.046900027,0.007660379,-0.013281683,0.038508236,-0.007435089,-0.032721683,-0.016534353,-0.039165806,0.039319474,0.03632371,-0.0028355415,-0.03485078,0.0629719,0.016493483,-0.020495333,-0.0049394346,-0.012951991,-0.022229774,-0.008935346,-0.042898014,0.014081941,0.028082997,0.05733838,-0.020510659,-0.012972303,-0.0062619187,-0.022297258,0.015219752,-0.0070425733,0.06956139,0.0024190359,0.022950139,0.05931903,0.0042622834,-0.0025155898,0.06301575,-0.021789173,0.031361256,0.05997657,0.09050257,0.017755862,0.005321824,0.03227435,-0.008437386,0.006975641,0.038240902,-0.024306966,-0.012866272,0.11555314,-0.008779756,0.05789269,0.030873451,0.061607163,0.027980978,-0.009406513,0.0016321242,-0.028409762,-0.04370606,0.033052802,-0.029533545,0.01790394,0.020206353,-0.06644409,0.033917546,-0.06344674,-0.004051362,-0.014969655,-0.051055364,0.013681384,-0.06556502,0.08318838,0.041117977,0.11032402,0.00068012887,0.019765852,0.04105712,0.023933815,0.0070190337,0.059015043,-0.017701814,-0.02318857,-0.016238322,-0.05623392,0.037667647,-0.024698038,-0.024673874,-0.021098912,-0.044161554,-0.015033039,-0.007545327,0.028124938,0.017285079,0.03479784,-0.019534577,0.021450983,0.019249395,0.007953095,0.025194332,0.054551743,-0.049244028,-0.018070016,0.028515015,0.029736094,-0.016053576,0.032836135,0.068755746,0.050843805,0.07237581,-0.06871744,0.06397828,-0.060008463,-0.060577955,0.017536936,-0.029520022,-0.057529766,0.0097996835,-0.059611257,0.010840793,0.03351653,-0.0357673,-0.0031293016,0.004879783,0.01411745,0.03495812,0.004214138,0.02864973,0.011073191,-0.024935547,-0.036351535,-0.03416823,0.046957497,0.034011338,-0.04690525,-0.06813541,0.03872707,-0.035267133,0.007942197,-0.059278045,0.046986993,-0.047337323,0.040717516,0.0588974,0.01589494,-0.030141411,0.0028984114,-0.006502256,0.014748832,-0.0025392503,-0.012063541,0.017756501,0.013449775,0.016065234,-0.0037649625,-0.008626581,0.018273147,0.012706364,0.01443845,-0.028814571,0.012758248,0.009146352,-0.031677738,0.031997837,-0.060054474,0.03802587,-0.0067469487,0.056012854,-0.051595923,0.017209968,0.010974701,0.08321507,-0.0023515094,-0.005566989,0.00038667792,0.022534817,0.0076459567,0.02136245,-0.120043315,-0.017929645,-0.0070372247,0.046752647,-0.040980514,0.025120836,-0.03052461,-0.0061485865,-0.066997424,0.025263568,-0.011287131,-0.03941441,-0.010022286,0.026260555,-0.026216768,0.017408198,0.001714025,0.019461406,-0.01263366,-0.018718837,0.040060095,0.025729649,0.062201504,0.010760264,0.014216128,0.02235457,0.006950959,0.042648792,0.065127164,-0.043500688,-0.002145233,0.04261547,0.022984607,-0.0588671,0.006165107,0.024538592,-0.0121162245,0.02985325,0.03770914,-0.032265436,-0.008659408,-0.019483598,-0.035605073,0.011552524,0.0060525206,0.045710012,-0.018568233,0.011512772,0.018771578,0.061762247,0.00093223935,-0.0021921685,0.03213647,0.013283155,-0.0060285255,-0.023804432,0.025435794,-0.03534974,-0.032960035,0.020194247,0.046575014,-0.031769272,0.04365114,-0.018645896,-0.050916445,0.021881528,-0.008999578,-0.017683683,8.079875e-05,-0.022012716,0.05095268,-0.020281147,0.02367269,0.0004970204,-0.0128062805,0.03698493,0.020265957,-0.00010600895,0.026306547,-0.06867493,-0.0023964092,-0.033791427,-0.018233465,-0.014558598,-0.07218267,-0.07474817,0.01758317,-0.058511756,0.08651964,0.01538477,0.026536105,-0.016163826,-0.034571726,0.019359333,-0.03719674,-0.06556564,-0.00023932976,0.04631352,0.0011017483,-0.06338191,-0.02234448,-0.010382285,0.02137164,-0.03153935,-0.027589623,-0.01397971,-0.014434389,-0.02262871,-0.00347808,-0.008449475,0.010388248,0.005934791,-0.0042242166,-0.031321887,-0.03583413,0.022665728,-0.006536041,0.023715429,0.0061799493,-0.039631147,-0.034867864,-0.01805666,-0.022157678,-0.06546489,-0.01563659,-0.021041788,-0.03955297,-0.0038729035,0.06447649,0.011332911,0.01822835,0.0055076745,0.0043857256,-0.008180186,0.011127158,0.014545905,-0.018939571,-0.030788373,-0.07624932,-0.03221351,-0.0006645133,-0.066176556,-0.055279925,-0.049835436,0.053905353,-0.0077564204,-0.006033036,-0.022069197,0.0024694563,0.06889663,0.04030787,0.034506824,-0.020728372,0.010864987,0.014621616,-0.04619357,0.037923727,-0.0058678742,0.052909397,0.005049867,-0.0016279684,0.02277119,0.042930473,0.036756717,-0.020999322,-0.055796403,-0.02411245,-0.032631844,0.027390236,0.063211136,-0.0032550672,0.010478421,0.069136485,0.021469679,0.008396071,0.00609855,0.011848087,-0.019798413,0.0053145783,0.020743806,-0.002934715,0.012303197,0.049490366,0.0007296469,-0.034095384,0.03254809,-0.002594901,-0.030571118,-0.0180457,0.032078046,0.016329538,-0.029386422,-0.003864092,0.03859162,0.053375084,-0.019354269,0.071189426,0.0702314,0.024684506,0.049648948,-0.018747833,-0.050932,0.005303948,0.06372667,-0.09476455,-0.07683904,0.033237703,-0.011261843,-0.054857302,-0.020294089,-0.028791768,0.026850235,0.049821038,0.027649516,-0.010333009,0.06993115,0.046358444,-0.04406351,-0.027428618,-0.0016736073,-0.0031421934,-0.048724923,0.017838746,0.021970576,-0.01890442,0.02982492,0.011630741,0.066905096,-0.01186442,0.031350095,-0.017749412,0.036490984,-0.0072999867,0.004689526,-0.02655734,-0.02208007,0.008360465,-0.016332373,0.02501235,-0.013912735,0.009860027,0.013561868,-0.0020290879,-0.003290915,-0.029862875,-0.023698226,0.06747501,0.026228413,0.021441525,0.039035253,0.0038059072,0.0078505855,0.025679857,-0.03072967,-0.032438874,0.005161596,0.060273867,0.050716523,0.019826608,0.10419293,0.0040576938,-0.04873857,0.025837952,0.026239263,-0.018966008,-0.051552944,0.080286115,0.09767227,0.02156636,0.022596547,0.0061507937,0.028629368,-0.03192369,-0.036150236,0.064204015,-0.100877024,-0.06953201,-0.039752297,0.045449376,-0.013380125,0.04572749,-0.007102389,0.0019291533,-0.05213568,-0.0650379,-0.026633436,0.0011414371,0.098014325,-0.0475249,0.0066408776,0.024643414,-0.020102963,-0.01408112,-0.019709013,0.004207995,-0.0694212,0.017812572,0.043208424,-0.009593271,-0.025269467]', '{"chunk_size": 500, "chunk_index": 3, "document_id": 9, "chunk_overlap": 50, "document_title": "课程"}', 331, '2026-04-13 00:21:36.56012');
INSERT INTO public.knowledge_chunk (id, document_id, chunk_index, content, content_hash, embedding, metadata, char_count, create_time) VALUES (129, 9, 4, '## 课程推荐逻辑

根据您的健身目标，我们推荐以下课程：

### 减脂目标

* **推荐课程**：动感单车、有氧操、搏击操
* **训练频率**：每周 3-4 次
* **最佳时段**：晚间 19:00-20:00

### 增肌目标

* **推荐课程**：核心训练、私教力量训练
* **训练频率**：每周 4-5 次
* **最佳时段**：下午 15:30-16:30

### 塑形目标

* **推荐课程**：瑜伽、普拉提、舞蹈
* **训练频率**：每周 3-4 次
* **最佳时段**：上午 09:00-10:00 或晚间 20:30-21:30

### 放松恢复

* **推荐课程**：瑜伽、普拉提
* **训练频率**：每周 2-3 次
* **最佳时段**：上午 09:00-10:00', '701d814bcfb97088b205d6c17e8fabbe', '[0.02973987,-0.03609321,-0.01746235,0.027499015,-0.015079045,0.009059494,0.017776381,0.021113185,0.016187863,-0.043895457,-0.005353521,-0.062852025,0.0697695,-0.02064378,-0.013365238,0.04811986,-0.01178097,0.04396639,-0.108154856,0.02444008,-0.009613273,-0.018346785,0.02800271,0.010626277,0.0043779244,0.008278211,-0.039342955,0.0054456177,0.058151014,0.0041966117,-0.0025586316,-0.0355564,-0.006916448,0.014361475,-0.021984546,0.06351084,0.026051177,-0.03224177,0.06572173,-0.004627072,-0.027337583,0.03735669,-0.08815369,0.052899018,-0.025907924,-0.023185572,0.060574636,-0.0104727615,-0.007782763,-0.013715468,0.0135571575,0.032191925,-0.03802303,0.05666039,-0.05199002,0.01557757,-0.039083865,-0.020801598,-0.07199853,0.06329699,-0.013121496,-0.011653762,0.04490532,0.061495256,-0.06621663,-0.0031557854,-0.053428516,0.007377804,0.0003126007,0.10217291,0.025624279,-0.03627554,-0.05267928,-0.022042772,0.13248788,0.051210124,-0.008116764,-0.02605987,0.043658715,-0.025586443,0.03649003,0.009949022,0.016262993,-0.06826433,0.12059806,0.04197128,0.008699172,-0.026865764,0.04524595,-0.01103002,0.0155081805,-0.048063703,0.04926506,0.02228125,-0.05436606,-0.028874857,-0.02426044,0.0016186126,-0.031333588,-0.033173546,0.007306624,0.0030210183,0.009238924,0.058544714,0.005241144,0.008605353,-0.0492047,0.09140257,-0.02016021,-0.022645362,-0.049630746,-0.03652004,0.016765567,-0.007941303,0.009701701,-0.010863289,-0.05759217,0.04037176,0.021141693,-0.024992997,0.046441615,0.035747744,-0.03876308,-0.026627911,0.052913286,-0.014470516,-0.026612287,0.026382422,-0.013227261,-0.031162718,-0.041210003,-0.025127226,-0.010620911,-0.043424126,-0.016925516,-0.0056191096,-0.02396081,0.041985217,0.060244437,-0.00052770856,-0.0021885813,-0.113110594,0.022679081,-0.061568163,0.0340149,0.08159331,-0.046912093,-0.00097070634,-0.009054465,0.051681194,0.04125833,0.023097424,-0.023497332,0.020493943,-0.03784713,-0.07539605,0.043933135,0.015817674,0.024407312,0.00012304627,-0.028450804,-0.033870213,0.005730206,-0.0021231025,-0.030564843,0.052608736,0.021754796,0.06547201,-0.02851536,0.014787333,-0.03603375,0.010638673,-0.00039413653,-0.032701045,0.0042116013,0.025336659,-0.000862979,-0.0056417845,-0.025854444,-0.033375576,0.02601464,0.031168867,-0.004313551,0.026283354,0.0019185849,0.017999051,-0.020438496,0.008411476,-0.0017977195,0.014586405,0.021253834,-0.013601319,0.1254491,-0.048487518,-0.0010002888,0.029576529,-0.0007377488,0.009561984,0.021732047,-0.02017137,0.031835955,0.04680276,0.049079563,-0.016616583,-0.015728887,0.028874211,0.00780089,0.015659023,-0.04104214,0.061421115,-0.06424663,0.023801783,-0.04491526,-0.038593795,0.010486273,0.028275916,-0.011024868,0.044101946,0.047553994,0.021044558,0.024955938,-0.006206701,-0.040903967,0.032641362,-4.1085215e-05,0.007018463,-0.051134445,-0.02791714,0.0009589626,-0.03002109,0.028157149,-0.00796521,0.018286662,0.055242095,0.030171216,0.0014249451,0.06528696,0.03750633,0.031584818,0.009376152,-0.0084674135,-0.005127825,0.051487796,0.048333224,-0.010275856,-0.054047316,-0.021455826,-0.013935581,-0.02362955,0.031197293,0.0004538032,-0.025949739,-0.015103292,0.05050433,0.0009610671,0.04413021,0.017476792,-0.0008529812,0.04595269,-0.05984121,-0.0023387366,0.022652088,-0.04207824,0.0046141534,-0.04525866,-0.03420363,0.005757703,0.007512853,-0.021705441,-0.033589546,0.010370609,-0.0042038094,0.037492435,0.023274418,0.0067042517,-0.065464094,-0.017955419,-0.03602497,0.018674511,-0.024311733,0.0057094553,0.0072092093,0.057996694,0.013063231,0.031968933,-0.0011838998,-0.02953828,0.032398067,-0.011722348,0.0035791679,0.039202996,-0.026654119,0.037808646,-0.030417295,-0.05628528,0.032085307,-0.052245263,-0.051319424,0.023752384,0.0040107314,-0.023651363,-0.0022049986,-0.015886938,-0.020194873,-0.00017653951,-0.012581217,-0.10710116,-0.040353183,-0.0044367784,-0.011540587,-0.033369422,-0.025256233,-0.005255766,0.020497693,0.042337265,0.034613397,0.0071807476,-0.0063385693,0.0332302,-0.039536856,-0.014039424,0.008900628,-0.010801633,0.012708106,0.03931667,0.057665523,-0.030969772,0.08370721,-0.052876424,-0.018099835,0.05917134,0.062204354,0.037691,-0.028378563,0.0007059377,0.052641876,-0.0031788966,0.04855954,-0.031463165,0.027852058,0.025146961,0.011615869,0.03991814,-0.0147293005,0.05032524,0.04604526,-0.04617917,0.017066997,-0.040710278,-0.024156077,0.04695461,-0.0054586423,-0.005952928,-0.025429364,-0.07170337,0.048659533,-0.031140989,-0.029847108,-0.022073418,-0.011013544,0.018395226,-0.014140162,0.050692588,0.0404146,0.062153794,0.034111194,-0.010048118,0.04143321,0.04852974,-0.009768413,0.056001283,-0.12165762,-0.043854903,-0.021883074,-0.042188667,0.041860957,-0.02556721,-0.0005744985,0.052116666,-0.04163436,0.027746888,-0.019031167,-0.0018532879,0.05489746,-0.0174884,-0.060807094,0.06311517,0.041980296,-0.023229407,0.013498099,0.009499111,-0.032844514,-0.019780474,-0.026546877,0.00024061653,0.023697112,0.0029950575,-0.012678133,0.007868472,0.033005547,-0.02954927,0.03793758,-0.0906076,-0.043390255,0.019387834,-0.019243425,-0.017230498,0.02396058,-0.038780645,-0.014272297,0.03718158,-0.039606698,0.014461582,0.040871907,-0.01451443,-0.044597745,0.011052169,-0.0034361621,-0.045806915,-0.01255997,-0.017908664,-0.018012706,0.03851091,0.01869657,-0.03293449,-0.06309664,0.0071222736,-0.038174912,0.0029135572,-0.028022112,0.013565076,0.00087117025,-0.015599422,0.035851926,0.012519442,-0.057098243,0.00359407,0.0510808,-0.00066308974,0.009305739,0.017308177,0.008259882,0.066270165,0.017110342,-0.03377069,-0.028077738,-0.052944787,-0.0052857506,0.023280691,-0.021042574,0.009689122,-0.068893865,-0.061840624,0.0009835454,-0.034576505,0.028942892,0.007992011,0.0149507215,-0.04767887,0.012059724,-0.02071409,0.0049815075,0.0028385276,0.03848568,0.05699398,0.048924427,0.026987227,-0.012467669,-0.056959648,0.00765722,0.028792571,0.010431088,-0.012157345,0.03192921,0.012555618,-0.0109426,-0.013222185,-0.0003074298,-0.028627302,-0.013071258,0.0074527487,0.022036722,0.013564951,0.023794686,-0.025777297,-0.0072475225,-0.005587902,-0.016722452,-0.012979932,-0.0013738119,0.0049810833,-0.026372442,0.03787102,0.035889544,0.0043418976,-0.0098833805,-0.0021586206,-0.009767005,-0.040731024,0.0231657,-0.011050206,-0.018751966,0.0039080405,-0.005519926,0.00014876237,0.06830196,0.054191317,-0.014984309,0.0037582833,-0.025663564,-0.033252325,-0.015030382,0.0017484459,-0.043923028,-0.03539676,-0.036728114,-0.042128902,0.022498647,0.009627565,0.012715358,0.0032497789,0.04048307,0.003082841,-0.029366715,-0.049500607,0.004110245,0.022892365,0.03815824,0.08885381,-0.014877319,0.049490638,0.006513989,-0.019468913,0.033609618,-0.026632046,-0.026517857,0.049562234,-0.056743152,0.048216693,-0.051914226,0.01685842,0.05339622,0.019049905,-0.0042590424,0.042925555,-0.02447044,-0.032662924,-0.011546965,-0.01853599,0.035074256,-0.034898352,-0.0044157067,-0.044177648,-0.0002021957,-0.026294114,0.035946257,0.04468506,-0.067742765,0.0060896627,-0.021933798,-0.06985245,-0.0077147973,0.033199333,0.0017084524,-0.0111058885,0.012059099,-0.010787967,-0.051785618,-0.009481092,0.040297788,-0.002256039,0.014919767,-0.023368483,-0.048558895,0.05755942,-0.026219787,0.016969757,-0.028767703,0.034069505,-0.023430284,0.015831502,-0.029644946,-0.039298546,0.029141452,-0.0011592235,0.04181473,-0.030409465,0.036814213,0.0063951532,-0.007842162,0.0056568556,-0.07764618,-0.044361096,-0.008651257,-0.058568753,-0.048129324,0.07120062,0.07551317,-0.0056868535,-0.036164172,-0.0077722613,-0.006882218,-0.012929869,0.0068906345,0.030985082,-0.040609,-0.06421348,0.017249707,-0.08271042,0.031912714,-0.01561685,-0.011938306,-0.036424845,-0.040508274,-0.008432681,0.046106618,0.031656373,0.0119072795,0.0792025,0.004002043,0.030728664,0.039306138,0.055087477,-0.022457447,0.05962569,-0.030465951,-0.013898156,0.017033288,-0.0113855675,-0.010023364,0.063636124,0.027365653,-0.033571053,-0.027860383,-0.058607083,0.0041018496,0.036544405,0.065859415,0.014564218,-0.031195715,0.08451027,0.01772466,-0.02498923,0.018892426,0.038497727,-0.009002344,-0.030968443,0.00019886611,-0.03482517,-0.055318568,0.01629421,0.013439908,0.012574096,0.029236358,0.030370228,-0.005639897,-0.012408409,0.01953137,0.0007580187,-0.039053448,0.030341499,-0.014159595,-0.012661869,-0.021769475,0.046561353,0.022150626,0.02087188,0.05633535,-0.021434106,0.022149155,-0.05589707,0.07813825,-0.04941229,-0.03848483,0.0067932205,-0.044213604,-0.015563557,-0.03222633,-0.036081437,-0.028799161,0.0058329576,-0.021917658,-0.0101912,0.03868206,0.052165255,-0.0072346344,-0.041508876,-0.0438183,0.0020561796,-0.12613365,0.072867244,0.026210146,-0.017269256,0.022870602,0.040343206,0.005041194,-0.007631644,0.07018325,-0.022914276,0.043033153,0.005794562,-0.026883747,-0.07021484,-0.028312333,-0.014360168,0.018809455,0.04661158,0.014466829,-0.04436228,0.036215145,0.009448563,-0.0035011473,-0.025583291,-0.055729512,0.050395213,0.033551022,0.02028378,0.04581447,-0.010879144,0.038039386,-0.037458397,-0.06578214,-0.013108824,0.022929272,0.033140246,0.04258307,0.020169072,0.06332456,0.03947211,0.025231777,0.034350857,0.023192674,0.036312923,0.03418733,0.00089754415,0.040549137,0.013706056,0.016715353,-0.03879732,-0.012233071,-0.04047786,-0.035170626,0.03140181,-0.05550047,0.038165625,0.021210944,0.011452562,0.04375528,0.02857218,-0.05660621,-0.014487478,-0.009550593,-0.0018461713,0.01539743,-0.0011126318,0.06492993,-0.040965494,0.0035800564,-0.0039310697,-0.038538024,-0.04026336,-0.008482998,-0.004175209,0.012534791,0.014756351,0.09263401,0.008039255,0.03989574]', '{"chunk_size": 500, "chunk_index": 4, "document_id": 9, "chunk_overlap": 50, "document_title": "课程"}', 359, '2026-04-13 00:21:36.610759');
INSERT INTO public.knowledge_chunk (id, document_id, chunk_index, content, content_hash, embedding, metadata, char_count, create_time) VALUES (137, 11, 1, '## 卡与权益

### Q：怎么申请停卡？

**A**：您可以在公众号会员中心，点击 "停卡申请"，选择停卡时间提交即可，也可以到前台办理。停卡需符合卡种的停卡规则，年卡每年最多停 60 天。

### Q：我的卡快到期了，可以延期吗？

**A**：普通卡种到期后未使用完的次数 / 时间，可在到期后 30 天内办理延期，延期手续费为剩余价值的 10%。特价活动卡不支持延期。

### Q：我可以带朋友来免费体验吗？

**A**：每位会员每月最多可带 2 位访客，访客需购买 50 元的体验票，体验后 7 天内办卡可抵扣该费用。我们也会不定期推出免费体验活动，关注公众号即可参与。

### Q：会员有什么专属权益？

**A**：会员可免费使用所有场馆器械、免费参加团课、免费使用淋浴储物柜，每年可免费获得 2 次体测服务，还可优先参与场馆的各类活动。

---', '4ae248e78423eb2db44a2461d10a061b', '[-0.012943024,-0.06680958,-0.0034057817,-0.010294157,-0.034699854,0.011024188,-0.010107615,0.014512586,0.03284092,-0.047883186,-0.0023243548,-0.051081214,0.06923433,0.020241987,0.040952295,0.03074844,-0.010650341,0.05481757,-0.09540648,0.019552048,-0.045561217,0.004421967,0.051460035,-0.0055389637,-0.04067315,0.018283037,0.017420236,0.05459344,-0.00021786036,-0.021832932,0.026990231,-0.011765739,0.04987817,-0.00013727052,0.022930363,-0.009858734,-0.007892349,-0.04503636,0.09726701,0.009120425,0.0021571808,0.06200442,-0.03346138,0.00022312716,-0.0006253268,-0.022381587,0.018836295,0.0008653222,-0.00617451,0.06143465,-0.0053539295,0.071506284,-0.08824238,0.04689602,-0.038576275,0.040460136,-0.03371698,-0.033632517,0.014178126,0.0037995207,-0.024168598,-0.026279895,0.008453574,-0.0048646773,0.0018795524,-0.020207468,-0.011464597,0.035630137,0.0011498312,0.12184551,0.008328533,-0.06327977,-0.019495884,-0.00528994,0.12307454,0.040839996,-0.026160147,-0.020401513,0.031309556,-0.013272209,0.040903363,-0.06098265,-0.0023446775,-0.053215284,0.018885216,0.005150506,-0.023205506,-0.036541674,0.013662143,-0.02692743,0.035638932,-0.066252366,0.046893783,0.03048854,-0.0021429409,-0.017282497,-0.027558235,0.038087297,-0.06682982,-0.0009896073,-0.00060895743,-0.04888701,-0.014883341,0.025338287,0.024944555,0.035722,-0.03410285,0.044237647,-0.0019679505,0.012121951,-0.042610478,0.0015340955,0.004256025,-0.021120198,0.029271474,0.009380792,-0.06410426,0.030115623,0.023077454,-0.03298107,0.011244304,0.004378134,0.022885667,-0.00874744,0.03395202,-0.025166275,0.020888485,-0.039608896,-0.00990191,-0.00893617,0.00507021,-0.013983138,-0.0049983505,-0.021160793,0.031176057,0.01610733,-0.01960924,-0.02134611,0.041098833,0.01608788,-0.036289964,-0.08335279,0.001394417,-0.03493782,0.0017518911,0.07006544,-0.016833752,0.0466652,-0.008144019,-0.0026697353,0.09840119,0.031786893,-0.031202987,-0.02565037,-0.0039401157,-0.042327836,-0.07086496,0.024829643,0.06512261,-0.002141136,-0.028898675,-0.07535481,0.09196429,0.026806343,-0.025890896,0.04426203,0.027070506,0.0384108,-0.0027002387,-0.028654413,-0.014856141,-0.026790606,0.032331444,-0.041176703,-0.021645231,-0.03183056,0.0049751997,0.0075752675,0.018370083,-0.0113372635,-0.011459644,-0.017187873,0.002656406,-0.036537454,0.01334222,0.024659906,0.014329553,0.012445054,-0.06309057,0.006148,0.034666043,-0.0026677821,0.069982216,-0.032676645,0.037454978,0.047266863,-0.01702663,-0.03932459,0.04941503,0.004400828,0.008659863,0.040189262,0.060001,-0.014135852,0.013629863,-0.009550023,-0.021733735,0.023920583,-0.11353799,0.015790304,-0.057889864,0.06902288,-0.005179242,0.0037230721,-0.0028776277,0.056904417,-0.043084353,-0.032779563,0.0090602795,0.018834475,-0.04159604,-0.007772182,-0.040830147,-0.038518228,-0.0013001668,-0.018653352,-0.030333644,0.024502954,0.0013590159,0.0038179324,0.026776047,-0.018562494,0.007883403,0.061747123,-0.06711671,-0.031940054,-0.025924027,-0.041350804,-0.011273693,0.0006403611,0.032162793,0.054952696,-0.016686682,-0.023585489,-0.018823082,-0.014264222,0.009407688,-0.07565726,-0.0021148957,0.029318074,0.021777693,-0.040589716,-0.0058042384,0.087526,-0.037964463,0.019959098,0.015600139,0.012207424,0.04164573,-0.011668675,0.051328354,0.040346544,-0.048578274,0.0034482758,-0.027777972,-0.01467596,-0.019331371,-0.036568314,-0.040065613,0.008181482,0.06163783,0.027446099,-0.036338687,0.009426345,0.002358802,-0.027447317,-0.025297903,-0.03975146,0.01894366,-0.0303466,-0.02125695,-0.025297219,-0.011579616,-0.012545396,0.092048064,-0.08438667,0.038566194,-0.0937468,-0.007517143,-0.031022036,-0.007357716,0.029786674,0.035540037,-0.0011360354,-0.0191925,0.014836595,-0.05397771,-0.04951904,-0.007350672,-0.0024297016,0.028473152,0.020596877,-0.017489828,0.022457879,0.055084288,0.0052509983,0.0023793555,0.018666457,0.0059561892,-8.2756495e-05,-0.014614293,-0.020609315,0.030138424,0.052787546,0.04139821,-0.058819942,-0.02658693,-0.011488847,0.008300859,0.04731821,0.044314437,0.044989154,0.031956647,0.0071887453,0.053857647,-0.01190817,0.009474034,0.011742315,-0.050353214,0.038670976,0.021781983,0.011502786,0.035224147,-0.029383663,0.05086782,0.030370116,-0.0008442968,0.038628627,-0.06358013,-0.011967388,0.0097334245,-0.00864788,0.0066987784,0.01968169,0.049281947,0.052976165,0.00014458687,-0.009288155,-0.01975423,-0.079122834,0.04545089,-0.008674689,0.0031709552,0.01366572,-0.12521048,0.083372585,-0.058829546,-0.007797159,0.003545407,-0.010054766,-0.005616107,-0.021226313,-0.0015697366,0.01445535,0.036760315,-0.02777695,0.0064146766,0.024313295,0.033730466,0.023163171,0.087387785,-0.084457,-0.002207522,-0.008858567,-0.03588802,0.012929041,-0.015509634,-0.009718089,0.009793303,-0.025869736,-0.028061258,-0.032667276,-0.005271433,0.010799737,-0.0023183227,0.03221449,0.019299986,-0.0062932707,-0.03836164,-0.008646629,-0.02377457,-0.05152574,-0.0041165394,-0.01854343,0.009433304,-0.030908005,0.052285884,0.025734244,0.016457587,0.08780056,0.020159315,0.03528472,-0.11215297,-0.07757348,0.04476114,-0.0064543285,-0.034956977,-0.024879185,-0.07602797,-0.018224575,0.049514268,-0.018017387,-0.024114626,0.0010932258,0.0042696474,0.009100606,0.04473371,0.03671782,-0.024490576,-0.009385323,-0.018980043,0.005812568,0.029305603,0.012951062,0.012526963,-0.024072265,0.027373202,0.009533358,0.040044744,-0.012893759,0.031269655,-0.020808967,0.030982304,0.05254177,-0.024068957,-0.047902998,0.018460987,0.027240101,-0.032753382,0.03869257,-0.022435313,-0.0067288377,0.0063156392,-0.02047567,0.023685787,-0.00012816078,0.0016846451,0.00081557274,0.061996225,-0.027017852,-0.021377,0.0026147454,-0.048471544,0.017367747,-0.0026332128,-0.015908968,0.020844325,0.030755887,-0.044208545,0.03388964,-0.004591344,0.03403886,-0.024314234,0.032825295,0.0017989591,0.018749269,0.0051463563,-0.0033254935,-0.073648386,-0.013236499,0.015097056,0.032176424,-0.047377374,0.084945,0.007304987,-0.06442598,-0.057943854,-0.013315561,0.0059022056,-0.01326164,-0.03097156,0.015528035,0.033397913,0.025891183,0.04918843,-0.049509585,0.012775669,-0.029504482,0.08396065,-0.033820573,0.012381278,-0.021263644,0.012704297,0.01308362,0.059133213,0.04453955,0.06912921,-0.06240436,-0.0010440862,0.03834187,-0.052251574,-0.019612173,0.004626011,-0.0006223333,0.059015557,0.021879641,0.018561166,-0.042070996,-0.07137242,-0.0067369537,-0.045326058,0.017265227,0.003237718,0.011068322,0.011714207,-0.032973636,-0.033216182,0.069271356,-0.024721285,-0.023823028,-0.005162586,-0.057588987,0.02314194,-0.033095386,0.01958189,0.008163347,0.0091980975,0.011252949,0.046553317,0.020488268,0.047358412,-0.020918803,-0.047400393,0.017178245,0.008392417,0.013031612,0.05999091,-0.012318267,0.016935566,-0.06783586,0.011803122,-0.025265384,0.0039454116,0.03280515,-0.0058656437,0.0334385,0.044007596,-0.028350139,0.0003054716,-0.016772939,-0.034714155,0.02226799,-0.07391235,-0.04232483,0.010686342,-0.02729759,0.027823154,0.027082503,0.008345911,-0.015584671,-0.08049521,-0.022699201,-0.016617985,-0.034144998,0.00013505357,0.014712879,-0.050598465,-0.044110075,-0.033909183,0.02451847,0.0517195,-0.011166365,-0.022002554,-0.012556214,0.026525076,-0.051475808,-0.023820994,-0.025641955,-0.030105237,0.023361469,-0.024877204,-0.02441737,-0.009063786,-0.0011361428,0.0032228997,-0.009036681,0.012308779,-0.0021069772,-0.07298883,-0.002816007,0.057579286,-0.08252551,0.019181672,-0.010983497,-0.058629055,-0.05330095,0.043180536,0.06834274,0.057622995,0.002199089,0.004805531,0.042125393,-0.030334882,0.011764192,-0.012696044,0.007064761,-0.024888763,0.02825753,-0.010051729,-0.02165521,-0.045203596,-0.05649692,0.030141018,0.014242697,-0.027175436,0.0026712,0.013802452,0.04478221,0.073590204,0.030249199,-0.024024779,0.049908288,0.042542525,-0.03795807,0.0522039,-0.010868626,0.025395356,0.029155362,0.020198904,0.020181168,0.047971737,0.06238616,-0.033122454,0.011859863,-0.028809352,-0.029183112,0.06766195,0.057341587,0.026554422,0.0077100354,0.10737396,0.000253594,0.040609356,-0.012974847,0.015270211,-0.012542741,-0.015948374,-0.026349666,-0.019850357,-0.0497016,0.023612792,-0.0149054965,-0.037480094,-0.016943865,0.02384047,0.04158704,-0.017213983,0.05500366,0.005309109,-0.041425396,0.034538623,0.019783404,-0.032967266,0.012376497,0.06286509,0.040281344,-0.017951839,0.03559916,0.019800927,0.009131867,-0.05616122,0.051273663,-0.05581073,-0.03247051,0.009638869,0.013042155,-0.08221004,-0.010017429,0.0015333868,0.028083587,0.016103445,-0.036567736,-0.05589959,0.03410357,0.039266348,-0.011694357,-0.019846577,-0.014080024,0.0011925629,-0.0036616072,0.04170886,0.0075534508,-0.011442009,-0.006796139,0.010418092,0.021374054,-0.009812141,-0.006551449,0.000974874,0.03954343,0.033837873,0.01888429,0.03171519,-0.029427212,-0.008726917,0.0075169434,0.012878637,0.042292777,0.030450257,0.0040887753,-0.003394372,-0.0012637743,-0.05024058,0.00429241,0.06399223,0.024112612,-0.01781637,0.035549555,-0.035710752,0.009219311,0.012561499,-0.008029069,-0.022396103,0.003144786,0.059678394,-0.0014786571,0.064888574,0.074431404,0.0050081937,-0.017156778,0.020667648,-0.011273847,0.04815611,-0.056319904,0.06137594,0.022737613,0.06459447,0.00026734654,-0.008165625,0.03035364,-0.026557853,-0.0901563,0.031447526,-0.052871097,-0.048354868,-0.022250136,0.016569035,0.028558807,0.05480689,-0.011845313,-0.062239144,-0.03170566,-0.041267615,0.021343406,-0.0009843712,0.055761185,-0.0055873753,0.023096284,-0.009192073,-0.0075042523,-0.051369023,-0.009548646,-0.019676013,-0.045988537,0.035787858,0.06471732,-0.0060886904,-0.023286017]', '{"chunk_size": 500, "chunk_index": 1, "document_id": 11, "chunk_overlap": 50, "document_title": "常见会员问题汇总"}', 387, '2026-04-13 00:32:44.282106');
INSERT INTO public.knowledge_chunk (id, document_id, chunk_index, content, content_hash, embedding, metadata, char_count, create_time) VALUES (138, 11, 2, '## 课程与预约

### Q：怎么预约团课？

**A**：您可以关注公众号，进入会员中心 - 课程预约，选择您想要的课程进行预约，团课提前 24 小时开放预约。

### Q：我约了课去不了，怎么取消？

**A**：您可以在公众号的预约记录里，找到对应的课程，点击取消预约即可。团课需提前 2 小时取消，私教需提前 24 小时取消，否则会记为爽约。

### Q：私教课可以转让给别人吗？

**A**：私教课可以转让，需您和受让人一同到前台办理，转让手续费为剩余课程价值的 10%。

---', '70a908b4e9ec38a21ec1b721dc354353', '[-0.011760359,-0.030500365,0.01603902,0.017289996,-0.010573529,0.024696195,-0.06590445,0.0263082,0.035870537,-0.02657574,0.03777547,-0.01357269,0.01283445,-0.031975742,0.064213455,0.054267455,-0.0330522,0.035722233,-0.09202247,0.0053854357,-0.031420693,-0.050120443,0.03966527,-0.022439968,0.015935162,0.01729885,-0.041316465,-0.014588128,-0.011426759,0.01864621,0.020383315,-0.0031352271,0.022215707,-0.004983232,-0.015396055,0.007741038,0.011616547,-0.065496504,0.052756693,-0.057049897,-0.002472425,0.034982063,-0.016154125,0.079864256,0.010149597,-0.03433053,0.021427501,-0.03854354,-0.03349632,0.004786706,-0.004858408,0.023240585,-0.044283446,0.035062574,-0.090178296,-0.010062623,0.016425358,-0.036386743,-0.050524406,-0.05372074,-0.019993572,-0.005576186,-0.034780942,0.012513355,0.049725533,-0.037397787,-0.030731652,-0.02335265,-0.001114661,0.11015716,-0.025945332,-0.10109242,-0.026154984,0.00070179626,0.14584248,0.019100122,-0.028660316,-0.027783545,0.013317986,0.0044414885,0.011566724,-0.02168938,-0.010454827,0.008655519,0.03830566,0.01920609,0.012612747,-0.017979894,0.04682576,-0.034590613,0.041428637,-0.059035845,0.08153132,-0.035309646,-0.0068582157,-0.01131244,0.0059826626,0.03340747,-0.013374982,0.01694301,0.009945436,-0.025261207,0.009725668,0.0057068034,0.006107041,0.09866533,-0.029443612,-0.018857367,0.009120638,0.033888567,0.009976966,-0.04230354,-0.028248444,0.009568016,0.011884124,0.014644836,-0.07728571,-0.0061575575,0.0190258,-0.001306886,0.028604703,0.003798488,0.0018778008,-0.008627385,0.052868076,-0.008860497,0.03579778,-0.009801927,-0.03347208,-0.015059647,0.008849401,-0.0012816909,-0.002532972,-0.021022428,-0.033875532,-0.018252028,0.015169906,0.025133394,0.054937717,0.019969266,-0.029588992,-0.08254375,0.01800556,-0.020464126,-0.019539766,0.014319878,-0.030602328,0.03914568,-0.029766526,0.014381134,0.06998168,0.033460956,-0.039607536,-0.0148061095,0.025907153,-0.06802072,0.0061747488,-0.018720837,0.014541786,-0.008235877,-0.01142741,-0.046825215,0.061130665,0.03475706,-0.0012830304,0.04151146,0.013837196,-0.00045552518,0.005511761,0.012771934,0.012499453,0.010944315,-0.0041333493,-0.021551905,0.012680798,0.00036906995,-0.03266043,-0.07089199,-0.02021216,0.0045479503,0.0037900358,0.0018304737,-0.02570705,-0.012796956,-0.06647635,0.026145903,0.01822218,0.042103883,-0.011002062,0.025556818,0.07022433,0.0056594345,0.051809695,-0.011432047,0.049278103,0.037285995,0.020835694,0.030942626,0.008350015,-0.031496353,0.027074505,-0.016037263,0.03963077,0.010806605,0.060463548,0.010275639,-0.041491073,-0.020086339,-0.08615088,0.0461355,-0.04798675,0.03754839,-0.031477842,0.012205658,0.017175147,0.07130022,0.0022384196,0.005448033,-0.037048094,0.06860725,0.03125393,0.005115945,-0.009231808,0.010750053,-0.02728728,-0.0073518963,-0.020505613,-0.04201735,-0.041573048,-0.004185951,0.024998482,-0.0023066895,-0.0028926532,0.05247437,-0.02934343,0.047482237,-0.04551486,-0.057660304,-0.05634523,0.026066178,-0.02855195,-0.006149211,0.0059515573,-0.008501643,0.017500931,-0.049400065,-0.014320912,-0.025236918,0.0050985008,0.05890993,0.005460573,-0.029065836,0.015790043,0.05932208,-0.036513217,0.060947977,-0.05939266,0.012952575,-0.011280836,0.02680779,0.017026586,0.0053705843,-0.014081151,0.040570144,-0.044570655,0.018468508,0.039611094,0.00030434903,-0.0515429,-0.0322669,0.07988187,0.0020037699,-0.049206655,0.026411865,-0.007884435,-0.03811034,0.01099266,-0.056447588,0.012536312,-0.030445999,-0.0038609344,-0.004762643,0.017123409,0.0063411407,-0.016618352,-0.0789992,-0.03400518,-0.07708075,-0.0048001134,0.012774477,-0.045276906,-0.012440632,0.04740638,-0.008302283,-0.013440141,0.026647273,-0.06763104,-0.0061792834,0.010655639,-0.050898213,-0.026419494,0.035287466,-0.0034944222,-0.0425698,0.06052473,0.010335473,-0.04804329,-0.034333546,-0.03481183,-0.01721637,0.010705252,-0.027855523,-0.0022543604,0.05929667,0.049276516,-0.023110004,0.010027208,-0.03743055,-0.006382612,0.0148927905,-0.0030453592,0.033736255,0.023410171,0.011731765,0.05354406,0.011899702,0.03339834,0.051547155,-0.04199041,0.032687865,0.09276578,0.084190734,0.02242484,0.031673815,0.03537896,-0.0012700349,-0.023939839,0.024147488,-0.026869917,0.029630149,0.09543077,-0.049317904,0.053949617,0.046238273,0.04054712,0.037560742,0.0031932727,0.0026373665,-0.05942297,-0.042366017,-0.0002452093,0.000621659,0.025163885,0.018689508,-0.06969235,-0.025970345,-0.05096781,0.02515095,0.04209017,-0.010634939,-0.01478785,-0.10228928,0.04541036,0.046237938,0.020384766,0.011000586,0.0030717633,0.0281853,0.039012447,-0.0064487318,0.078935325,-0.0030243488,-0.05651995,-0.030798113,-0.06689203,-0.0034977237,-0.051141508,-0.018015677,-0.019471563,-0.038327385,-0.09647062,0.031398628,0.032606475,0.009295137,0.0133803645,-0.0009883868,0.00759507,0.008960933,0.011655447,0.021745855,0.04508141,-0.015830707,0.028166331,0.05871175,0.022755614,0.006542437,-0.0018426237,0.037983995,0.036424454,0.027523711,-0.07008834,0.045153927,-0.075054795,-0.069986686,0.07048349,-0.002711629,-0.018527932,-0.024469633,-0.04469132,0.018414732,0.008718092,0.008010612,0.024108734,-0.009618409,0.024035638,0.007825233,-0.013588747,-0.0048081223,-0.03770407,-0.020905143,-0.058407947,0.014174814,0.05290079,0.028309233,-0.015455075,-0.06444818,0.0045070583,-0.006958329,0.02005776,-0.031816304,0.06654429,-0.010192779,0.008344639,0.084726855,0.010451639,-0.01172491,0.017234692,-0.00060552463,0.0064797476,0.046292804,0.016167337,0.0229868,0.0015880844,0.01975759,-0.0003610311,-0.05607531,0.022323979,-0.014545315,0.02769211,0.004984919,0.0035246995,0.029735427,-0.028663412,0.03479541,-0.041128322,0.003992207,-0.025312997,0.02718312,-0.018267902,-0.02064429,-0.0021808532,0.05778821,-0.025866214,0.032437902,0.030575503,0.030409519,-0.013949361,-0.014375353,-0.09273708,0.00017685966,0.03114575,0.028834077,-0.037926484,-0.008647967,-0.0636823,-0.080901496,0.005183757,0.053398926,-0.0030447019,-0.03133448,-0.053894628,0.0037203566,-0.016256042,0.024903651,0.013006646,0.03471651,-0.027245078,-0.01750231,0.035987537,-0.012628355,0.06579262,-0.044557914,0.020335732,0.016498633,0.02286707,0.080252916,0.026365833,-0.01577047,-0.005704457,-0.053116925,-0.062349577,-0.01268821,0.014293416,0.011996361,-0.019408181,0.015032663,0.025825532,0.0072127865,-0.011558977,-0.013331447,-0.057982434,0.00020972411,-0.028479997,0.10531248,-0.057337284,0.03209817,0.0011385623,0.039942294,-0.051362142,0.03660698,0.030642042,-0.009221073,-0.07775108,-0.031569716,0.013679497,-0.018243674,-0.016056266,0.01535567,0.050267797,-0.029197061,-0.0137795145,-0.050464317,0.017588323,0.028918287,-0.017761063,0.014903296,0.010857308,-0.023953974,0.048024144,-0.05885872,0.020615188,0.015744971,-0.0060909633,0.036863327,0.03407727,-0.027148642,0.025958074,-0.014283342,-0.018562052,-0.021745643,-0.043212447,-0.036845252,-0.026468307,-0.06070219,0.007000046,-0.008421684,0.054002296,0.05607835,-0.0013920849,-0.030223459,-0.03008222,0.03749259,-0.043853104,-0.0394682,0.008039224,-0.011776361,-0.046025567,-0.0744349,-0.06123899,-0.013260628,0.04977499,0.048913043,-0.030247148,0.0033622792,-0.012033965,-0.029414637,-0.03780765,-0.02837928,0.004792935,0.013804363,-0.022154495,-0.0029663048,-0.023042032,-0.0032125544,0.014457672,0.045501158,-0.0131519465,0.0030270522,-0.026746226,-0.034586333,0.019728981,-0.044580076,-0.012400107,-0.011123453,-0.0691636,0.0031605577,0.028205542,0.04714078,0.037284296,0.042484067,0.029992836,0.015478695,-0.021186156,0.0060842056,-0.0048468583,-0.056670383,-0.027480299,-0.04544176,-0.033427503,-0.045181897,-0.05042054,-0.021692213,0.008592927,0.04371511,-0.008294876,-0.021224895,0.05592284,-0.0054480988,0.02231622,0.035207886,-0.013860072,-0.008758898,0.05425418,0.007717862,-0.0055604037,-0.0032300954,0.009851235,-0.027608106,0.04962392,0.08324713,0.090381734,0.047193497,0.008079029,-0.070217,-0.02754482,0.011316919,0.029576853,0.023501527,-0.016926974,0.022863558,0.020493962,-0.008632326,0.017728535,0.011307405,-0.009447054,-0.015288851,0.03193802,0.024571618,-0.035507858,0.017688882,0.017250646,-0.008822623,-0.009067116,0.002929426,0.038929697,-0.010954323,-0.018507741,0.08044003,0.039007846,-0.012267557,-0.00011078815,0.019966146,0.07014662,0.030468011,0.047255352,-0.0015036545,0.017714642,0.021567548,-0.00019167346,0.013074248,0.004288198,0.026900975,-0.119276956,-0.057290778,0.022503704,-0.01097392,-0.086710185,0.017201643,-0.038670648,0.08704242,-0.005046385,0.032564215,-0.036161415,0.048351564,-0.026041294,0.032173477,0.01474135,-0.023900691,0.0028430598,-0.025261637,0.06356133,0.02957574,-0.022296218,0.06214956,0.026341857,0.030768141,0.038154643,0.05231084,-0.0027019028,0.06239553,0.012747745,0.003738849,-0.0028272772,-0.024438057,-0.030020582,0.020824768,0.030479113,-0.009144287,-0.026205877,0.013787225,-0.005970002,0.019894486,-0.046978246,-0.005449221,0.016266774,0.05337927,0.006301402,0.04943386,-0.023909219,0.07415548,0.013851298,-0.03904221,-0.06641561,0.0047888057,0.022940442,0.033203248,0.0351994,0.07213922,-0.02680018,0.00856519,0.013269632,-0.00130854,0.0012602793,-0.039901204,0.037804276,0.035787538,0.0023713182,0.021531325,0.020364651,0.0030676227,-0.010373838,-0.025381658,0.03448189,-0.03705187,-0.043889683,-0.031806577,0.03356076,-0.019948915,0.03416089,0.01462437,-0.044433348,-0.03120282,-0.022236327,0.016211776,0.005942917,0.043910865,-0.028663674,0.024521612,-0.026012048,0.027798958,-0.016100941,-0.07227583,0.035086695,-0.053980485,-0.020126212,0.018231247,0.0016906384,0.052371323]', '{"chunk_size": 500, "chunk_index": 2, "document_id": 11, "chunk_overlap": 50, "document_title": "常见会员问题汇总"}', 250, '2026-04-13 00:32:44.332864');
INSERT INTO public.knowledge_chunk (id, document_id, chunk_index, content, content_hash, embedding, metadata, char_count, create_time) VALUES (130, 10, 0, '## 入场要求

### 年龄限制

* 16 周岁以上会员可独立入场健身
* 16 周岁以下未成年人，需由监护人陪同入场，且禁止独自使用力量器械

### 着装要求

* 入场需穿着运动服、运动鞋，禁止穿拖鞋、高跟鞋、凉鞋入场
* 禁止赤膊健身，需穿着上衣

### 入场验证

* 会员入场需刷会员卡、或出示公众号会员码验证
* 非会员需购买体验票，或由会员带领入场（详见访客规则）

---', '5d2decf8a7218f503fc38f4ce3530a8c', '[-0.015233298,-0.05002577,-0.006960416,-0.004117134,-0.04852537,0.0025465724,-0.007921442,0.05792888,0.037919577,-0.10282011,0.016883172,-0.037113883,-0.0031332192,0.003696976,0.057222385,0.07106105,0.005627734,0.019954726,-0.09641333,-0.010241073,-0.025192896,0.00072028517,0.04311354,-0.00060660276,-0.02184734,0.04251755,-0.014249933,0.03806816,0.037151936,-0.03811446,-0.0021631336,-0.021271069,0.006642333,-0.015340155,0.002723014,0.004818787,0.005399147,-0.014562789,0.049043674,-0.0017737604,0.0071299765,0.07881669,-0.042791687,-0.003409558,0.0040966417,-0.05687627,0.018610887,-0.0569273,0.016488671,0.06254381,0.009390105,0.033436615,-0.051084284,0.057491966,-0.02626691,0.0072807055,-0.02971209,-0.0113748545,0.024912665,0.02267829,-0.01455135,-0.0319997,0.023187501,0.04425311,0.020499412,-0.061346784,-0.0522504,0.03096896,0.009048938,0.09972146,0.006728918,-0.058603913,-0.0043161125,-0.0044108024,0.13691258,0.028880496,-0.025090912,-0.03192739,0.0049470193,-0.031444695,0.0064898212,-0.031537935,0.004047239,-0.020035138,0.05035686,0.017409801,-0.031293016,-0.044166755,0.03718294,0.011658527,0.018500604,-0.05824466,0.041107126,0.03918322,-0.010383572,0.025811702,-0.0330698,0.029830132,-0.012717456,-0.04135,-0.0032021157,-0.028292784,-0.018471584,0.0053783683,0.0562511,0.043695588,-0.021587411,0.03329038,-0.004455856,0.038226124,-0.03505027,-0.013503184,0.011810725,-0.018860878,0.0350566,0.024004692,-0.042452596,0.035505105,0.020800443,-0.06253733,0.0271553,0.046544682,-0.014683474,0.014651182,-0.0019334165,-0.010055268,0.018009912,-0.037094384,0.0016373958,-0.024205405,0.04166037,-0.02402171,0.010855419,-0.010476243,0.042237468,0.009057099,0.032361098,0.027110929,0.038110353,4.8310012e-05,0.036168523,-0.07407608,0.027156975,-0.011392258,-0.027254824,0.06833445,-0.0026762395,0.03652775,0.03168851,0.03755892,0.09834287,-0.02581634,0.037922975,0.008467355,-0.013402513,-0.040410656,-0.031814672,0.010128006,0.06704357,-0.030920627,0.0032492366,-0.068536416,0.0788407,0.00097624236,0.015952136,0.020346861,0.028504962,0.03712218,-0.020945799,-0.02602129,-0.024810147,-0.062942505,-0.0116385305,-0.0046020392,-0.036751527,-0.0019807548,0.0003931385,0.02356472,0.050753895,-0.006703064,-0.004899486,0.021008613,-0.0061303624,-0.011852662,0.00363832,0.03323758,-0.004050189,0.082106896,-0.07948281,-0.008917003,-0.027665535,-0.027126156,0.053242598,-0.012944296,0.01061458,0.018100973,0.0048110057,0.010689487,0.0055619334,-0.0013945923,0.052123196,0.025262043,0.078071,0.05287628,0.067132525,-0.021205587,-0.000108948385,0.07610928,-0.07513074,0.021868201,-0.045523323,0.048738204,-0.016117983,0.0026444606,-0.015468308,0.0070030414,-0.08222617,-0.03425572,-0.0026341884,-0.0014828829,0.024998477,-0.006345389,-0.069588095,0.0014039051,0.0060223383,0.013079879,-0.028117096,0.02108698,0.004933035,-0.010429462,-0.0026345507,0.02327253,0.014091772,0.04464546,-0.05963801,0.0043077227,-0.03134407,-0.029334055,0.07284277,0.043424115,0.00471273,0.0074422183,0.008507181,-0.0058768736,-0.015107427,-0.035317965,0.009663482,-0.02786098,-0.017232612,0.061545722,0.022302687,-0.018158613,-0.014574924,0.04572501,-0.04779293,-0.008357645,0.06569192,-0.02303006,0.060537186,-0.013921374,0.037264276,0.016672725,-0.030944532,-0.04970926,-0.052421603,-0.011300148,0.012168312,-0.04296739,-0.095840916,-0.035342373,0.019082012,0.032952685,-0.021629488,0.001331031,0.018658556,0.00291473,0.04498091,-0.011977336,-0.038171865,-0.033272803,-0.02159128,-0.014604673,0.037341293,0.021001307,0.058377124,-0.006045316,-0.0028026754,0.015290797,-0.025164565,-0.024273591,-0.011301645,0.028488064,0.07866838,0.020150336,0.011253978,0.026303174,-0.049296275,-0.01660644,-0.030628651,-0.016556043,0.03458603,0.03525911,0.004961528,-0.04184509,0.0019272071,0.07619095,-0.043636423,-0.00082023296,0.048311785,-0.040202174,-0.0025659418,-0.016188337,0.0091233095,0.017575288,0.0840744,-0.05354871,-0.03355784,-0.06332843,0.0013047003,-0.020596288,-0.014025431,0.020279406,0.03386497,-0.001587706,0.072960265,-0.027598795,-0.016378269,0.02830636,-0.05945545,0.038390964,0.044733565,0.04645094,0.041618634,0.013686887,0.008122156,0.03183268,0.025383104,0.061947048,-0.038043834,-0.061940663,0.04343756,0.029709386,0.027955595,-0.016878948,0.010258876,0.05201539,-0.019285146,-0.0019345022,0.027274013,-0.06426939,0.017310286,-0.028628714,0.01603424,-0.00962091,-0.07165279,0.07626605,-0.053187102,-0.012210409,0.026896954,0.0034724565,-0.055340536,-0.01984749,0.007859975,0.011316105,0.052061133,-0.012319533,0.025261363,0.038740736,0.008676704,0.032767266,0.07536055,-0.014053273,-0.00741972,-0.020020202,-0.06753812,0.08731177,-0.03897612,-0.030682152,-0.0120131085,-0.023777345,-0.005369435,-0.054087296,-0.01650919,0.016350513,0.074395925,-0.0069936,0.02562051,-0.011504993,-0.026668983,-0.0042687966,-0.0045560612,-0.0076627503,-0.021990104,-0.011169147,0.02948761,-0.04448687,0.019739147,0.031391248,-0.04179479,0.07009856,-0.01663244,0.042227376,-0.104721606,-0.10426144,0.06196862,0.027339727,-0.015547328,-0.016675666,-0.004282193,-0.026910203,0.011537983,-0.0025871163,0.0036559803,0.018370287,0.020513479,0.024814025,0.03645921,0.06348301,-0.032992285,-0.021263584,0.0028163076,-0.054720476,0.0072056362,-0.012294152,-0.02889907,-0.021888517,0.049248796,-0.016470207,0.020415535,-0.028326975,0.07020006,-0.046679642,0.029317863,0.014623129,-0.013226509,-0.056804825,0.03427027,0.0074518383,-0.02211123,-0.01874304,0.00030584738,-0.011342787,0.011437274,-0.02821218,-0.0165396,0.0033924896,0.004842871,0.03407388,-0.0063556037,-0.012585054,0.017085109,-0.0072876005,-0.02437946,0.009773999,-0.022832116,-0.0074074245,0.014195933,0.012447054,-0.046058115,-0.002928808,0.0047719623,0.054752212,0.020635242,-0.008962371,0.020323092,-0.002573759,0.0023561802,0.00024647464,-0.07006426,-0.037162684,0.035281476,0.04308893,-0.035788525,0.04085989,0.03180731,-0.002262693,-0.011396436,-0.019106248,0.017113589,-0.01886137,0.0032309077,0.010075088,0.0027592261,0.048415232,0.046159305,0.0069672144,-0.036844105,-0.034881063,0.053231478,0.000998953,0.023056436,0.008108735,0.016948942,0.018803164,0.004014524,0.004272998,0.027536776,-0.01659846,0.013299296,0.0066092834,-0.028747188,-0.036088657,0.026019812,0.019669406,-0.003963727,0.054972194,-0.00086549117,-0.04859049,-0.004725288,-0.015884813,-0.033635747,0.001934333,-0.046839427,-0.01500127,0.0019470266,-0.02014648,-0.0209227,0.08239141,-0.01181823,-0.014369751,-0.04446126,-0.002205228,0.07543367,-0.027349437,0.009356409,-0.009372565,0.0030065654,0.0142558385,0.052950993,-0.021506341,-0.0018223043,-0.013739088,0.012476424,-0.008420872,0.022545325,0.010324716,0.07584753,-0.038693983,-0.011728315,-0.05306838,0.013534071,-0.023515746,0.045289293,0.018026195,0.004337724,-0.018156448,0.045536608,0.006259071,-0.0053845746,0.0011856996,-0.004565552,0.004011292,-0.06496102,0.023662634,0.054861344,-0.00050942024,0.039346267,0.020925922,0.032319773,0.013381606,-0.06877808,-0.01573784,-0.015977774,-0.03706583,-0.014829654,0.047357585,-0.010722426,-0.043317284,-0.050102618,0.030637087,0.019480074,-0.07979104,0.019785779,-0.012024633,0.04440677,-0.047711864,-0.003981054,-0.00038546987,-0.009867824,-0.03015571,-0.027216237,-0.017763603,-0.0053619845,0.0072360323,0.035057757,0.0040546977,0.022412136,-0.03003464,-0.06495008,-0.02502281,0.002699313,-0.05905121,0.016342891,0.009828074,-0.06153343,-0.03507381,0.03446475,0.03247021,0.055425502,0.018555269,0.013779362,-0.02211382,-0.014528374,-0.0076134503,0.020271616,-0.02152586,-0.050093573,-0.01119962,0.0035228583,-0.011909442,-0.03301524,-0.07253441,0.027359482,-0.023397204,-0.042491026,-0.0039258613,0.0068248226,0.050709452,0.02489242,0.06926668,-0.02987501,0.043357715,0.00272327,-0.060330484,0.056186702,-0.031003952,0.009997408,0.057928417,0.0047491356,0.016822992,0.03463878,0.0597891,-0.03623456,-0.005632817,-0.038234223,-0.07863807,0.07914058,0.07603955,-0.00032486673,-0.010790968,0.09311508,0.01940411,0.030753937,-0.021410672,-0.009882528,0.0004357611,0.03700837,-0.002252579,0.026341412,-0.073790535,0.03685271,-0.029064287,-0.04377399,0.010708889,-0.040900826,0.0042569158,-0.017761631,0.008774979,-0.00971604,-0.021772426,0.024320802,-0.0052509876,-0.041791525,-0.012782068,0.06801761,0.046589576,-0.01822715,0.05831323,-0.013598254,-0.011542859,-0.03613424,0.018678794,-0.06165774,-0.017000943,0.043954354,-0.019726774,-0.06643145,-0.013774526,0.020375654,0.0024940225,0.019541277,-0.016565703,0.0042571174,0.0033393188,0.057720713,0.022842579,0.011311665,0.0028659482,0.035162516,-0.014571238,0.025360685,-0.0076648565,-0.0571388,-0.027735187,-0.0029487063,0.000104059975,-0.03106134,-0.009432711,0.0067378078,0.019575233,0.028193664,-0.007153931,0.012205922,-0.04074221,-0.017860124,-0.007226213,0.036893833,0.03058667,0.02419743,-0.0024175914,-0.038684513,-0.027662372,-0.0142757315,-0.031518716,0.036825158,0.025858764,-0.031246053,0.082069784,-0.025665477,-0.010273612,0.004418609,-0.0556993,-0.003153647,-0.02416784,0.049737837,0.024586285,0.088333845,0.06592588,0.043898597,0.0035641075,0.019000147,0.01892376,0.03174102,-0.01683573,0.09412878,0.13409573,0.04505061,-0.026251163,-0.018740943,0.016045632,-0.007440255,-0.07385162,0.032481324,-0.05807222,-0.01753373,0.01707584,0.015804153,0.06428495,0.06960155,0.010026354,-0.056166776,-0.031967297,-0.061470136,0.019718712,-0.015297654,0.07498545,-0.005519524,0.012290522,0.0019998308,-0.040429335,-0.059338506,-0.021394992,-0.033491924,-0.02561434,0.02833429,0.02296425,-0.020841233,-0.082852654]', '{"chunk_size": 500, "chunk_index": 0, "document_id": 10, "chunk_overlap": 50, "document_title": "场馆使用"}', 198, '2026-04-13 00:25:23.786207');


--
-- Data for Name: membership_card_type; Type: TABLE DATA; Schema: public; Owner: fitness_user
--

INSERT INTO public.membership_card_type (id, name, code, description, status, sort_order, created_at, updated_at) VALUES (1, '月卡', 'MONTHLY', '月度会员卡，享受30天会员权益', 'ACTIVE', 1, '2026-04-16 00:32:00.173353', '2026-04-16 00:32:00.173353');
INSERT INTO public.membership_card_type (id, name, code, description, status, sort_order, created_at, updated_at) VALUES (2, '季卡', 'QUARTERLY', '季度会员卡，享受90天会员权益，更优惠', 'ACTIVE', 2, '2026-04-16 00:32:00.173353', '2026-04-16 00:32:00.173353');
INSERT INTO public.membership_card_type (id, name, code, description, status, sort_order, created_at, updated_at) VALUES (3, '年卡', 'YEARLY', '年度会员卡，享受365天会员权益，最超值', 'ACTIVE', 3, '2026-04-16 00:32:00.173353', '2026-04-16 00:32:00.173353');
INSERT INTO public.membership_card_type (id, name, code, description, status, sort_order, created_at, updated_at) VALUES (4, '体验卡', 'TRIAL', '体验会员卡，限时体验会员权益', 'ACTIVE', 4, '2026-04-16 00:32:00.173353', '2026-04-16 00:32:00.173353');


--
-- Data for Name: membership_card; Type: TABLE DATA; Schema: public; Owner: fitness_user
--

INSERT INTO public.membership_card (id, type_id, name, subtitle, price, original_price, duration_days, points_reward, daily_price, status, is_recommend, sort_order, cover_image, created_at, updated_at, type_code) VALUES (5, 4, '7天体验卡', '新用户专享，限时体验', 9.90, 29.90, 7, 50, 1.41, 'ACTIVE', false, 5, NULL, '2026-04-16 00:32:00.173353', '2026-04-16 00:32:00.173353', 'TRIAL');
INSERT INTO public.membership_card (id, type_id, name, subtitle, price, original_price, duration_days, points_reward, daily_price, status, is_recommend, sort_order, cover_image, created_at, updated_at, type_code) VALUES (2, 1, '高级月卡', '月卡首选，性价比高', 149.00, 199.00, 30, 200, 4.97, 'ACTIVE', true, 2, NULL, '2026-04-16 00:32:00.173353', '2026-04-16 00:32:00.173353', 'MONTHLY');
INSERT INTO public.membership_card (id, type_id, name, subtitle, price, original_price, duration_days, points_reward, daily_price, status, is_recommend, sort_order, cover_image, created_at, updated_at, type_code) VALUES (3, 2, '季度会员卡', '买二送一，超值选择', 299.00, 447.00, 90, 500, 3.32, 'ACTIVE', false, 3, NULL, '2026-04-16 00:32:00.173353', '2026-04-16 00:32:00.173353', 'QUARTERLY');
INSERT INTO public.membership_card (id, type_id, name, subtitle, price, original_price, duration_days, points_reward, daily_price, status, is_recommend, sort_order, cover_image, created_at, updated_at, type_code) VALUES (4, 3, '年度会员卡', '年度最优惠，日均不到2元', 699.00, 1197.00, 365, 2000, 1.92, 'ACTIVE', true, 4, NULL, '2026-04-16 00:32:00.173353', '2026-04-16 00:32:00.173353', 'YEARLY');
INSERT INTO public.membership_card (id, type_id, name, subtitle, price, original_price, duration_days, points_reward, daily_price, status, is_recommend, sort_order, cover_image, created_at, updated_at, type_code) VALUES (9, 1, '性价比月卡', 'xxx', 129.00, 159.00, 30, 30, 4.30, 'ACTIVE', true, 0, NULL, NULL, NULL, 'MONTHLY');


--
-- Data for Name: membership_card_content; Type: TABLE DATA; Schema: public; Owner: fitness_user
--

INSERT INTO public.membership_card_content (id, card_id, content_type, title, description, icon, sort_order, created_at, updated_at) VALUES (13, 5, 'BENEFIT', '权益说明', '享受健身房所有器械使用权限；免费参与基础团课', NULL, 1, '2026-04-16 00:32:00.173353', '2026-04-16 00:32:00.173353');
INSERT INTO public.membership_card_content (id, card_id, content_type, title, description, icon, sort_order, created_at, updated_at) VALUES (14, 5, 'RULE', '使用规则', '开卡后7天内有效；每日限一次入场；限新用户首次购买', NULL, 2, '2026-04-16 00:32:00.173353', '2026-04-16 00:32:00.173353');
INSERT INTO public.membership_card_content (id, card_id, content_type, title, description, icon, sort_order, created_at, updated_at) VALUES (15, 5, 'PRIVILEGE', '专属特权', '公共储物柜；免费饮用水', NULL, 3, '2026-04-16 00:32:00.173353', '2026-04-16 00:32:00.173353');
INSERT INTO public.membership_card_content (id, card_id, content_type, title, description, icon, sort_order, created_at, updated_at) VALUES (19, 2, 'BENEFIT', '器械区 + 团课区全时段使用', '', '✓', 2, NULL, NULL);
INSERT INTO public.membership_card_content (id, card_id, content_type, title, description, icon, sort_order, created_at, updated_at) VALUES (24, 2, 'BENEFIT', '每月 1 节私教体验课', '', '✓', 2, NULL, NULL);
INSERT INTO public.membership_card_content (id, card_id, content_type, title, description, icon, sort_order, created_at, updated_at) VALUES (26, 3, 'BENEFIT', '免费洗浴', '', '✓', 0, NULL, NULL);
INSERT INTO public.membership_card_content (id, card_id, content_type, title, description, icon, sort_order, created_at, updated_at) VALUES (27, 3, 'BENEFIT', ' 全场地 + 全团课不限次', '', '✓', 1, NULL, NULL);
INSERT INTO public.membership_card_content (id, card_id, content_type, title, description, icon, sort_order, created_at, updated_at) VALUES (28, 3, 'BENEFIT', '季度 1 次体成分分析', '', '✓', 2, NULL, NULL);
INSERT INTO public.membership_card_content (id, card_id, content_type, title, description, icon, sort_order, created_at, updated_at) VALUES (29, 3, 'BENEFIT', '免费补卡 / 暂停服务 1 次', '', '✓', 3, NULL, NULL);
INSERT INTO public.membership_card_content (id, card_id, content_type, title, description, icon, sort_order, created_at, updated_at) VALUES (20, 4, 'BENEFIT', '免费洗浴', '', '✓', 0, NULL, NULL);
INSERT INTO public.membership_card_content (id, card_id, content_type, title, description, icon, sort_order, created_at, updated_at) VALUES (21, 4, 'BENEFIT', '全场地 + 全团课 + 私教体验课（每月 1 节）', '', '✓', 1, NULL, NULL);
INSERT INTO public.membership_card_content (id, card_id, content_type, title, description, icon, sort_order, created_at, updated_at) VALUES (22, 4, 'BENEFIT', '季度体测 + 年度训练方案', '', '✓', 2, NULL, NULL);
INSERT INTO public.membership_card_content (id, card_id, content_type, title, description, icon, sort_order, created_at, updated_at) VALUES (23, 4, 'BENEFIT', '场馆活动优先参与权', '', '✓', 3, NULL, NULL);
INSERT INTO public.membership_card_content (id, card_id, content_type, title, description, icon, sort_order, created_at, updated_at) VALUES (30, 4, 'BENEFIT', '免费装备寄存服务', '', '✓', 4, NULL, NULL);
INSERT INTO public.membership_card_content (id, card_id, content_type, title, description, icon, sort_order, created_at, updated_at) VALUES (16, 9, 'BENEFIT', '免费洗浴', '全天可用', '✓', 0, NULL, NULL);
INSERT INTO public.membership_card_content (id, card_id, content_type, title, description, icon, sort_order, created_at, updated_at) VALUES (25, 9, 'BENEFIT', '器械区全时段使用', '', '✓', 1, NULL, NULL);
INSERT INTO public.membership_card_content (id, card_id, content_type, title, description, icon, sort_order, created_at, updated_at) VALUES (18, 2, 'BENEFIT', '免费洗浴', '', '✓', 1, NULL, NULL);


--
-- Data for Name: membership_order_ext; Type: TABLE DATA; Schema: public; Owner: fitness_user
--

INSERT INTO public.membership_order_ext (id, order_id, card_id, card_name, expire_time) VALUES (1, 1, 9, '性价比月卡', NULL);
INSERT INTO public.membership_order_ext (id, order_id, card_id, card_name, expire_time) VALUES (2, 2, 9, '性价比月卡', '2026-06-26 18:59:19.473654');
INSERT INTO public.membership_order_ext (id, order_id, card_id, card_name, expire_time) VALUES (3, 3, 4, '年度会员卡', '2027-04-16 02:54:57.932685');
INSERT INTO public.membership_order_ext (id, order_id, card_id, card_name, expire_time) VALUES (4, 4, 9, '性价比月卡', '2026-05-16 02:58:36.572402');
INSERT INTO public.membership_order_ext (id, order_id, card_id, card_name, expire_time) VALUES (5, 5, 3, '季度会员卡', NULL);
INSERT INTO public.membership_order_ext (id, order_id, card_id, card_name, expire_time) VALUES (6, 6, 3, '季度会员卡', '2026-08-25 14:43:02.578249');
INSERT INTO public.membership_order_ext (id, order_id, card_id, card_name, expire_time) VALUES (7, 7, 2, '高级月卡', NULL);
INSERT INTO public.membership_order_ext (id, order_id, card_id, card_name, expire_time) VALUES (8, 8, 3, '季度会员卡', NULL);
INSERT INTO public.membership_order_ext (id, order_id, card_id, card_name, expire_time) VALUES (9, 9, 3, '季度会员卡', NULL);
INSERT INTO public.membership_order_ext (id, order_id, card_id, card_name, expire_time) VALUES (10, 10, 3, '季度会员卡', NULL);
INSERT INTO public.membership_order_ext (id, order_id, card_id, card_name, expire_time) VALUES (11, 11, 2, '高级月卡', NULL);
INSERT INTO public.membership_order_ext (id, order_id, card_id, card_name, expire_time) VALUES (12, 38, 9, '性价比月卡', NULL);
INSERT INTO public.membership_order_ext (id, order_id, card_id, card_name, expire_time) VALUES (13, 39, 2, '高级月卡', NULL);
INSERT INTO public.membership_order_ext (id, order_id, card_id, card_name, expire_time) VALUES (14, 41, 9, '性价比月卡', NULL);
INSERT INTO public.membership_order_ext (id, order_id, card_id, card_name, expire_time) VALUES (15, 45, 2, '高级月卡', NULL);
INSERT INTO public.membership_order_ext (id, order_id, card_id, card_name, expire_time) VALUES (16, 46, 9, '性价比月卡', NULL);
INSERT INTO public.membership_order_ext (id, order_id, card_id, card_name, expire_time) VALUES (17, 47, 2, '高级月卡', NULL);
INSERT INTO public.membership_order_ext (id, order_id, card_id, card_name, expire_time) VALUES (18, 48, 2, '高级月卡', NULL);
INSERT INTO public.membership_order_ext (id, order_id, card_id, card_name, expire_time) VALUES (19, 52, 9, '性价比月卡', NULL);
INSERT INTO public.membership_order_ext (id, order_id, card_id, card_name, expire_time) VALUES (20, 53, 9, '性价比月卡', NULL);
INSERT INTO public.membership_order_ext (id, order_id, card_id, card_name, expire_time) VALUES (21, 54, 9, '性价比月卡', NULL);
INSERT INTO public.membership_order_ext (id, order_id, card_id, card_name, expire_time) VALUES (22, 55, 9, '性价比月卡', NULL);
INSERT INTO public.membership_order_ext (id, order_id, card_id, card_name, expire_time) VALUES (23, 56, 9, '性价比月卡', '2026-06-28 00:51:46.729263');
INSERT INTO public.membership_order_ext (id, order_id, card_id, card_name, expire_time) VALUES (24, 58, 9, '性价比月卡', NULL);
INSERT INTO public.membership_order_ext (id, order_id, card_id, card_name, expire_time) VALUES (25, 62, 9, '性价比月卡', NULL);
INSERT INTO public.membership_order_ext (id, order_id, card_id, card_name, expire_time) VALUES (26, 63, 9, '性价比月卡', '2026-06-28 01:08:07.169868');
INSERT INTO public.membership_order_ext (id, order_id, card_id, card_name, expire_time) VALUES (27, 70, 9, '性价比月卡', '2026-06-28 01:19:44.935658');
INSERT INTO public.membership_order_ext (id, order_id, card_id, card_name, expire_time) VALUES (28, 81, 9, '性价比月卡', '2026-06-28 02:32:06.602405');
INSERT INTO public.membership_order_ext (id, order_id, card_id, card_name, expire_time) VALUES (29, 90, 2, '高级月卡', NULL);
INSERT INTO public.membership_order_ext (id, order_id, card_id, card_name, expire_time) VALUES (30, 91, 2, '高级月卡', NULL);


--
-- Data for Name: membership_order_old; Type: TABLE DATA; Schema: public; Owner: fitness_user
--

INSERT INTO public.membership_order_old (id, order_no, user_id, card_id, card_name, price, pay_amount, pay_method, pay_time, status, expire_time, alipay_trade_no, remark, create_time, update_time, deleted) VALUES (37, 'MS20260527351742', 25, 9, '性价比月卡', 129.00, 129.00, NULL, NULL, 'TIMEOUT', NULL, NULL, '购买性价比月卡', '2026-05-27 18:09:09.800489', '2026-05-27 18:09:09.800489', false);
INSERT INTO public.membership_order_old (id, order_no, user_id, card_id, card_name, price, pay_amount, pay_method, pay_time, status, expire_time, alipay_trade_no, remark, create_time, update_time, deleted) VALUES (38, 'MS20260527150417', 44, 9, '性价比月卡', 129.00, 129.00, 'ALIPAY', '2026-05-27 18:59:19.470627', 'PAID', '2026-06-26 18:59:19.473654', NULL, '购买性价比月卡', '2026-05-27 18:56:53.700509', '2026-05-27 18:56:53.700509', false);
INSERT INTO public.membership_order_old (id, order_no, user_id, card_id, card_name, price, pay_amount, pay_method, pay_time, status, expire_time, alipay_trade_no, remark, create_time, update_time, deleted) VALUES (14, 'MS20260416191055', 25, 4, '年度会员卡', 699.00, 699.00, 'ALIPAY', '2026-04-16 02:54:57.929112', 'PAID', '2027-04-16 02:54:57.932685', '2026041622001429210508057385', '购买年度会员卡', '2026-04-16 02:54:26.870682', '2026-04-16 02:54:26.872714', false);
INSERT INTO public.membership_order_old (id, order_no, user_id, card_id, card_name, price, pay_amount, pay_method, pay_time, status, expire_time, alipay_trade_no, remark, create_time, update_time, deleted) VALUES (15, 'MS20260416731154', 25, 9, '性价比月卡', 119.00, 119.00, 'ALIPAY', '2026-04-16 02:58:36.569866', 'PAID', '2026-05-16 02:58:36.572402', '2026041622001429210508062553', '购买性价比月卡', '2026-04-16 02:58:08.209834', '2026-04-16 02:58:08.209834', false);
INSERT INTO public.membership_order_old (id, order_no, user_id, card_id, card_name, price, pay_amount, pay_method, pay_time, status, expire_time, alipay_trade_no, remark, create_time, update_time, deleted) VALUES (31, 'MS20260527003215', 43, 3, '季度会员卡', 299.00, 299.00, NULL, NULL, 'CANCELLED', NULL, NULL, '购买季度会员卡', '2026-05-27 14:38:03.050304', '2026-05-27 14:38:03.050304', false);
INSERT INTO public.membership_order_old (id, order_no, user_id, card_id, card_name, price, pay_amount, pay_method, pay_time, status, expire_time, alipay_trade_no, remark, create_time, update_time, deleted) VALUES (30, 'MS20260527163392', 43, 3, '季度会员卡', 299.00, 299.00, 'ALIPAY', '2026-05-27 14:43:02.575562', 'ACTIVATED', '2026-08-25 14:43:02.578249', NULL, '购买季度会员卡', '2026-05-27 14:34:06.947018', '2026-05-27 14:34:06.947018', false);
INSERT INTO public.membership_order_old (id, order_no, user_id, card_id, card_name, price, pay_amount, pay_method, pay_time, status, expire_time, alipay_trade_no, remark, create_time, update_time, deleted) VALUES (32, 'MS20260527445957', 43, 2, '高级月卡', 149.00, 149.00, NULL, NULL, 'TIMEOUT', NULL, NULL, '购买高级月卡', '2026-05-27 14:44:46.665766', '2026-05-27 14:44:46.665766', false);
INSERT INTO public.membership_order_old (id, order_no, user_id, card_id, card_name, price, pay_amount, pay_method, pay_time, status, expire_time, alipay_trade_no, remark, create_time, update_time, deleted) VALUES (33, 'MS20260527399495', 43, 3, '季度会员卡', 299.00, 299.00, NULL, NULL, 'TIMEOUT', NULL, NULL, '购买季度会员卡', '2026-05-27 14:46:01.447312', '2026-05-27 14:46:01.447312', false);
INSERT INTO public.membership_order_old (id, order_no, user_id, card_id, card_name, price, pay_amount, pay_method, pay_time, status, expire_time, alipay_trade_no, remark, create_time, update_time, deleted) VALUES (34, 'MS20260527573895', 43, 3, '季度会员卡', 299.00, 299.00, NULL, NULL, 'TIMEOUT', NULL, NULL, '购买季度会员卡', '2026-05-27 14:52:46.196118', '2026-05-27 14:52:46.196118', false);
INSERT INTO public.membership_order_old (id, order_no, user_id, card_id, card_name, price, pay_amount, pay_method, pay_time, status, expire_time, alipay_trade_no, remark, create_time, update_time, deleted) VALUES (35, 'MS20260527902352', 43, 3, '季度会员卡', 299.00, 299.00, NULL, NULL, 'TIMEOUT', NULL, NULL, '购买季度会员卡', '2026-05-27 14:53:16.382213', '2026-05-27 14:53:16.382213', false);
INSERT INTO public.membership_order_old (id, order_no, user_id, card_id, card_name, price, pay_amount, pay_method, pay_time, status, expire_time, alipay_trade_no, remark, create_time, update_time, deleted) VALUES (36, 'MS20260527080178', 25, 2, '高级月卡', 149.00, 149.00, NULL, NULL, 'TIMEOUT', NULL, NULL, '购买高级月卡', '2026-05-27 15:12:30.701636', '2026-05-27 15:12:30.701636', false);


--
-- Data for Name: product; Type: TABLE DATA; Schema: public; Owner: fitness_user
--

INSERT INTO public.product (id, name, code, category, image_url, description, original_price, points_discount_type, points_discount_value, max_points_discount, stock, sales, status, is_hot, is_new, is_recommend, sort_order, create_time, update_time) VALUES (5, '健身背包', 'YP-003', 'SUPPLEMENT', 'http://localhost:9000/fitness-bucket/images/8635611c-07a4-4823-b07a-7a475d566f41.jpg', '干湿分离大容量，多隔层设计，空间分区清晰，容量充足，便于高效收纳与管理。', 90.00, 'FIXED', 25.00, 25.00, 119, 68, 'ACTIVE', false, true, false, 6, '2026-03-28 01:29:45.357833', '2026-03-28 01:29:45.357833');
INSERT INTO public.product (id, name, code, category, image_url, description, original_price, points_discount_type, points_discount_value, max_points_discount, stock, sales, status, is_hot, is_new, is_recommend, sort_order, create_time, update_time) VALUES (7, '月卡抵扣券 ¥50', 'CK-002', 'COURSE', NULL, '购买月卡立减 50 元', 50.00, 'NONE', 0.00, 0.00, 100, 89, 'INACTIVE', false, true, true, 4, '2026-03-28 01:29:45.357833', '2026-03-28 01:29:45.357833');
INSERT INTO public.product (id, name, code, category, image_url, description, original_price, points_discount_type, points_discount_value, max_points_discount, stock, sales, status, is_hot, is_new, is_recommend, sort_order, create_time, update_time) VALUES (3, '专业瑜伽垫', 'YP-002', 'EQUIPMENT', 'http://localhost:9000/fitness-bucket/images/0f6c0973-44e7-47f4-9db8-4f5894f9ff26.jpg', '防滑加厚环保材质，舒适耐用', 128.00, 'FIXED', 30.00, 30.00, 197, 48, 'ACTIVE', true, true, true, 8, '2026-03-28 01:29:45.357833', '2026-03-28 01:29:45.357833');
INSERT INTO public.product (id, name, code, category, image_url, description, original_price, points_discount_type, points_discount_value, max_points_discount, stock, sales, status, is_hot, is_new, is_recommend, sort_order, create_time, update_time) VALUES (4, '私教体验课 1 节', 'CK-001', 'COURSE', 'http://localhost:9000/fitness-bucket/images/22acdd54-671e-40b8-9662-2b167b6edd89.jpg', '一对一专业指导，定制训练计划', 299.00, 'FIXED', 50.00, 50.00, 38, 35, 'ACTIVE', true, false, true, 7, '2026-03-28 01:29:45.357833', '2026-03-28 01:29:45.357833');
INSERT INTO public.product (id, name, code, category, image_url, description, original_price, points_discount_type, points_discount_value, max_points_discount, stock, sales, status, is_hot, is_new, is_recommend, sort_order, create_time, update_time) VALUES (1, '运动水壶 750ml', 'YP-001', 'EQUIPMENT', 'http://localhost:9000/fitness-bucket/images/10966dd6-c198-4bcb-bbb6-a5880c7cea0c.jpg', '大容量防漏设计，专为健身房环境优化，便于设备维护与清洁。', 68.00, 'FIXED', 20.00, 20.00, 147, 98, 'ACTIVE', true, true, true, 10, '2026-03-28 01:29:45.357833', '2026-03-28 01:29:45.357833');
INSERT INTO public.product (id, name, code, category, image_url, description, original_price, points_discount_type, points_discount_value, max_points_discount, stock, sales, status, is_hot, is_new, is_recommend, sort_order, create_time, update_time) VALUES (6, '复合维生素 60 粒', 'SP-002', 'SUPPLEMENT', 'http://localhost:9000/fitness-bucket/images/dfa691ff-8706-48c4-89f5-eaba6e0c9d98.webp', '全面营养补充，每日一粒。', 128.00, 'FIXED', 15.00, 15.00, 93, 36, 'ACTIVE', false, true, false, 5, '2026-03-28 01:29:45.357833', '2026-03-28 01:29:45.357833');
INSERT INTO public.product (id, name, code, category, image_url, description, original_price, points_discount_type, points_discount_value, max_points_discount, stock, sales, status, is_hot, is_new, is_recommend, sort_order, create_time, update_time) VALUES (8, '健身手套', 'YP-004', 'EQUIPMENT', 'http://localhost:9000/fitness-bucket/images/ffe52435-8a14-4170-a637-31433c03c1bb.jpg', '透气防滑护掌，保护双手', 58.00, 'FIXED', 10.00, 10.00, 180, 234, 'ACTIVE', false, false, false, 3, '2026-03-28 01:29:45.357833', '2026-03-28 01:29:45.357833');
INSERT INTO public.product (id, name, code, category, image_url, description, original_price, points_discount_type, points_discount_value, max_points_discount, stock, sales, status, is_hot, is_new, is_recommend, sort_order, create_time, update_time) VALUES (2, '乳清蛋白粉 2 磅', 'SP-001', 'SUPPLEMENT', 'http://localhost:9000/fitness-bucket/images/88197c92-1f53-4a0f-a122-f6baf485dfa7.jpg', '高纯度乳清蛋白，快速补充蛋白质', 39.00, 'FIXED', 10.00, 39.80, 88, 156, 'ACTIVE', true, true, true, 5, '2026-03-28 01:29:45.357833', '2026-03-28 01:29:45.357833');


--
-- Data for Name: product_order_ext; Type: TABLE DATA; Schema: public; Owner: fitness_user
--

INSERT INTO public.product_order_ext (id, order_id, product_id, product_name, quantity, points_used, points_discount, tracking_no, carrier, address, pickup_type, pickup_code, pickup_status, pickup_time) VALUES (1, 12, 6, '复合维生素 60 粒', 1, 0, 0.00, NULL, NULL, '', 'IN_STORE', NULL, 'NOT_PICKED', NULL);
INSERT INTO public.product_order_ext (id, order_id, product_id, product_name, quantity, points_used, points_discount, tracking_no, carrier, address, pickup_type, pickup_code, pickup_status, pickup_time) VALUES (2, 13, 1, '运动水壶 750ml', 1, 100, 1.00, NULL, NULL, '', 'IN_STORE', 'U8V8QT', 'NOT_PICKED', NULL);
INSERT INTO public.product_order_ext (id, order_id, product_id, product_name, quantity, points_used, points_discount, tracking_no, carrier, address, pickup_type, pickup_code, pickup_status, pickup_time) VALUES (3, 14, 1, '运动水壶 750ml', 1, 300, 3.00, NULL, NULL, '', 'IN_STORE', 'NT6CH2', 'NOT_PICKED', NULL);
INSERT INTO public.product_order_ext (id, order_id, product_id, product_name, quantity, points_used, points_discount, tracking_no, carrier, address, pickup_type, pickup_code, pickup_status, pickup_time) VALUES (4, 15, 3, '专业瑜伽垫', 1, 0, 0.00, NULL, NULL, '', 'IN_STORE', 'C8788L', 'NOT_PICKED', NULL);
INSERT INTO public.product_order_ext (id, order_id, product_id, product_name, quantity, points_used, points_discount, tracking_no, carrier, address, pickup_type, pickup_code, pickup_status, pickup_time) VALUES (5, 16, 3, '专业瑜伽垫', 1, 0, 0.00, NULL, NULL, '', 'IN_STORE', 'LS5W3Z', 'NOT_PICKED', NULL);
INSERT INTO public.product_order_ext (id, order_id, product_id, product_name, quantity, points_used, points_discount, tracking_no, carrier, address, pickup_type, pickup_code, pickup_status, pickup_time) VALUES (6, 17, 3, '专业瑜伽垫', 1, 0, 0.00, NULL, NULL, '', 'IN_STORE', '5J7LNA', 'NOT_PICKED', NULL);
INSERT INTO public.product_order_ext (id, order_id, product_id, product_name, quantity, points_used, points_discount, tracking_no, carrier, address, pickup_type, pickup_code, pickup_status, pickup_time) VALUES (7, 18, 2, '乳清蛋白粉 2 磅', 1, 200, 2.00, NULL, NULL, '', 'IN_STORE', 'Y3SM7Q', 'NOT_PICKED', NULL);
INSERT INTO public.product_order_ext (id, order_id, product_id, product_name, quantity, points_used, points_discount, tracking_no, carrier, address, pickup_type, pickup_code, pickup_status, pickup_time) VALUES (8, 19, 3, '专业瑜伽垫', 1, 300, 3.00, NULL, NULL, '', 'IN_STORE', 'EXLJCK', 'NOT_PICKED', NULL);
INSERT INTO public.product_order_ext (id, order_id, product_id, product_name, quantity, points_used, points_discount, tracking_no, carrier, address, pickup_type, pickup_code, pickup_status, pickup_time) VALUES (9, 20, 2, '乳清蛋白粉 2 磅', 1, 0, 0.00, NULL, NULL, '', 'IN_STORE', 'R56266', 'NOT_PICKED', NULL);
INSERT INTO public.product_order_ext (id, order_id, product_id, product_name, quantity, points_used, points_discount, tracking_no, carrier, address, pickup_type, pickup_code, pickup_status, pickup_time) VALUES (10, 21, 1, '运动水壶 750ml', 1, 300, 3.00, NULL, NULL, '', 'IN_STORE', 'SAYRLC', 'NOT_PICKED', NULL);
INSERT INTO public.product_order_ext (id, order_id, product_id, product_name, quantity, points_used, points_discount, tracking_no, carrier, address, pickup_type, pickup_code, pickup_status, pickup_time) VALUES (11, 22, 3, '专业瑜伽垫', 1, 0, 0.00, NULL, NULL, '', 'IN_STORE', '4MVG7Z', 'NOT_PICKED', NULL);
INSERT INTO public.product_order_ext (id, order_id, product_id, product_name, quantity, points_used, points_discount, tracking_no, carrier, address, pickup_type, pickup_code, pickup_status, pickup_time) VALUES (12, 23, 3, '专业瑜伽垫', 1, 0, 0.00, NULL, NULL, '', 'IN_STORE', 'HSS3E2', 'NOT_PICKED', NULL);
INSERT INTO public.product_order_ext (id, order_id, product_id, product_name, quantity, points_used, points_discount, tracking_no, carrier, address, pickup_type, pickup_code, pickup_status, pickup_time) VALUES (13, 36, 2, '乳清蛋白粉 2 磅', 1, 0, 0.00, NULL, NULL, NULL, 'IN_STORE', NULL, 'NOT_PICKED', NULL);
INSERT INTO public.product_order_ext (id, order_id, product_id, product_name, quantity, points_used, points_discount, tracking_no, carrier, address, pickup_type, pickup_code, pickup_status, pickup_time) VALUES (14, 37, 2, '乳清蛋白粉 2 磅', 1, 0, 0.00, NULL, NULL, NULL, 'IN_STORE', NULL, 'NOT_PICKED', NULL);
INSERT INTO public.product_order_ext (id, order_id, product_id, product_name, quantity, points_used, points_discount, tracking_no, carrier, address, pickup_type, pickup_code, pickup_status, pickup_time) VALUES (15, 40, 3, '专业瑜伽垫', 1, 0, 0.00, NULL, NULL, NULL, 'IN_STORE', NULL, 'NOT_PICKED', NULL);
INSERT INTO public.product_order_ext (id, order_id, product_id, product_name, quantity, points_used, points_discount, tracking_no, carrier, address, pickup_type, pickup_code, pickup_status, pickup_time) VALUES (16, 42, 2, '乳清蛋白粉 2 磅', 1, 0, 0.00, NULL, NULL, NULL, 'IN_STORE', NULL, 'NOT_PICKED', NULL);
INSERT INTO public.product_order_ext (id, order_id, product_id, product_name, quantity, points_used, points_discount, tracking_no, carrier, address, pickup_type, pickup_code, pickup_status, pickup_time) VALUES (17, 43, 1, '运动水壶 750ml', 1, 0, 0.00, NULL, NULL, NULL, 'IN_STORE', NULL, 'NOT_PICKED', NULL);
INSERT INTO public.product_order_ext (id, order_id, product_id, product_name, quantity, points_used, points_discount, tracking_no, carrier, address, pickup_type, pickup_code, pickup_status, pickup_time) VALUES (18, 44, 4, '私教体验课 1 节', 1, 0, 0.00, NULL, NULL, NULL, 'IN_STORE', NULL, 'NOT_PICKED', NULL);
INSERT INTO public.product_order_ext (id, order_id, product_id, product_name, quantity, points_used, points_discount, tracking_no, carrier, address, pickup_type, pickup_code, pickup_status, pickup_time) VALUES (19, 51, 1, '运动水壶 750ml', 1, 0, 0.00, NULL, NULL, NULL, 'IN_STORE', NULL, 'NOT_PICKED', NULL);
INSERT INTO public.product_order_ext (id, order_id, product_id, product_name, quantity, points_used, points_discount, tracking_no, carrier, address, pickup_type, pickup_code, pickup_status, pickup_time) VALUES (20, 57, 3, '专业瑜伽垫', 1, 0, 0.00, NULL, NULL, NULL, 'IN_STORE', NULL, 'NOT_PICKED', NULL);
INSERT INTO public.product_order_ext (id, order_id, product_id, product_name, quantity, points_used, points_discount, tracking_no, carrier, address, pickup_type, pickup_code, pickup_status, pickup_time) VALUES (21, 59, 4, '私教体验课 1 节', 18, 0, 0.00, NULL, NULL, NULL, 'IN_STORE', NULL, 'NOT_PICKED', NULL);
INSERT INTO public.product_order_ext (id, order_id, product_id, product_name, quantity, points_used, points_discount, tracking_no, carrier, address, pickup_type, pickup_code, pickup_status, pickup_time) VALUES (22, 60, 4, '私教体验课 1 节', 10, 0, 0.00, NULL, NULL, NULL, 'IN_STORE', NULL, 'NOT_PICKED', NULL);
INSERT INTO public.product_order_ext (id, order_id, product_id, product_name, quantity, points_used, points_discount, tracking_no, carrier, address, pickup_type, pickup_code, pickup_status, pickup_time) VALUES (23, 66, 4, '私教体验课 1 节', 1, 0, 0.00, NULL, NULL, NULL, 'IN_STORE', NULL, 'NOT_PICKED', NULL);
INSERT INTO public.product_order_ext (id, order_id, product_id, product_name, quantity, points_used, points_discount, tracking_no, carrier, address, pickup_type, pickup_code, pickup_status, pickup_time) VALUES (24, 82, 1, '运动水壶 750ml', 2, 0, 0.00, NULL, NULL, NULL, 'IN_STORE', NULL, 'NOT_PICKED', NULL);
INSERT INTO public.product_order_ext (id, order_id, product_id, product_name, quantity, points_used, points_discount, tracking_no, carrier, address, pickup_type, pickup_code, pickup_status, pickup_time) VALUES (25, 83, 3, '专业瑜伽垫', 1, 0, 0.00, NULL, NULL, NULL, 'IN_STORE', NULL, 'NOT_PICKED', NULL);
INSERT INTO public.product_order_ext (id, order_id, product_id, product_name, quantity, points_used, points_discount, tracking_no, carrier, address, pickup_type, pickup_code, pickup_status, pickup_time) VALUES (26, 84, 1, '运动水壶 750ml', 1, 0, 0.00, NULL, NULL, NULL, 'IN_STORE', NULL, 'NOT_PICKED', NULL);
INSERT INTO public.product_order_ext (id, order_id, product_id, product_name, quantity, points_used, points_discount, tracking_no, carrier, address, pickup_type, pickup_code, pickup_status, pickup_time) VALUES (27, 85, 1, '运动水壶 750ml', 1, 0, 0.00, NULL, NULL, NULL, 'IN_STORE', 'MA8FJC', 'NOT_PICKED', NULL);
INSERT INTO public.product_order_ext (id, order_id, product_id, product_name, quantity, points_used, points_discount, tracking_no, carrier, address, pickup_type, pickup_code, pickup_status, pickup_time) VALUES (28, 92, 1, '运动水壶 750ml', 1, 0, 0.00, NULL, NULL, NULL, 'IN_STORE', 'HN29UH', 'NOT_PICKED', NULL);


--
-- Data for Name: product_order_old; Type: TABLE DATA; Schema: public; Owner: fitness_user
--

INSERT INTO public.product_order_old (id, order_no, user_id, product_id, product_name, quantity, original_price, points_used, points_discount, final_price, pay_amount, pay_method, pay_time, status, tracking_no, carrier, address, remark, create_time, update_time, pickup_code, pickup_status, pickup_time, expire_time, alipay_trade_no, pickup_type) VALUES (13, 'PO202605275171', 25, 6, '复合维生素 60 粒', 1, 128.00, 0, 0.00, 128.00, 128.00, NULL, NULL, 'PENDING', NULL, NULL, '', NULL, NULL, NULL, NULL, 'NOT_PICKED', NULL, NULL, NULL, 'IN_STORE');
INSERT INTO public.product_order_old (id, order_no, user_id, product_id, product_name, quantity, original_price, points_used, points_discount, final_price, pay_amount, pay_method, pay_time, status, tracking_no, carrier, address, remark, create_time, update_time, pickup_code, pickup_status, pickup_time, expire_time, alipay_trade_no, pickup_type) VALUES (14, 'PO202605270885', 25, 1, '运动水壶 750ml', 1, 68.00, 100, 1.00, 67.00, 67.00, NULL, NULL, 'TIMEOUT', NULL, NULL, '', NULL, NULL, NULL, 'U8V8QT', 'NOT_PICKED', NULL, '2026-05-27 21:12:33.849899', NULL, 'IN_STORE');
INSERT INTO public.product_order_old (id, order_no, user_id, product_id, product_name, quantity, original_price, points_used, points_discount, final_price, pay_amount, pay_method, pay_time, status, tracking_no, carrier, address, remark, create_time, update_time, pickup_code, pickup_status, pickup_time, expire_time, alipay_trade_no, pickup_type) VALUES (15, 'PO202605276072', 25, 1, '运动水壶 750ml', 1, 68.00, 300, 3.00, 65.00, 65.00, NULL, NULL, 'TIMEOUT', NULL, NULL, '', NULL, NULL, NULL, 'NT6CH2', 'NOT_PICKED', NULL, '2026-05-27 21:13:58.824939', NULL, 'IN_STORE');
INSERT INTO public.product_order_old (id, order_no, user_id, product_id, product_name, quantity, original_price, points_used, points_discount, final_price, pay_amount, pay_method, pay_time, status, tracking_no, carrier, address, remark, create_time, update_time, pickup_code, pickup_status, pickup_time, expire_time, alipay_trade_no, pickup_type) VALUES (16, 'PO202605278018', 25, 3, '专业瑜伽垫', 1, 128.00, 0, 0.00, 128.00, 128.00, NULL, NULL, 'TIMEOUT', NULL, NULL, '', NULL, NULL, NULL, 'C8788L', 'NOT_PICKED', NULL, '2026-05-27 21:16:20.50026', NULL, 'IN_STORE');
INSERT INTO public.product_order_old (id, order_no, user_id, product_id, product_name, quantity, original_price, points_used, points_discount, final_price, pay_amount, pay_method, pay_time, status, tracking_no, carrier, address, remark, create_time, update_time, pickup_code, pickup_status, pickup_time, expire_time, alipay_trade_no, pickup_type) VALUES (17, 'PO202605274042', 25, 3, '专业瑜伽垫', 1, 128.00, 0, 0.00, 128.00, 128.00, NULL, NULL, 'TIMEOUT', NULL, NULL, '', NULL, NULL, NULL, 'LS5W3Z', 'NOT_PICKED', NULL, '2026-05-27 21:17:04.91664', NULL, 'IN_STORE');
INSERT INTO public.product_order_old (id, order_no, user_id, product_id, product_name, quantity, original_price, points_used, points_discount, final_price, pay_amount, pay_method, pay_time, status, tracking_no, carrier, address, remark, create_time, update_time, pickup_code, pickup_status, pickup_time, expire_time, alipay_trade_no, pickup_type) VALUES (18, 'PO202605276614', 25, 3, '专业瑜伽垫', 1, 128.00, 0, 0.00, 128.00, 128.00, NULL, NULL, 'TIMEOUT', NULL, NULL, '', NULL, NULL, NULL, '5J7LNA', 'NOT_PICKED', NULL, '2026-05-27 21:17:15.107633', NULL, 'IN_STORE');
INSERT INTO public.product_order_old (id, order_no, user_id, product_id, product_name, quantity, original_price, points_used, points_discount, final_price, pay_amount, pay_method, pay_time, status, tracking_no, carrier, address, remark, create_time, update_time, pickup_code, pickup_status, pickup_time, expire_time, alipay_trade_no, pickup_type) VALUES (19, 'PO202605272846', 25, 2, '乳清蛋白粉 2 磅', 1, 39.00, 200, 2.00, 37.00, 37.00, NULL, NULL, 'TIMEOUT', NULL, NULL, '', NULL, NULL, NULL, 'Y3SM7Q', 'NOT_PICKED', NULL, '2026-05-27 21:28:09.080537', NULL, 'IN_STORE');
INSERT INTO public.product_order_old (id, order_no, user_id, product_id, product_name, quantity, original_price, points_used, points_discount, final_price, pay_amount, pay_method, pay_time, status, tracking_no, carrier, address, remark, create_time, update_time, pickup_code, pickup_status, pickup_time, expire_time, alipay_trade_no, pickup_type) VALUES (20, 'PO202605271431', 25, 3, '专业瑜伽垫', 1, 128.00, 300, 3.00, 125.00, 125.00, NULL, NULL, 'TIMEOUT', NULL, NULL, '', NULL, NULL, NULL, 'EXLJCK', 'NOT_PICKED', NULL, '2026-05-27 21:29:25.612779', NULL, 'IN_STORE');
INSERT INTO public.product_order_old (id, order_no, user_id, product_id, product_name, quantity, original_price, points_used, points_discount, final_price, pay_amount, pay_method, pay_time, status, tracking_no, carrier, address, remark, create_time, update_time, pickup_code, pickup_status, pickup_time, expire_time, alipay_trade_no, pickup_type) VALUES (21, 'PO202605276063', 25, 2, '乳清蛋白粉 2 磅', 1, 39.00, 0, 0.00, 39.00, 39.00, NULL, NULL, 'TIMEOUT', NULL, NULL, '', NULL, NULL, NULL, 'R56266', 'NOT_PICKED', NULL, '2026-05-27 21:29:36.461937', NULL, 'IN_STORE');
INSERT INTO public.product_order_old (id, order_no, user_id, product_id, product_name, quantity, original_price, points_used, points_discount, final_price, pay_amount, pay_method, pay_time, status, tracking_no, carrier, address, remark, create_time, update_time, pickup_code, pickup_status, pickup_time, expire_time, alipay_trade_no, pickup_type) VALUES (22, 'PO202605278727', 25, 1, '运动水壶 750ml', 1, 68.00, 300, 3.00, 65.00, 65.00, NULL, NULL, 'TIMEOUT', NULL, NULL, '', NULL, NULL, NULL, 'SAYRLC', 'NOT_PICKED', NULL, '2026-05-27 23:14:04.109235', NULL, 'IN_STORE');
INSERT INTO public.product_order_old (id, order_no, user_id, product_id, product_name, quantity, original_price, points_used, points_discount, final_price, pay_amount, pay_method, pay_time, status, tracking_no, carrier, address, remark, create_time, update_time, pickup_code, pickup_status, pickup_time, expire_time, alipay_trade_no, pickup_type) VALUES (23, 'PO202605270090', 25, 3, '专业瑜伽垫', 1, 128.00, 0, 0.00, 128.00, 128.00, NULL, NULL, 'TIMEOUT', NULL, NULL, '', NULL, NULL, NULL, '4MVG7Z', 'NOT_PICKED', NULL, '2026-05-27 23:14:44.449053', NULL, 'IN_STORE');
INSERT INTO public.product_order_old (id, order_no, user_id, product_id, product_name, quantity, original_price, points_used, points_discount, final_price, pay_amount, pay_method, pay_time, status, tracking_no, carrier, address, remark, create_time, update_time, pickup_code, pickup_status, pickup_time, expire_time, alipay_trade_no, pickup_type) VALUES (24, 'PO202605277543', 25, 3, '专业瑜伽垫', 1, 128.00, 0, 0.00, 128.00, 128.00, NULL, NULL, 'TIMEOUT', NULL, NULL, '', NULL, NULL, NULL, 'HSS3E2', 'NOT_PICKED', NULL, '2026-05-27 23:15:52.609971', NULL, 'IN_STORE');
INSERT INTO public.product_order_old (id, order_no, user_id, product_id, product_name, quantity, original_price, points_used, points_discount, final_price, pay_amount, pay_method, pay_time, status, tracking_no, carrier, address, remark, create_time, update_time, pickup_code, pickup_status, pickup_time, expire_time, alipay_trade_no, pickup_type) VALUES (25, 'PO202605278390', 37, 17, 'test002', 1, 120.00, 0, 0.00, 120.00, 120.00, NULL, NULL, 'TIMEOUT', NULL, NULL, NULL, NULL, NULL, NULL, 'B87F7Q', 'NOT_PICKED', NULL, '2026-05-27 23:29:40.367646', NULL, 'IN_STORE');
INSERT INTO public.product_order_old (id, order_no, user_id, product_id, product_name, quantity, original_price, points_used, points_discount, final_price, pay_amount, pay_method, pay_time, status, tracking_no, carrier, address, remark, create_time, update_time, pickup_code, pickup_status, pickup_time, expire_time, alipay_trade_no, pickup_type) VALUES (26, 'PO202605272946', 37, 17, 'test002', 1, 120.00, 0, 0.00, 120.00, 120.00, NULL, NULL, 'TIMEOUT', NULL, NULL, NULL, NULL, NULL, NULL, 'Q53YME', 'NOT_PICKED', NULL, '2026-05-27 23:29:47.99421', NULL, 'IN_STORE');
INSERT INTO public.product_order_old (id, order_no, user_id, product_id, product_name, quantity, original_price, points_used, points_discount, final_price, pay_amount, pay_method, pay_time, status, tracking_no, carrier, address, remark, create_time, update_time, pickup_code, pickup_status, pickup_time, expire_time, alipay_trade_no, pickup_type) VALUES (27, 'PO202605278012', 37, 17, 'test002', 1, 120.00, 0, 0.00, 120.00, 120.00, NULL, NULL, 'TIMEOUT', NULL, NULL, NULL, NULL, NULL, NULL, 'AAW5CW', 'NOT_PICKED', NULL, '2026-05-27 23:31:01.532078', NULL, 'IN_STORE');
INSERT INTO public.product_order_old (id, order_no, user_id, product_id, product_name, quantity, original_price, points_used, points_discount, final_price, pay_amount, pay_method, pay_time, status, tracking_no, carrier, address, remark, create_time, update_time, pickup_code, pickup_status, pickup_time, expire_time, alipay_trade_no, pickup_type) VALUES (28, 'PO202605274677', 37, 17, 'test002', 1, 120.00, 0, 0.00, 120.00, 120.00, NULL, NULL, 'TIMEOUT', NULL, NULL, NULL, NULL, NULL, NULL, 'LLEJJZ', 'NOT_PICKED', NULL, '2026-05-27 23:32:54.184975', NULL, 'IN_STORE');
INSERT INTO public.product_order_old (id, order_no, user_id, product_id, product_name, quantity, original_price, points_used, points_discount, final_price, pay_amount, pay_method, pay_time, status, tracking_no, carrier, address, remark, create_time, update_time, pickup_code, pickup_status, pickup_time, expire_time, alipay_trade_no, pickup_type) VALUES (29, 'PO202605282399', 45, 18, '单次体验', 1, 99.00, 0, 0.00, 99.00, 99.00, NULL, NULL, 'TIMEOUT', NULL, NULL, NULL, NULL, NULL, NULL, 'PGXU2L', 'NOT_PICKED', NULL, '2026-05-28 14:36:23.343847', NULL, 'IN_STORE');
INSERT INTO public.product_order_old (id, order_no, user_id, product_id, product_name, quantity, original_price, points_used, points_discount, final_price, pay_amount, pay_method, pay_time, status, tracking_no, carrier, address, remark, create_time, update_time, pickup_code, pickup_status, pickup_time, expire_time, alipay_trade_no, pickup_type) VALUES (30, 'PO202605286029', 45, 18, '单次体验', 1, 99.00, 0, 0.00, 99.00, 99.00, NULL, NULL, 'TIMEOUT', NULL, NULL, NULL, NULL, NULL, NULL, 'KT752M', 'NOT_PICKED', NULL, '2026-05-28 14:36:32.518389', NULL, 'IN_STORE');


--
-- Data for Name: sys_announcement; Type: TABLE DATA; Schema: public; Owner: fitness_user
--

INSERT INTO public.sys_announcement (id, title, content, type, status, view_count, publish_time, deleted, create_time, update_time) VALUES (1, '内容测试', '放假时间xxx-xxxx', 'SYSTEM', 0, 0, '2026-03-28 14:10:06.269343', false, '2026-03-28 14:10:05.2151', '2026-03-28 14:16:54.937894');
INSERT INTO public.sys_announcement (id, title, content, type, status, view_count, publish_time, deleted, create_time, update_time) VALUES (3, '春节营业时间调整通知', '尊敬的会员：春节期间（2025年1月28日-2月4日）营业时间调整为10:00-18:00，2月5日起恢复正常营业。祝您新春快乐，身体健康！', 'IMPORTANT', 1, 1256, '2025-01-15 10:00:00', false, '2025-01-15 09:00:00', '2025-01-15 10:00:00');
INSERT INTO public.sys_announcement (id, title, content, type, status, view_count, publish_time, deleted, create_time, update_time) VALUES (4, '新器械上线通知', '本月新增多台高端有氧器械，包括Technogym最新款跑步机、椭圆机等，现已全面投入使用，欢迎会员体验！', 'SYSTEM', 1, 892, '2025-01-10 14:30:00', false, '2025-01-10 14:00:00', '2025-01-10 14:30:00');
INSERT INTO public.sys_announcement (id, title, content, type, status, view_count, publish_time, deleted, create_time, update_time) VALUES (6, '会员积分兑换活动', '积分兑换商品8折优惠活动开始啦！即日起至3月31日，会员可使用积分兑换运动补剂、装备等商品，享受8折优惠，数量有限，先到先得！', 'ACTIVITY', 1, 567, '2025-03-20 09:00:00', false, '2025-03-20 08:00:00', '2025-03-20 09:00:00');
INSERT INTO public.sys_announcement (id, title, content, type, status, view_count, publish_time, deleted, create_time, update_time) VALUES (7, '春季减脂挑战赛', '春暖花开，正是减脂好时节！参加我们的21天减脂挑战赛，专业教练全程指导，更有丰厚奖品等你来拿！报名截止4月5日。', 'ACTIVITY', 1, 234, '2025-03-25 10:00:00', false, '2025-03-25 09:00:00', '2025-03-25 10:00:00');
INSERT INTO public.sys_announcement (id, title, content, type, status, view_count, publish_time, deleted, create_time, update_time) VALUES (9, '会员有效期顺延通知', '因门店设备维护升级（3月19日-3月23日暂停营业），所有会员有效期将自动顺延5天，给您带来不便敬请谅解。', 'IMPORTANT', 1, 1890, '2025-03-18 08:00:00', false, '2025-03-18 07:00:00', '2025-03-18 08:00:00');
INSERT INTO public.sys_announcement (id, title, content, type, status, view_count, publish_time, deleted, create_time, update_time) VALUES (10, '私教课程优惠活动', '限时优惠！购买私教课程满20节赠送2节，满30节赠送5节，活动仅限本月，详情请咨询前台或您的专属教练。', 'ACTIVITY', 1, 445, '2025-03-15 14:00:00', false, '2025-03-15 13:00:00', '2025-03-15 14:00:00');
INSERT INTO public.sys_announcement (id, title, content, type, status, view_count, publish_time, deleted, create_time, update_time) VALUES (2, '活动通知', '今天有xxxx活动，时间xxx-xxx', 'ACTIVITY', 0, 0, '2026-03-28 14:10:53.532877', false, '2026-03-28 14:10:53.535335', '2026-03-28 14:21:34.855678');
INSERT INTO public.sys_announcement (id, title, content, type, status, view_count, publish_time, deleted, create_time, update_time) VALUES (5, '系统维护通知', '为提供更优质的服务，我们将于本周日凌晨2:00-6:00进行系统维护，期间APP部分功能可能无法使用，请提前安排您的训练计划。', 'SYSTEM', 0, 0, NULL, true, '2025-03-28 16:00:00', '2026-04-02 18:13:20.926081');
INSERT INTO public.sys_announcement (id, title, content, type, status, view_count, publish_time, deleted, create_time, update_time) VALUES (8, '瑜伽课程升级', '我们的瑜伽课程全面升级，新增空中瑜伽、高温瑜伽等课程，由资深瑜伽导师授课，现已开放预约，欢迎体验！', 'ACTIVITY', 0, 0, NULL, true, '2025-03-28 15:00:00', '2026-04-02 18:13:23.279334');


--
-- Data for Name: sys_banner; Type: TABLE DATA; Schema: public; Owner: fitness_user
--

INSERT INTO public.sys_banner (id, title, subtitle, image_url, link, sort_order, status, deleted, create_time, update_time) VALUES (1, '测试轮播图', NULL, 'http://example.com/test.jpg', NULL, 1, 1, true, '2026-03-26 05:55:08.300343', '2026-03-26 16:17:16.471839');
INSERT INTO public.sys_banner (id, title, subtitle, image_url, link, sort_order, status, deleted, create_time, update_time) VALUES (10, '场景描述', '', 'http://localhost:9000/fitness-bucket/banner/555530c2-c081-4bdb-94a3-a447d0b913a5.jpg', '', 1, 1, false, '2026-03-26 16:04:47.180381', '2026-04-06 14:44:19.254838');
INSERT INTO public.sys_banner (id, title, subtitle, image_url, link, sort_order, status, deleted, create_time, update_time) VALUES (9, '场景描述', '', 'http://localhost:9000/fitness-bucket/banner/953b5740-f8e3-43eb-a612-171b4b5dbc89.jpg', '', 0, 1, false, '2026-03-26 15:39:16.204544', '2026-04-12 20:21:30.032322');
INSERT INTO public.sys_banner (id, title, subtitle, image_url, link, sort_order, status, deleted, create_time, update_time) VALUES (13, '健身教练招聘', '加入我们', 'http://localhost:9000/fitness-bucket/banner/73a39f7c-718b-4ca0-ad19-af8ab296fab0.png', '', 5, 1, true, '2026-04-12 20:21:01.203276', '2026-04-12 20:21:19.604539');
INSERT INTO public.sys_banner (id, title, subtitle, image_url, link, sort_order, status, deleted, create_time, update_time) VALUES (12, '活动', '加入我们！', 'http://localhost:9000/fitness-bucket/banner/8db3e2b5-5a55-46d7-97ec-7eb48873a1ed.png', '', 2, 1, true, '2026-04-12 20:15:29.665442', '2026-04-12 20:21:42.479496');
INSERT INTO public.sys_banner (id, title, subtitle, image_url, link, sort_order, status, deleted, create_time, update_time) VALUES (11, '健身房场景描述', '', 'http://localhost:9000/fitness-bucket/banner/72ba71d1-fa58-45b5-a32f-32ef71c55545.jpg', '', 0, 1, false, '2026-03-26 16:07:20.508885', '2026-04-12 20:17:29.717676');
INSERT INTO public.sys_banner (id, title, subtitle, image_url, link, sort_order, status, deleted, create_time, update_time) VALUES (14, '活动图', '', 'http://localhost:9000/fitness-bucket/banner/a96af750-e08f-4bc3-bb0a-edca427e2f82.png', '', 2, 0, true, '2026-05-14 16:47:31.640746', '2026-05-17 14:41:27.981724');
INSERT INTO public.sys_banner (id, title, subtitle, image_url, link, sort_order, status, deleted, create_time, update_time) VALUES (15, 'test', '', 'http://localhost:9000/fitness-bucket/banner/70efe9c3-5582-4906-8f0c-55b6b1e5a570.png', '', 0, 1, true, '2026-05-25 11:06:06.497373', '2026-05-26 14:06:00.443669');


--
-- Data for Name: sys_dict; Type: TABLE DATA; Schema: public; Owner: fitness_user
--

INSERT INTO public.sys_dict (id, dict_name, dict_code, description, status, sort_order, create_time, update_time, deleted) VALUES (1, '会员卡类型', 'membership_card_type', '会员卡类型定义，用于会员卡管理', 'ACTIVE', 1, '2026-04-16 01:12:34.397811', '2026-04-16 01:12:34.397811', false);
INSERT INTO public.sys_dict (id, dict_name, dict_code, description, status, sort_order, create_time, update_time, deleted) VALUES (3, '套餐编码管理', 'coach_package_code', '私教套餐类型编码，供教练端创建套餐时选择', 'ACTIVE', 5, '2026-05-27 22:12:32.008285', '2026-05-27 22:12:32.008285', false);
INSERT INTO public.sys_dict (id, dict_name, dict_code, description, status, sort_order, create_time, update_time, deleted) VALUES (2, '知识库分类', 'knowledge_category', '知识文档分类管理', 'ACTIVE', 2, '2026-04-16 01:12:34.397811', '2026-04-16 01:12:34.397811', false);


--
-- Data for Name: sys_dict_item; Type: TABLE DATA; Schema: public; Owner: fitness_user
--

INSERT INTO public.sys_dict_item (id, dict_id, label, value, description, status, sort_order, extra, create_time, update_time, deleted) VALUES (113, 3, '一对一私教', 'PT_1V1', '一对一专属私教课程，量身定制训练计划', 'ACTIVE', 1, NULL, '2026-05-27 22:12:32.008285', '2026-05-27 22:12:32.008285', false);
INSERT INTO public.sys_dict_item (id, dict_id, label, value, description, status, sort_order, extra, create_time, update_time, deleted) VALUES (114, 3, '小团课私教', 'PT_GROUP', '3-5人小团课，互动氛围好，性价比高', 'ACTIVE', 2, NULL, '2026-05-27 22:12:32.008285', '2026-05-27 22:12:32.008285', false);
INSERT INTO public.sys_dict_item (id, dict_id, label, value, description, status, sort_order, extra, create_time, update_time, deleted) VALUES (115, 3, '线上指导', 'PT_ONLINE', '远程线上训练指导与饮食建议', 'ACTIVE', 3, NULL, '2026-05-27 22:12:32.008285', '2026-05-27 22:12:32.008285', false);
INSERT INTO public.sys_dict_item (id, dict_id, label, value, description, status, sort_order, extra, create_time, update_time, deleted) VALUES (116, 3, '包月训练', 'PT_MONTHLY', '包月无限次训练，适合长期坚持', 'ACTIVE', 4, NULL, '2026-05-27 22:12:32.008285', '2026-05-27 22:12:32.008285', false);
INSERT INTO public.sys_dict_item (id, dict_id, label, value, description, status, sort_order, extra, create_time, update_time, deleted) VALUES (117, 3, '综合训练营', 'PT_COMPREHENSIVE', '全方位训练营，含体测+饮食+训练计划', 'ACTIVE', 5, NULL, '2026-05-27 22:12:32.008285', '2026-05-27 22:12:32.008285', false);
INSERT INTO public.sys_dict_item (id, dict_id, label, value, description, status, sort_order, extra, create_time, update_time, deleted) VALUES (97, 1, '月卡', 'MONTHLY', '月度会员卡，享受30天会员权益', 'ACTIVE', 1, NULL, NULL, NULL, false);
INSERT INTO public.sys_dict_item (id, dict_id, label, value, description, status, sort_order, extra, create_time, update_time, deleted) VALUES (98, 1, '季卡', 'QUARTERLY', '季度会员卡，享受90天会员权益，更优惠', 'ACTIVE', 2, NULL, NULL, NULL, false);
INSERT INTO public.sys_dict_item (id, dict_id, label, value, description, status, sort_order, extra, create_time, update_time, deleted) VALUES (99, 1, '年卡', 'YEARLY', '年度会员卡，享受365天会员权益，最超值', 'ACTIVE', 3, NULL, NULL, NULL, false);
INSERT INTO public.sys_dict_item (id, dict_id, label, value, description, status, sort_order, extra, create_time, update_time, deleted) VALUES (100, 1, '体验卡', 'TRIAL', '体验会员卡，限时体验会员权益', 'ACTIVE', 4, NULL, NULL, NULL, false);
INSERT INTO public.sys_dict_item (id, dict_id, label, value, description, status, sort_order, extra, create_time, update_time, deleted) VALUES (101, 1, '日卡', 'DAY', '当天可多次使用', 'ACTIVE', 4, NULL, NULL, NULL, false);
INSERT INTO public.sys_dict_item (id, dict_id, label, value, description, status, sort_order, extra, create_time, update_time, deleted) VALUES (102, 2, '课程相关', 'COURSE', '健身课程介绍、课程安排、课程内容等相关文档', 'ACTIVE', 1, NULL, NULL, NULL, false);
INSERT INTO public.sys_dict_item (id, dict_id, label, value, description, status, sort_order, extra, create_time, update_time, deleted) VALUES (103, 2, '场馆基础信息', 'VENUE_INFO', '包含场馆介绍、位置营业时间、联系方式、交通指南、场馆设施等基础信息', 'ACTIVE', 1, NULL, NULL, NULL, false);
INSERT INTO public.sys_dict_item (id, dict_id, label, value, description, status, sort_order, extra, create_time, update_time, deleted) VALUES (104, 2, '会员政策', 'MEMBERSHIP', '会员权益、会员等级、会员服务等相关文档', 'ACTIVE', 2, NULL, NULL, NULL, false);
INSERT INTO public.sys_dict_item (id, dict_id, label, value, description, status, sort_order, extra, create_time, update_time, deleted) VALUES (105, 2, '会员卡与收费政策', 'MEMBERSHIP_POLICY', '包含会员卡类型价格、开卡停卡退卡规则、老带新政策、节日优惠、企业团办等收费政策', 'ACTIVE', 2, NULL, NULL, NULL, false);
INSERT INTO public.sys_dict_item (id, dict_id, label, value, description, status, sort_order, extra, create_time, update_time, deleted) VALUES (106, 2, '课程与预约服务', 'COURSE_BOOKING', '包含团课时间表、私教服务内容价格、预约取消爽约规则、课程推荐逻辑', 'ACTIVE', 3, NULL, NULL, NULL, false);
INSERT INTO public.sys_dict_item (id, dict_id, label, value, description, status, sort_order, extra, create_time, update_time, deleted) VALUES (107, 2, '商品相关', 'PRODUCT', '健身商品、营养补剂、运动装备等相关文档', 'ACTIVE', 3, NULL, NULL, NULL, false);
INSERT INTO public.sys_dict_item (id, dict_id, label, value, description, status, sort_order, extra, create_time, update_time, deleted) VALUES (108, 2, '售后服务', 'AFTER_SALES', '售后服务、退换货政策、投诉建议等相关文档', 'ACTIVE', 4, NULL, NULL, NULL, false);
INSERT INTO public.sys_dict_item (id, dict_id, label, value, description, status, sort_order, extra, create_time, update_time, deleted) VALUES (109, 2, '场馆使用规范', 'VENUE_RULES', '包含入场要求、器械使用规范、储物柜淋浴间规则、禁止事项、访客规则、安全应急流程', 'ACTIVE', 4, NULL, NULL, NULL, false);
INSERT INTO public.sys_dict_item (id, dict_id, label, value, description, status, sort_order, extra, create_time, update_time, deleted) VALUES (110, 2, '常见问题FAQ', 'FAQ', '包含账号登录问题、卡与权益问题、课程预约问题、其他常见问题的解答', 'ACTIVE', 5, NULL, NULL, NULL, false);
INSERT INTO public.sys_dict_item (id, dict_id, label, value, description, status, sort_order, extra, create_time, update_time, deleted) VALUES (111, 2, '教练团队介绍', 'COACH_TEAM', '包含教练资质、擅长方向、可预约时间、教练简介、预约方式', 'ACTIVE', 6, NULL, NULL, NULL, false);
INSERT INTO public.sys_dict_item (id, dict_id, label, value, description, status, sort_order, extra, create_time, update_time, deleted) VALUES (112, 2, '其他', 'OTHER', '其他类型的知识文档', 'ACTIVE', 99, NULL, NULL, NULL, false);


--
-- Data for Name: sys_file; Type: TABLE DATA; Schema: public; Owner: fitness_user
--

INSERT INTO public.sys_file (id, file_name, original_name, file_url, file_type, file_size, deleted, create_time, create_by) VALUES (129, '0d2ec36b-a35f-4d8c-9b4d-4765f38e5a81.jpg', 'gmVCk0anbsu_bOGW8vKjctmezGE1yx8E8SzIUYgsGRtWpHUTjawvZAxm1Q1IsU7K.jpg', 'http://localhost:9000/fitness-bucket/coach-images/32/0d2ec36b-a35f-4d8c-9b4d-4765f38e5a81.jpg', 'image/jpeg', 212767, true, '2026-03-28 11:10:17.691581', 32);
INSERT INTO public.sys_file (id, file_name, original_name, file_url, file_type, file_size, deleted, create_time, create_by) VALUES (130, 'e5964183-d401-4cc1-910b-24cbf0b56c3e.jpg', 'gmVCk0anbsu_bOGW8vKjctmezGE1yx8E8SzIUYgsGRtWpHUTjawvZAxm1Q1IsU7K.jpg', 'http://localhost:9000/fitness-bucket/coach-images/32/e5964183-d401-4cc1-910b-24cbf0b56c3e.jpg', 'image/jpeg', 212767, false, '2026-03-28 11:10:30.305509', 32);
INSERT INTO public.sys_file (id, file_name, original_name, file_url, file_type, file_size, deleted, create_time, create_by) VALUES (140, '10966dd6-c198-4bcb-bbb6-a5880c7cea0c.jpg', 'pexels-cottonbro-7690201 (1).jpg', 'http://localhost:9000/fitness-bucket/images/10966dd6-c198-4bcb-bbb6-a5880c7cea0c.jpg', 'image/jpeg', 1193892, false, '2026-04-02 15:54:12.528351', 1);
INSERT INTO public.sys_file (id, file_name, original_name, file_url, file_type, file_size, deleted, create_time, create_by) VALUES (141, '0f6c0973-44e7-47f4-9db8-4f5894f9ff26.jpg', 'pexels-cottonbro-4325462.jpg', 'http://localhost:9000/fitness-bucket/images/0f6c0973-44e7-47f4-9db8-4f5894f9ff26.jpg', 'image/jpeg', 1716917, false, '2026-04-02 15:55:20.383874', 1);
INSERT INTO public.sys_file (id, file_name, original_name, file_url, file_type, file_size, deleted, create_time, create_by) VALUES (1, '21838096-e8c4-4d95-9e21-3c1102b6b161.png', 'test.png', 'http://localhost:9000/fitness-bucket/courses/21838096-e8c4-4d95-9e21-3c1102b6b161.png', 'image/png', 606, false, '2026-03-18 20:22:43.87125', 1);
INSERT INTO public.sys_file (id, file_name, original_name, file_url, file_type, file_size, deleted, create_time, create_by) VALUES (2, '4be3861e-e37c-4b02-b5f0-04023a89fdc2.png', 'course-test.png', 'http://localhost:9000/fitness-bucket/courses/4be3861e-e37c-4b02-b5f0-04023a89fdc2.png', 'image/png', 23262, false, '2026-03-18 20:25:38.75498', 1);
INSERT INTO public.sys_file (id, file_name, original_name, file_url, file_type, file_size, deleted, create_time, create_by) VALUES (3, 'c4dc2b76-78a1-4453-8fd1-686fcb7f12af.png', 'test-course.png', 'http://localhost:9000/fitness-bucket/courses/c4dc2b76-78a1-4453-8fd1-686fcb7f12af.png', 'image/png', 33078, false, '2026-03-18 20:31:38.955294', 1);
INSERT INTO public.sys_file (id, file_name, original_name, file_url, file_type, file_size, deleted, create_time, create_by) VALUES (4, '6c98f278-354e-4c3a-a6cd-281f514079c4.png', 'complete-test.png', 'http://localhost:9000/fitness-bucket/courses/6c98f278-354e-4c3a-a6cd-281f514079c4.png', 'image/png', 34112, false, '2026-03-18 20:33:57.936605', 1);
INSERT INTO public.sys_file (id, file_name, original_name, file_url, file_type, file_size, deleted, create_time, create_by) VALUES (5, 'b2356c25-46cb-497e-8e5b-1d7328a57cdf.png', '【哲风壁纸】个性-人物壁纸.png', 'http://localhost:9000/fitness-bucket/courses/b2356c25-46cb-497e-8e5b-1d7328a57cdf.png', 'image/png', 743210, false, '2026-03-18 22:47:54.336752', 1);
INSERT INTO public.sys_file (id, file_name, original_name, file_url, file_type, file_size, deleted, create_time, create_by) VALUES (6, 'ca26a8fa-2554-4c21-a45d-ba1605c7fc31.png', '【哲风壁纸】动漫-动漫美女.png', 'http://localhost:9000/fitness-bucket/courses/ca26a8fa-2554-4c21-a45d-ba1605c7fc31.png', 'image/png', 1587988, false, '2026-03-18 23:00:23.371865', 1);
INSERT INTO public.sys_file (id, file_name, original_name, file_url, file_type, file_size, deleted, create_time, create_by) VALUES (7, 'cb1335f8-7c26-45a5-9660-0897ab8c0d57.png', '【哲风壁纸】初音-初音未来.png', 'http://localhost:9000/fitness-bucket/avatars/cb1335f8-7c26-45a5-9660-0897ab8c0d57.png', 'image/png', 11447640, false, '2026-03-18 23:04:24.283582', 1);
INSERT INTO public.sys_file (id, file_name, original_name, file_url, file_type, file_size, deleted, create_time, create_by) VALUES (12, '8f548993-fe5e-4593-865e-42587659486c.png', '【哲风壁纸】AI-AI太极.png', 'http://localhost:9000/fitness-bucket/courses/8f548993-fe5e-4593-865e-42587659486c.png', 'image/png', 11977846, false, '2026-03-19 00:05:39.633931', 1);
INSERT INTO public.sys_file (id, file_name, original_name, file_url, file_type, file_size, deleted, create_time, create_by) VALUES (13, '1f604a31-5e09-4e0c-8da4-b9a28c3b9938.png', '【哲风壁纸】暗-暗黑-梦幻元素.png', 'http://localhost:9000/fitness-bucket/courses/1f604a31-5e09-4e0c-8da4-b9a28c3b9938.png', 'image/png', 750193, false, '2026-03-19 00:05:52.112421', 1);
INSERT INTO public.sys_file (id, file_name, original_name, file_url, file_type, file_size, deleted, create_time, create_by) VALUES (15, 'f742c7f1-4a6d-4771-9093-43ea95eb789d.png', '【哲风壁纸】动漫-动漫美女.png', 'http://localhost:9000/fitness-bucket/avatars/f742c7f1-4a6d-4771-9093-43ea95eb789d.png', 'image/png', 1587988, false, '2026-03-19 00:07:02.730878', 1);
INSERT INTO public.sys_file (id, file_name, original_name, file_url, file_type, file_size, deleted, create_time, create_by) VALUES (142, '8635611c-07a4-4823-b07a-7a475d566f41.jpg', 'pexels-moises-ribeiro-121009898-11463459.jpg', 'http://localhost:9000/fitness-bucket/images/8635611c-07a4-4823-b07a-7a475d566f41.jpg', 'image/jpeg', 1154538, false, '2026-04-02 15:55:56.559528', 1);
INSERT INTO public.sys_file (id, file_name, original_name, file_url, file_type, file_size, deleted, create_time, create_by) VALUES (143, '88197c92-1f53-4a0f-a122-f6baf485dfa7.jpg', 'pexels-correxiko-collagen-18647881-6475114.jpg', 'http://localhost:9000/fitness-bucket/images/88197c92-1f53-4a0f-a122-f6baf485dfa7.jpg', 'image/jpeg', 509442, false, '2026-04-02 15:56:36.116988', 1);
INSERT INTO public.sys_file (id, file_name, original_name, file_url, file_type, file_size, deleted, create_time, create_by) VALUES (144, 'cfcd3bc0-8938-4f14-b51c-4f9b857603ca.jpg', 'pexels-correxiko-collagen-18647881-6475114.jpg', 'http://localhost:9000/fitness-bucket/images/cfcd3bc0-8938-4f14-b51c-4f9b857603ca.jpg', 'image/jpeg', 509442, false, '2026-04-02 15:57:38.351834', 1);
INSERT INTO public.sys_file (id, file_name, original_name, file_url, file_type, file_size, deleted, create_time, create_by) VALUES (145, 'a8558191-f295-430d-ac57-a8b3a17bfb8b.jpg', 'pexels-correxiko-collagen-18647881-6475114.jpg', 'http://localhost:9000/fitness-bucket/images/a8558191-f295-430d-ac57-a8b3a17bfb8b.jpg', 'image/jpeg', 509442, false, '2026-04-02 15:57:46.359879', 1);
INSERT INTO public.sys_file (id, file_name, original_name, file_url, file_type, file_size, deleted, create_time, create_by) VALUES (146, 'ffe52435-8a14-4170-a637-31433c03c1bb.jpg', 'pexels-slauta-7725875.jpg', 'http://localhost:9000/fitness-bucket/images/ffe52435-8a14-4170-a637-31433c03c1bb.jpg', 'image/jpeg', 908290, false, '2026-04-02 15:57:52.731643', 1);
INSERT INTO public.sys_file (id, file_name, original_name, file_url, file_type, file_size, deleted, create_time, create_by) VALUES (172, '9c4407d8-d298-4e23-957f-ca6bffe53b75.png', '屏幕截图 2026-02-17 162538.png', 'http://localhost:9000/fitness-bucket/files/9c4407d8-d298-4e23-957f-ca6bffe53b75.png', 'image/png', 156532, false, '2026-04-04 00:51:15.170503', 25);
INSERT INTO public.sys_file (id, file_name, original_name, file_url, file_type, file_size, deleted, create_time, create_by) VALUES (173, 'b09ae858-262d-484d-b602-97b94144d29c.png', '屏幕截图 2026-02-17 025448.png', 'http://localhost:9000/fitness-bucket/files/b09ae858-262d-484d-b602-97b94144d29c.png', 'image/png', 33650, false, '2026-04-04 00:51:20.15593', 25);
INSERT INTO public.sys_file (id, file_name, original_name, file_url, file_type, file_size, deleted, create_time, create_by) VALUES (177, 'fbf536f0-bf42-40f2-b4b5-96824d581b54.png', '【哲风壁纸】个性-人物壁纸.png', 'http://localhost:9000/fitness-bucket/images/fbf536f0-bf42-40f2-b4b5-96824d581b54.png', 'image/png', 743210, false, '2026-04-04 21:43:47.048816', 25);
INSERT INTO public.sys_file (id, file_name, original_name, file_url, file_type, file_size, deleted, create_time, create_by) VALUES (210, '73768088-01a8-4dc9-a455-25e62cbf7c80.png', '【哲风壁纸】个性-人物壁纸.png', 'http://localhost:9000/fitness-bucket/images/73768088-01a8-4dc9-a455-25e62cbf7c80.png', 'image/png', 743210, false, '2026-04-04 21:46:39.657764', 25);
INSERT INTO public.sys_file (id, file_name, original_name, file_url, file_type, file_size, deleted, create_time, create_by) VALUES (211, 'a2c57f7e-0b1c-4e96-8faf-867d57c0aad0.png', '【哲风壁纸】个性-人物壁纸.png', 'http://localhost:9000/fitness-bucket/images/a2c57f7e-0b1c-4e96-8faf-867d57c0aad0.png', 'image/png', 743210, false, '2026-04-04 21:47:40.64287', 25);
INSERT INTO public.sys_file (id, file_name, original_name, file_url, file_type, file_size, deleted, create_time, create_by) VALUES (217, '9dbefb84-0ec4-4833-9801-ef8a4fdab509.png', '【哲风壁纸】景观-树-自然.png', 'http://localhost:9000/fitness-bucket/images/9dbefb84-0ec4-4833-9801-ef8a4fdab509.png', 'image/png', 1482999, false, '2026-04-06 13:54:23.02139', 25);
INSERT INTO public.sys_file (id, file_name, original_name, file_url, file_type, file_size, deleted, create_time, create_by) VALUES (229, '0da9ecfc-d9be-4659-85f6-9c072b1df915.webp', '动感单车课.webp', 'http://localhost:9000/fitness-bucket/courses/0da9ecfc-d9be-4659-85f6-9c072b1df915.webp', 'image/webp', 12284, false, '2026-04-08 22:49:53.627977', 1);
INSERT INTO public.sys_file (id, file_name, original_name, file_url, file_type, file_size, deleted, create_time, create_by) VALUES (233, 'a63f4931-2338-473d-89e0-591a5135a5dc.jpg', 'debian-logo-dark-background-10zu51iv4e1tuvgo.jpg', 'http://localhost:9000/fitness-bucket/images/a63f4931-2338-473d-89e0-591a5135a5dc.jpg', 'image/jpeg', 21451, false, '2026-04-12 02:45:03.972163', 30);
INSERT INTO public.sys_file (id, file_name, original_name, file_url, file_type, file_size, deleted, create_time, create_by) VALUES (242, '40824676-5b79-49be-86a8-512017bf01f4.md', '04_场馆使用规范.md', 'http://localhost:9000/fitness-bucket/knowledge/40824676-5b79-49be-86a8-512017bf01f4.md', 'application/octet-stream', 3361, false, '2026-04-13 00:25:17.271531', 1);
INSERT INTO public.sys_file (id, file_name, original_name, file_url, file_type, file_size, deleted, create_time, create_by) VALUES (249, 'dfa691ff-8706-48c4-89f5-eaba6e0c9d98.webp', '维生素.webp', 'http://localhost:9000/fitness-bucket/images/dfa691ff-8706-48c4-89f5-eaba6e0c9d98.webp', 'image/webp', 6268, false, '2026-04-16 01:02:29.767731', 1);
INSERT INTO public.sys_file (id, file_name, original_name, file_url, file_type, file_size, deleted, create_time, create_by) VALUES (250, '95166b67-597c-49c2-9599-70b4f22f7742.mp4', '【哲风壁纸】originos6-光栅.mp4', 'http://localhost:9000/fitness-bucket/videos/95166b67-597c-49c2-9599-70b4f22f7742.mp4', 'video/mp4', 652520, false, '2026-05-08 20:39:28.464197', 1);
INSERT INTO public.sys_file (id, file_name, original_name, file_url, file_type, file_size, deleted, create_time, create_by) VALUES (226, '589bd94f-3ee4-4cd0-9896-528bcd2d2930.webp', 'OIP-C.webp', 'http://localhost:9000/fitness-bucket/courses/589bd94f-3ee4-4cd0-9896-528bcd2d2930.webp', 'image/webp', 8674, true, '2026-04-07 16:18:42.12103', 1);
INSERT INTO public.sys_file (id, file_name, original_name, file_url, file_type, file_size, deleted, create_time, create_by) VALUES (93, 'cdce174a-912b-403a-8f12-e0b7977098da.jpg', 'pexels-olly-4807082.jpg', 'http://localhost:9000/fitness-bucket/courses/cdce174a-912b-403a-8f12-e0b7977098da.jpg', 'image/jpeg', 707032, true, '2026-03-27 14:41:50.457683', 1);
INSERT INTO public.sys_file (id, file_name, original_name, file_url, file_type, file_size, deleted, create_time, create_by) VALUES (131, '7df56c72-6f11-44b3-a5b3-c6d6b57885b1.png', '【哲风壁纸】AI-AI太极.png', 'http://localhost:9000/fitness-bucket/images/7df56c72-6f11-44b3-a5b3-c6d6b57885b1.png', 'image/png', 11977846, false, '2026-03-28 13:45:45.556003', 1);
INSERT INTO public.sys_file (id, file_name, original_name, file_url, file_type, file_size, deleted, create_time, create_by) VALUES (132, '34c772b7-bb83-418a-b10e-d698f9ca4e62.png', '【哲风壁纸】AI-AI太极.png', 'http://localhost:9000/fitness-bucket/images/34c772b7-bb83-418a-b10e-d698f9ca4e62.png', 'image/png', 11977846, false, '2026-03-28 13:46:12.618558', 1);
INSERT INTO public.sys_file (id, file_name, original_name, file_url, file_type, file_size, deleted, create_time, create_by) VALUES (133, 'cbc28e4a-a34e-45b4-ad54-5ee048a23623.png', '【哲风壁纸】初音-初音未来.png', 'http://localhost:9000/fitness-bucket/images/cbc28e4a-a34e-45b4-ad54-5ee048a23623.png', 'image/png', 11447640, false, '2026-03-28 13:50:37.360984', 1);
INSERT INTO public.sys_file (id, file_name, original_name, file_url, file_type, file_size, deleted, create_time, create_by) VALUES (147, '22acdd54-671e-40b8-9662-2b167b6edd89.jpg', 'pexels-tsquared-lab-312588937-15679570.jpg', 'http://localhost:9000/fitness-bucket/images/22acdd54-671e-40b8-9662-2b167b6edd89.jpg', 'image/jpeg', 1765882, false, '2026-04-02 18:16:49.691093', 1);
INSERT INTO public.sys_file (id, file_name, original_name, file_url, file_type, file_size, deleted, create_time, create_by) VALUES (174, 'ed64a031-0fb7-4ba2-8a16-c16d179ec617.png', '屏幕截图 2026-02-17 162538.png', 'http://localhost:9000/fitness-bucket/files/ed64a031-0fb7-4ba2-8a16-c16d179ec617.png', 'image/png', 156532, false, '2026-04-04 01:01:29.977968', 25);
INSERT INTO public.sys_file (id, file_name, original_name, file_url, file_type, file_size, deleted, create_time, create_by) VALUES (175, 'ce06e40d-50ac-4d8e-bd5c-463dbbfc7a7e.png', '屏幕截图 2026-01-13 234250.png', 'http://localhost:9000/fitness-bucket/files/ce06e40d-50ac-4d8e-bd5c-463dbbfc7a7e.png', 'image/png', 823633, false, '2026-04-04 01:01:35.755119', 25);
INSERT INTO public.sys_file (id, file_name, original_name, file_url, file_type, file_size, deleted, create_time, create_by) VALUES (212, '18bc1f59-8017-409d-9355-9edd6b3181bf.png', '【哲风壁纸】个性-人物壁纸.png', 'http://localhost:9000/fitness-bucket/images/18bc1f59-8017-409d-9355-9edd6b3181bf.png', 'image/png', 743210, true, '2026-04-04 21:55:42.923208', 25);
INSERT INTO public.sys_file (id, file_name, original_name, file_url, file_type, file_size, deleted, create_time, create_by) VALUES (218, '0a9921c3-55e3-4732-aa99-b1602cbb8206.png', '【哲风壁纸】AI-AI太极.png', 'http://localhost:9000/fitness-bucket/repairs/0a9921c3-55e3-4732-aa99-b1602cbb8206.png', 'image/png', 11977846, true, '2026-04-06 16:20:56.448883', 25);
INSERT INTO public.sys_file (id, file_name, original_name, file_url, file_type, file_size, deleted, create_time, create_by) VALUES (219, '73f142a4-39c6-4756-9025-6d8408f91428.png', '【哲风壁纸】Windows 错误-乌鲁木齐.png', 'http://localhost:9000/fitness-bucket/repairs/73f142a4-39c6-4756-9025-6d8408f91428.png', 'image/png', 80240, true, '2026-04-06 16:21:00.418524', 25);
INSERT INTO public.sys_file (id, file_name, original_name, file_url, file_type, file_size, deleted, create_time, create_by) VALUES (220, '875409f9-5358-4107-8d19-95389a2c6c5c.png', '【哲风壁纸】暗-暗黑-梦幻元素.png', 'http://localhost:9000/fitness-bucket/repairs/875409f9-5358-4107-8d19-95389a2c6c5c.png', 'image/png', 750193, true, '2026-04-06 16:21:04.880977', 25);
INSERT INTO public.sys_file (id, file_name, original_name, file_url, file_type, file_size, deleted, create_time, create_by) VALUES (227, 'fce4139a-804a-4a59-a8d0-6f1628238fd4.jpg', 'pexels-tima-miroshnichenko-6388522.jpg', 'http://localhost:9000/fitness-bucket/images/fce4139a-804a-4a59-a8d0-6f1628238fd4.jpg', 'image/jpeg', 2435845, false, '2026-04-07 22:24:48.495539', 36);
INSERT INTO public.sys_file (id, file_name, original_name, file_url, file_type, file_size, deleted, create_time, create_by) VALUES (234, 'fe686a80-690c-4f81-99c7-4e4b0d241fb4.png', 'live2d-photo.png', 'http://localhost:9000/fitness-bucket/banner/fe686a80-690c-4f81-99c7-4e4b0d241fb4.png', 'image/png', 443847, false, '2026-04-12 20:15:04.790312', 1);
INSERT INTO public.sys_file (id, file_name, original_name, file_url, file_type, file_size, deleted, create_time, create_by) VALUES (243, '6cb55606-2107-4f1c-800f-a068e27a0e7e.md', '05_常见问题FAQ.md', 'http://localhost:9000/fitness-bucket/knowledge/6cb55606-2107-4f1c-800f-a068e27a0e7e.md', 'application/octet-stream', 4086, false, '2026-04-13 00:32:36.667245', 1);
INSERT INTO public.sys_file (id, file_name, original_name, file_url, file_type, file_size, deleted, create_time, create_by) VALUES (244, 'aedc54f6-ca6f-4a68-8c41-3bc49b8b85fa.md', '06_教练团队介绍.md', 'http://localhost:9000/fitness-bucket/knowledge/aedc54f6-ca6f-4a68-8c41-3bc49b8b85fa.md', 'application/octet-stream', 3435, false, '2026-04-13 00:33:24.44946', 1);
INSERT INTO public.sys_file (id, file_name, original_name, file_url, file_type, file_size, deleted, create_time, create_by) VALUES (245, 'a536e834-42fc-4ea7-b64d-c18f6c2b5bfa.png', '屏幕截图 2026-02-17 193413.png', 'http://localhost:9000/fitness-bucket/repairs/a536e834-42fc-4ea7-b64d-c18f6c2b5bfa.png', 'image/png', 43245, true, '2026-04-13 00:37:39.661856', 30);
INSERT INTO public.sys_file (id, file_name, original_name, file_url, file_type, file_size, deleted, create_time, create_by) VALUES (251, '2f8eda9b-c788-47dd-b31f-b82ce176a7d0.png', 'xiaoniao.png', 'http://localhost:9000/fitness-bucket/video-covers/2f8eda9b-c788-47dd-b31f-b82ce176a7d0.png', 'image/png', 45206, false, '2026-05-08 20:39:38.403948', 1);
INSERT INTO public.sys_file (id, file_name, original_name, file_url, file_type, file_size, deleted, create_time, create_by) VALUES (235, '8db3e2b5-5a55-46d7-97ec-7eb48873a1ed.png', '活动海报.png', 'http://localhost:9000/fitness-bucket/banner/8db3e2b5-5a55-46d7-97ec-7eb48873a1ed.png', 'image/png', 2629871, true, '2026-04-12 20:15:27.64042', 1);
INSERT INTO public.sys_file (id, file_name, original_name, file_url, file_type, file_size, deleted, create_time, create_by) VALUES (94, '19871c10-03ce-4026-b88c-79fcdea94eb2.jpg', 'pexels-ilyas-6478667.jpg', 'http://localhost:9000/fitness-bucket/coach-images/4/19871c10-03ce-4026-b88c-79fcdea94eb2.jpg', 'image/jpeg', 2196153, true, '2026-03-27 14:46:47.88191', 4);
INSERT INTO public.sys_file (id, file_name, original_name, file_url, file_type, file_size, deleted, create_time, create_by) VALUES (231, '7ba89f77-3768-4df9-8c29-4ff4bd0e4a7d.webp', '泰拳课.webp', 'http://localhost:9000/fitness-bucket/courses/7ba89f77-3768-4df9-8c29-4ff4bd0e4a7d.webp', 'image/webp', 76504, true, '2026-04-09 01:11:39.622635', 1);
INSERT INTO public.sys_file (id, file_name, original_name, file_url, file_type, file_size, deleted, create_time, create_by) VALUES (255, 'a96af750-e08f-4bc3-bb0a-edca427e2f82.png', '活动海报.png', 'http://localhost:9000/fitness-bucket/banner/a96af750-e08f-4bc3-bb0a-edca427e2f82.png', 'image/png', 2629871, true, '2026-05-14 16:47:28.544934', 1);
INSERT INTO public.sys_file (id, file_name, original_name, file_url, file_type, file_size, deleted, create_time, create_by) VALUES (95, '50e9109f-1dbd-476f-b23c-02d9d8266994.jpg', 'pexels-shkrabaanthony-5890302.jpg', 'http://localhost:9000/fitness-bucket/courses/50e9109f-1dbd-476f-b23c-02d9d8266994.jpg', 'image/jpeg', 669456, false, '2026-03-27 15:04:34.775436', 1);
INSERT INTO public.sys_file (id, file_name, original_name, file_url, file_type, file_size, deleted, create_time, create_by) VALUES (134, '6e4fd26e-2977-4899-80a1-a5c31ab1c4d8.png', '【哲风壁纸】AI-AI太极.png', 'http://localhost:9000/fitness-bucket/images/6e4fd26e-2977-4899-80a1-a5c31ab1c4d8.png', 'image/png', 11977846, false, '2026-03-28 13:52:15.56187', 1);
INSERT INTO public.sys_file (id, file_name, original_name, file_url, file_type, file_size, deleted, create_time, create_by) VALUES (148, '960bcc89-c268-4913-985d-edd725ac7e7e.jpg', 'fzsbm-fitness-equipment-2187126_1920.jpg', 'http://localhost:9000/fitness-bucket/images/960bcc89-c268-4913-985d-edd725ac7e7e.jpg', 'image/jpeg', 336376, false, '2026-04-02 18:29:00.802337', 1);
INSERT INTO public.sys_file (id, file_name, original_name, file_url, file_type, file_size, deleted, create_time, create_by) VALUES (170, 'b0defc9b-4476-4bf7-8bea-24008ed1c6b2.md', '健身房信息知识库文档.md', 'http://localhost:9000/fitness-bucket/knowledge/b0defc9b-4476-4bf7-8bea-24008ed1c6b2.md', 'application/octet-stream', 16405, true, '2026-04-03 00:34:34.291979', 1);
INSERT INTO public.sys_file (id, file_name, original_name, file_url, file_type, file_size, deleted, create_time, create_by) VALUES (176, 'ccbc1661-ee6f-4f1c-9703-e4270725491f.png', '屏幕截图 2026-02-17 025448.png', 'http://localhost:9000/fitness-bucket/files/ccbc1661-ee6f-4f1c-9703-e4270725491f.png', 'image/png', 33650, false, '2026-04-04 01:16:44.717568', 25);
INSERT INTO public.sys_file (id, file_name, original_name, file_url, file_type, file_size, deleted, create_time, create_by) VALUES (34, 'c0e059fe-4e4f-43e6-9fea-11f6c1f2904c.png', '屏幕截图 2026-03-11 223507.png', 'http://localhost:9000/fitness-bucket/avatars/c0e059fe-4e4f-43e6-9fea-11f6c1f2904c.png', 'image/png', 432195, true, '2026-03-19 17:30:51.226729', 1);
INSERT INTO public.sys_file (id, file_name, original_name, file_url, file_type, file_size, deleted, create_time, create_by) VALUES (213, 'da0d23d4-1b95-4c62-b047-089eef29f048.png', '【哲风壁纸】初音-初音未来.png', 'http://localhost:9000/fitness-bucket/files/da0d23d4-1b95-4c62-b047-089eef29f048.png', 'image/png', 11447640, false, '2026-04-04 22:09:54.243714', 25);
INSERT INTO public.sys_file (id, file_name, original_name, file_url, file_type, file_size, deleted, create_time, create_by) VALUES (214, '89ecc338-dd04-4ff1-b08d-1d809fb748a9.png', '【哲风壁纸】初音-初音未来.png', 'http://localhost:9000/fitness-bucket/files/89ecc338-dd04-4ff1-b08d-1d809fb748a9.png', 'image/png', 11447640, true, '2026-04-04 22:10:57.360688', 25);
INSERT INTO public.sys_file (id, file_name, original_name, file_url, file_type, file_size, deleted, create_time, create_by) VALUES (232, '511a1788-0f17-4aa1-85d7-5e7a5be64ba8.jpg', '商品.jpg', 'http://localhost:9000/fitness-bucket/images/511a1788-0f17-4aa1-85d7-5e7a5be64ba8.jpg', 'image/jpeg', 50954, false, '2026-04-09 01:27:30.879232', 1);
INSERT INTO public.sys_file (id, file_name, original_name, file_url, file_type, file_size, deleted, create_time, create_by) VALUES (33, '17bc765f-042e-48e2-bd36-174ee12be74f.png', '【哲风壁纸】Windows 错误-乌鲁木齐.png', 'http://localhost:9000/fitness-bucket/images/17bc765f-042e-48e2-bd36-174ee12be74f.png', 'image/png', 80240, true, '2026-03-19 16:13:47.10318', 1);
INSERT INTO public.sys_file (id, file_name, original_name, file_url, file_type, file_size, deleted, create_time, create_by) VALUES (35, '83b00dff-587c-4773-bd3e-024a398423e4.png', 'image_819021454612897.png', 'http://localhost:9000/fitness-bucket/avatars/83b00dff-587c-4773-bd3e-024a398423e4.png', 'image/png', 1959119, false, '2026-03-19 17:43:33.666862', 1);
INSERT INTO public.sys_file (id, file_name, original_name, file_url, file_type, file_size, deleted, create_time, create_by) VALUES (36, 'dbdd6d4c-d7e6-4195-884f-de58c6deeec7.png', 'image_878707366438283.png', 'http://localhost:9000/fitness-bucket/avatars/dbdd6d4c-d7e6-4195-884f-de58c6deeec7.png', 'image/png', 1927213, false, '2026-03-19 17:43:40.258066', 1);
INSERT INTO public.sys_file (id, file_name, original_name, file_url, file_type, file_size, deleted, create_time, create_by) VALUES (236, '73a39f7c-718b-4ca0-ad19-af8ab296fab0.png', '健身教练招聘.png', 'http://localhost:9000/fitness-bucket/banner/73a39f7c-718b-4ca0-ad19-af8ab296fab0.png', 'image/png', 1723331, true, '2026-04-12 20:20:58.207076', 1);
INSERT INTO public.sys_file (id, file_name, original_name, file_url, file_type, file_size, deleted, create_time, create_by) VALUES (221, '60c8e08e-f795-4d06-b584-ce39b9edecfb.png', '【哲风壁纸】夜景-深夜花丛.png', 'http://localhost:9000/fitness-bucket/repairs/60c8e08e-f795-4d06-b584-ce39b9edecfb.png', 'image/png', 99060, true, '2026-04-06 16:28:26.816855', 25);
INSERT INTO public.sys_file (id, file_name, original_name, file_url, file_type, file_size, deleted, create_time, create_by) VALUES (228, 'c4306e4b-552c-4bed-a285-c597b9bd3611.md', '健身房信息知识库文档.md', 'http://localhost:9000/fitness-bucket/knowledge/c4306e4b-552c-4bed-a285-c597b9bd3611.md', 'application/octet-stream', 16284, true, '2026-04-07 22:36:22.143983', 1);
INSERT INTO public.sys_file (id, file_name, original_name, file_url, file_type, file_size, deleted, create_time, create_by) VALUES (246, '43ec6e0b-ad54-4699-aae5-031055aabf45.png', '屏幕截图 2026-02-17 222033.png', 'http://localhost:9000/fitness-bucket/repairs/43ec6e0b-ad54-4699-aae5-031055aabf45.png', 'image/png', 46898, false, '2026-04-13 00:59:03.292235', 30);
INSERT INTO public.sys_file (id, file_name, original_name, file_url, file_type, file_size, deleted, create_time, create_by) VALUES (252, '7d0de60b-d1a7-4d58-8053-dbfc7baf4990.png', '【哲风壁纸】夜景-深夜花丛.png', 'http://localhost:9000/fitness-bucket/coach-images/4/7d0de60b-d1a7-4d58-8053-dbfc7baf4990.png', 'image/png', 99060, true, '2026-05-09 18:11:24.580634', 4);
INSERT INTO public.sys_file (id, file_name, original_name, file_url, file_type, file_size, deleted, create_time, create_by) VALUES (256, '91bce88d-2606-43ff-a2c4-cf061d98a77c.jpg', 'pexels-anastasia-shuraeva-4944427.jpg', 'http://localhost:9000/fitness-bucket/repairs/91bce88d-2606-43ff-a2c4-cf061d98a77c.jpg', 'image/jpeg', 1607206, false, '2026-05-15 01:54:24.95913', 30);
INSERT INTO public.sys_file (id, file_name, original_name, file_url, file_type, file_size, deleted, create_time, create_by) VALUES (258, '70efe9c3-5582-4906-8f0c-55b6b1e5a570.png', '【哲风壁纸】Windows 错误-乌鲁木齐.png', 'http://localhost:9000/fitness-bucket/banner/70efe9c3-5582-4906-8f0c-55b6b1e5a570.png', 'image/png', 80240, true, '2026-05-25 11:05:58.742355', 1);
INSERT INTO public.sys_file (id, file_name, original_name, file_url, file_type, file_size, deleted, create_time, create_by) VALUES (261, '95910001-e193-4f42-a0cc-82637685c921.png', '生成健身教练杠铃深蹲图片.png', 'http://localhost:9000/fitness-bucket/coach-images/33/95910001-e193-4f42-a0cc-82637685c921.png', 'image/png', 3419363, false, '2026-05-27 19:15:59.054537', 33);
INSERT INTO public.sys_file (id, file_name, original_name, file_url, file_type, file_size, deleted, create_time, create_by) VALUES (135, '8df17e36-88ff-4d01-bb6d-b9759d6872a0.png', '【哲风壁纸】AI-AI太极.png', 'http://localhost:9000/fitness-bucket/images/8df17e36-88ff-4d01-bb6d-b9759d6872a0.png', 'image/png', 11977846, false, '2026-03-28 14:01:41.168787', 1);
INSERT INTO public.sys_file (id, file_name, original_name, file_url, file_type, file_size, deleted, create_time, create_by) VALUES (149, '5867512f-1308-4ef9-9402-fbe65917ea41.webp', '登山机.webp', 'http://localhost:9000/fitness-bucket/images/5867512f-1308-4ef9-9402-fbe65917ea41.webp', 'image/webp', 12982, false, '2026-04-02 19:07:36.950233', 1);
INSERT INTO public.sys_file (id, file_name, original_name, file_url, file_type, file_size, deleted, create_time, create_by) VALUES (150, '4ad04cff-064f-4920-9195-7a2c98267a00.webp', '划船机.webp', 'http://localhost:9000/fitness-bucket/images/4ad04cff-064f-4920-9195-7a2c98267a00.webp', 'image/webp', 3716, false, '2026-04-02 19:08:32.211524', 1);
INSERT INTO public.sys_file (id, file_name, original_name, file_url, file_type, file_size, deleted, create_time, create_by) VALUES (151, '8f754d4d-352a-4388-a5d3-12cc774e95d0.webp', '登山机.webp', 'http://localhost:9000/fitness-bucket/images/8f754d4d-352a-4388-a5d3-12cc774e95d0.webp', 'image/webp', 12982, false, '2026-04-02 19:08:48.790368', 1);
INSERT INTO public.sys_file (id, file_name, original_name, file_url, file_type, file_size, deleted, create_time, create_by) VALUES (152, '2a4e805e-b137-47c5-be32-e3b3e005e00a.webp', '跑步机.webp', 'http://localhost:9000/fitness-bucket/images/2a4e805e-b137-47c5-be32-e3b3e005e00a.webp', 'image/webp', 17886, false, '2026-04-02 19:13:42.790617', 1);
INSERT INTO public.sys_file (id, file_name, original_name, file_url, file_type, file_size, deleted, create_time, create_by) VALUES (153, '5255958d-f107-45a6-8383-6d4904961526.webp', '腿举训练器.webp', 'http://localhost:9000/fitness-bucket/images/5255958d-f107-45a6-8383-6d4904961526.webp', 'image/webp', 8274, false, '2026-04-02 19:22:00.781123', 1);
INSERT INTO public.sys_file (id, file_name, original_name, file_url, file_type, file_size, deleted, create_time, create_by) VALUES (222, 'f62e4c6a-13f9-4b5e-9748-90a0f28b6eaf.png', '【哲风壁纸】暗-暗黑-梦幻元素.png', 'http://localhost:9000/fitness-bucket/repairs/f62e4c6a-13f9-4b5e-9748-90a0f28b6eaf.png', 'image/png', 750193, true, '2026-04-06 16:43:42.167717', 25);
INSERT INTO public.sys_file (id, file_name, original_name, file_url, file_type, file_size, deleted, create_time, create_by) VALUES (225, '9c39a49f-d8dc-4e81-b157-434b67c3f822.jpg', '3135025.jpg', 'http://localhost:9000/fitness-bucket/repairs/9c39a49f-d8dc-4e81-b157-434b67c3f822.jpg', 'image/jpeg', 22520, true, '2026-04-06 16:51:08.450558', 25);
INSERT INTO public.sys_file (id, file_name, original_name, file_url, file_type, file_size, deleted, create_time, create_by) VALUES (171, 'def3a3b2-6ad7-4efd-ac85-8f192faa69ea.md', '健身房信息知识库文档.md', 'http://localhost:9000/fitness-bucket/knowledge/def3a3b2-6ad7-4efd-ac85-8f192faa69ea.md', 'application/octet-stream', 16405, true, '2026-04-03 00:42:35.413986', 1);
INSERT INTO public.sys_file (id, file_name, original_name, file_url, file_type, file_size, deleted, create_time, create_by) VALUES (215, 'f34b366a-ffae-49c6-b215-43747cac70c0.jpg', 'Sunset_Over_Lake_Lugano_by_Alexey_Kulik.jpg', 'http://localhost:9000/fitness-bucket/files/f34b366a-ffae-49c6-b215-43747cac70c0.jpg', 'image/jpeg', 2253517, true, '2026-04-04 22:26:24.400588', 25);
INSERT INTO public.sys_file (id, file_name, original_name, file_url, file_type, file_size, deleted, create_time, create_by) VALUES (216, 'fe84065e-9e16-4ea8-8618-0413ee69c72a.png', '【哲风壁纸】单色花卉-层叠背景.png', 'http://localhost:9000/fitness-bucket/files/fe84065e-9e16-4ea8-8618-0413ee69c72a.png', 'image/png', 3609057, true, '2026-04-04 22:26:28.136576', 25);
INSERT INTO public.sys_file (id, file_name, original_name, file_url, file_type, file_size, deleted, create_time, create_by) VALUES (49, '245766b9-567d-4c86-bc9a-c2d961e1b806.webp', '哑铃套装.webp', 'http://localhost:9000/fitness-bucket/images/245766b9-567d-4c86-bc9a-c2d961e1b806.webp', 'image/webp', 35296, false, '2026-03-20 09:58:53.119207', 25);
INSERT INTO public.sys_file (id, file_name, original_name, file_url, file_type, file_size, deleted, create_time, create_by) VALUES (50, '526b286b-71f9-43cc-947e-1fd47fd98b50.webp', '高位下拉.webp', 'http://localhost:9000/fitness-bucket/images/526b286b-71f9-43cc-947e-1fd47fd98b50.webp', 'image/webp', 4374, false, '2026-03-20 10:03:55.007029', 25);
INSERT INTO public.sys_file (id, file_name, original_name, file_url, file_type, file_size, deleted, create_time, create_by) VALUES (238, '6d5e593e-e92a-42a6-8c8e-53ac97c49b5a.png', '屏幕截图 2026-02-17 222033.png', 'http://localhost:9000/fitness-bucket/repairs/6d5e593e-e92a-42a6-8c8e-53ac97c49b5a.png', 'image/png', 46898, false, '2026-04-12 21:54:32.176415', 30);
INSERT INTO public.sys_file (id, file_name, original_name, file_url, file_type, file_size, deleted, create_time, create_by) VALUES (247, '468e87da-212d-4a2b-97c0-afef39a5d334.png', '屏幕截图 2026-02-17 231741.png', 'http://localhost:9000/fitness-bucket/repairs/468e87da-212d-4a2b-97c0-afef39a5d334.png', 'image/png', 79835, false, '2026-04-13 01:06:56.69835', 30);
INSERT INTO public.sys_file (id, file_name, original_name, file_url, file_type, file_size, deleted, create_time, create_by) VALUES (237, 'b6d5cf77-1c34-4ade-b612-a7ff22162f10.png', '屏幕截图 2026-02-17 021821.png', 'http://localhost:9000/fitness-bucket/repairs/b6d5cf77-1c34-4ade-b612-a7ff22162f10.png', 'image/png', 14731, true, '2026-04-12 21:53:21.797491', 30);
INSERT INTO public.sys_file (id, file_name, original_name, file_url, file_type, file_size, deleted, create_time, create_by) VALUES (96, '5f60ffe5-754b-4ad1-b974-94632893fc96.jpg', 'pexels-rdne-6539838.jpg', 'http://localhost:9000/fitness-bucket/courses/5f60ffe5-754b-4ad1-b974-94632893fc96.jpg', 'image/jpeg', 2113161, true, '2026-03-27 15:04:58.031486', 1);
INSERT INTO public.sys_file (id, file_name, original_name, file_url, file_type, file_size, deleted, create_time, create_by) VALUES (257, '80e3c246-78ea-452d-840e-92e52a956c58.jpg', '3135025.jpg', 'http://localhost:9000/fitness-bucket/repairs/80e3c246-78ea-452d-840e-92e52a956c58.jpg', 'image/jpeg', 22520, false, '2026-05-15 21:08:37.020186', 25);
INSERT INTO public.sys_file (id, file_name, original_name, file_url, file_type, file_size, deleted, create_time, create_by) VALUES (259, '489469bf-f5b3-4f45-a3af-2f4e10af35db.png', '【哲风壁纸】可爱猫咪-极简风.png', 'http://localhost:9000/fitness-bucket/images/489469bf-f5b3-4f45-a3af-2f4e10af35db.png', 'image/png', 487672, false, '2026-05-27 02:10:56.072223', 42);
INSERT INTO public.sys_file (id, file_name, original_name, file_url, file_type, file_size, deleted, create_time, create_by) VALUES (253, 'eb55a9ad-375e-467c-8677-c8cf6d4276f4.png', '【哲风壁纸】夜景-深夜花丛.png', 'http://localhost:9000/fitness-bucket/coach-images/4/eb55a9ad-375e-467c-8677-c8cf6d4276f4.png', 'image/png', 99060, true, '2026-05-09 18:11:36.633406', 4);
INSERT INTO public.sys_file (id, file_name, original_name, file_url, file_type, file_size, deleted, create_time, create_by) VALUES (137, 'e07bbab0-9357-4271-952a-ca20621624b3.webp', '椭圆机.webp', 'http://localhost:9000/fitness-bucket/images/e07bbab0-9357-4271-952a-ca20621624b3.webp', 'image/webp', 9170, false, '2026-03-28 14:28:27.983609', 1);
INSERT INTO public.sys_file (id, file_name, original_name, file_url, file_type, file_size, deleted, create_time, create_by) VALUES (139, 'a29ba2e2-f49c-4340-b090-38a2ad3a3776.webp', '龙门架.webp', 'http://localhost:9000/fitness-bucket/images/a29ba2e2-f49c-4340-b090-38a2ad3a3776.webp', 'image/webp', 9720, false, '2026-03-28 14:28:57.162812', 1);
INSERT INTO public.sys_file (id, file_name, original_name, file_url, file_type, file_size, deleted, create_time, create_by) VALUES (154, '5959f430-22ca-4c32-9e8e-cc13e0fd9fdd.webp', '动感单车.webp', 'http://localhost:9000/fitness-bucket/images/5959f430-22ca-4c32-9e8e-cc13e0fd9fdd.webp', 'image/webp', 8392, true, '2026-04-02 19:34:49.717433', 1);
INSERT INTO public.sys_file (id, file_name, original_name, file_url, file_type, file_size, deleted, create_time, create_by) VALUES (136, '24f6e5ef-7804-4fe0-bfb4-9d86139100c5.jpg', 'pexels-anastasia-shuraeva-4944427 (1).jpg', 'http://localhost:9000/fitness-bucket/images/24f6e5ef-7804-4fe0-bfb4-9d86139100c5.jpg', 'image/jpeg', 1607206, true, '2026-03-28 14:28:14.80896', 1);
INSERT INTO public.sys_file (id, file_name, original_name, file_url, file_type, file_size, deleted, create_time, create_by) VALUES (156, '6b017543-142a-422b-8f38-0caa3137bce0.webp', '史密斯训练架.webp', 'http://localhost:9000/fitness-bucket/images/6b017543-142a-422b-8f38-0caa3137bce0.webp', 'image/webp', 7154, false, '2026-04-02 19:36:12.390311', 1);
INSERT INTO public.sys_file (id, file_name, original_name, file_url, file_type, file_size, deleted, create_time, create_by) VALUES (157, 'b93bee2e-a720-48c0-8fa4-05439f075f7a.webp', '坐姿划船器.webp', 'http://localhost:9000/fitness-bucket/images/b93bee2e-a720-48c0-8fa4-05439f075f7a.webp', 'image/webp', 13320, false, '2026-04-02 19:36:58.711438', 1);
INSERT INTO public.sys_file (id, file_name, original_name, file_url, file_type, file_size, deleted, create_time, create_by) VALUES (48, 'cc0d8a4b-a2df-4484-9131-74d4ded927e8.webp', '龙门架.webp', 'http://localhost:9000/fitness-bucket/images/cc0d8a4b-a2df-4484-9131-74d4ded927e8.webp', 'image/webp', 9720, true, '2026-03-20 09:58:17.617142', 25);
INSERT INTO public.sys_file (id, file_name, original_name, file_url, file_type, file_size, deleted, create_time, create_by) VALUES (160, '4eda3da5-5023-457b-8076-e7020f52a711.webp', '泡沫轴.webp', 'http://localhost:9000/fitness-bucket/images/4eda3da5-5023-457b-8076-e7020f52a711.webp', 'image/webp', 18980, false, '2026-04-02 19:41:11.871854', 1);
INSERT INTO public.sys_file (id, file_name, original_name, file_url, file_type, file_size, deleted, create_time, create_by) VALUES (161, '927d642f-c144-41b0-9690-a3d7861a5c49.webp', '战绳-15米.webp', 'http://localhost:9000/fitness-bucket/images/927d642f-c144-41b0-9690-a3d7861a5c49.webp', 'image/webp', 14258, false, '2026-04-02 19:42:07.979213', 1);
INSERT INTO public.sys_file (id, file_name, original_name, file_url, file_type, file_size, deleted, create_time, create_by) VALUES (162, '3918b0cb-d3b7-4847-a625-401252e414d1.webp', '平板卧推凳.webp', 'http://localhost:9000/fitness-bucket/images/3918b0cb-d3b7-4847-a625-401252e414d1.webp', 'image/webp', 6054, false, '2026-04-02 19:42:45.125804', 1);
INSERT INTO public.sys_file (id, file_name, original_name, file_url, file_type, file_size, deleted, create_time, create_by) VALUES (163, '50b712ab-fb6e-4c07-b8c1-cc41a466da04.webp', '壶铃套装.webp', 'http://localhost:9000/fitness-bucket/images/50b712ab-fb6e-4c07-b8c1-cc41a466da04.webp', 'image/webp', 9198, false, '2026-04-02 19:43:08.464208', 1);
INSERT INTO public.sys_file (id, file_name, original_name, file_url, file_type, file_size, deleted, create_time, create_by) VALUES (164, '71d74753-bb23-4ac3-a041-6ca2dc51e2e4.webp', '橡胶包胶杠铃片套装.webp', 'http://localhost:9000/fitness-bucket/images/71d74753-bb23-4ac3-a041-6ca2dc51e2e4.webp', 'image/webp', 19834, false, '2026-04-02 19:44:24.880649', 1);
INSERT INTO public.sys_file (id, file_name, original_name, file_url, file_type, file_size, deleted, create_time, create_by) VALUES (165, '89f93cc1-0835-4764-9680-fe7e28a83c46.webp', '奥林匹克杠铃杆.webp', 'http://localhost:9000/fitness-bucket/images/89f93cc1-0835-4764-9680-fe7e28a83c46.webp', 'image/webp', 10058, false, '2026-04-02 19:45:06.926641', 1);
INSERT INTO public.sys_file (id, file_name, original_name, file_url, file_type, file_size, deleted, create_time, create_by) VALUES (166, '4800b936-589d-4380-8b88-19cd1eb0ac16.jpg', '弹力带套装.jpg', 'http://localhost:9000/fitness-bucket/images/4800b936-589d-4380-8b88-19cd1eb0ac16.jpg', 'image/jpeg', 15024, false, '2026-04-02 19:45:56.988134', 1);
INSERT INTO public.sys_file (id, file_name, original_name, file_url, file_type, file_size, deleted, create_time, create_by) VALUES (64, '8c2af4a6-51c0-4c78-9f80-45aea3403920.webp', '龙门架.webp', 'http://localhost:9000/fitness-bucket/images/8c2af4a6-51c0-4c78-9f80-45aea3403920.webp', 'image/webp', 9720, false, '2026-03-23 13:25:49.617214', 1);
INSERT INTO public.sys_file (id, file_name, original_name, file_url, file_type, file_size, deleted, create_time, create_by) VALUES (65, '9cdc8675-1008-4286-9147-3e7e25392137.png', '【哲风壁纸】个性-人物壁纸.png', 'http://localhost:9000/fitness-bucket/avatars/9cdc8675-1008-4286-9147-3e7e25392137.png', 'image/png', 743210, false, '2026-03-23 16:00:06.337001', 1);
INSERT INTO public.sys_file (id, file_name, original_name, file_url, file_type, file_size, deleted, create_time, create_by) VALUES (223, '65ca0152-13dd-4c1b-8687-6f589e9f3fd9.png', '【哲风壁纸】动漫-动漫美女.png', 'http://localhost:9000/fitness-bucket/repairs/65ca0152-13dd-4c1b-8687-6f589e9f3fd9.png', 'image/png', 1587988, true, '2026-04-06 16:49:51.250108', 25);
INSERT INTO public.sys_file (id, file_name, original_name, file_url, file_type, file_size, deleted, create_time, create_by) VALUES (239, '26ee3167-3b9d-4dc2-aa2b-d42ba3f0f10d.md', '01_场馆基础信息.md', 'http://localhost:9000/fitness-bucket/knowledge/26ee3167-3b9d-4dc2-aa2b-d42ba3f0f10d.md', 'application/octet-stream', 1906, false, '2026-04-12 23:54:41.362003', 1);
INSERT INTO public.sys_file (id, file_name, original_name, file_url, file_type, file_size, deleted, create_time, create_by) VALUES (230, '41873e51-e76b-44ae-9cad-9bc787845fb3.webp', '跳绳燃脂课.webp', 'http://localhost:9000/fitness-bucket/courses/41873e51-e76b-44ae-9cad-9bc787845fb3.webp', 'image/webp', 10044, true, '2026-04-08 22:54:12.202585', 1);
INSERT INTO public.sys_file (id, file_name, original_name, file_url, file_type, file_size, deleted, create_time, create_by) VALUES (248, 'cffa952f-1ac1-4037-a757-5e6ffe62ef88.png', '屏幕截图 2026-02-17 021821.png', 'http://localhost:9000/fitness-bucket/repairs/cffa952f-1ac1-4037-a757-5e6ffe62ef88.png', 'image/png', 14731, true, '2026-04-13 18:38:24.773448', 30);
INSERT INTO public.sys_file (id, file_name, original_name, file_url, file_type, file_size, deleted, create_time, create_by) VALUES (254, 'f9f1618d-1e95-41f0-8c86-930fdce8bfb0.png', '【哲风壁纸】Windows 错误-乌鲁木齐.png', 'http://localhost:9000/fitness-bucket/courses/f9f1618d-1e95-41f0-8c86-930fdce8bfb0.png', 'image/png', 80240, true, '2026-05-09 20:57:25.596709', 1);
INSERT INTO public.sys_file (id, file_name, original_name, file_url, file_type, file_size, deleted, create_time, create_by) VALUES (260, '629601f0-cea5-4336-90cc-f7552760c15b.png', 'jiaolian.png', 'http://localhost:9000/fitness-bucket/coach-images/4/629601f0-cea5-4336-90cc-f7552760c15b.png', 'image/png', 690403, false, '2026-05-27 13:01:39.275325', 4);
INSERT INTO public.sys_file (id, file_name, original_name, file_url, file_type, file_size, deleted, create_time, create_by) VALUES (155, '28a815be-a2cd-4f77-ac7e-716a320d1422.webp', '动感单车.webp', 'http://localhost:9000/fitness-bucket/images/28a815be-a2cd-4f77-ac7e-716a320d1422.webp', 'image/webp', 8392, false, '2026-04-02 19:35:30.074749', 1);
INSERT INTO public.sys_file (id, file_name, original_name, file_url, file_type, file_size, deleted, create_time, create_by) VALUES (138, '0ae4337f-86b3-4874-9912-59d77db05d5d.webp', '龙门架.webp', 'http://localhost:9000/fitness-bucket/images/0ae4337f-86b3-4874-9912-59d77db05d5d.webp', 'image/webp', 9720, true, '2026-03-28 14:28:46.694508', 1);
INSERT INTO public.sys_file (id, file_name, original_name, file_url, file_type, file_size, deleted, create_time, create_by) VALUES (158, 'b2761133-ade2-4183-8da7-aa8854a3333b.webp', '蝴蝶机.webp', 'http://localhost:9000/fitness-bucket/images/b2761133-ade2-4183-8da7-aa8854a3333b.webp', 'image/webp', 7778, false, '2026-04-02 19:37:38.868813', 1);
INSERT INTO public.sys_file (id, file_name, original_name, file_url, file_type, file_size, deleted, create_time, create_by) VALUES (224, '5edc29e0-bb9d-4b18-85cd-b82fdf3ac949.png', '【哲风壁纸】云-天空-插图.png', 'http://localhost:9000/fitness-bucket/repairs/5edc29e0-bb9d-4b18-85cd-b82fdf3ac949.png', 'image/png', 297204, true, '2026-04-06 16:49:55.075173', 25);
INSERT INTO public.sys_file (id, file_name, original_name, file_url, file_type, file_size, deleted, create_time, create_by) VALUES (240, '34ff00c3-51cf-4524-99f2-6b7faaef2e06.md', '02_会员卡与收费政策.md', 'http://localhost:9000/fitness-bucket/knowledge/34ff00c3-51cf-4524-99f2-6b7faaef2e06.md', 'application/octet-stream', 4366, false, '2026-04-12 23:56:23.971827', 1);
INSERT INTO public.sys_file (id, file_name, original_name, file_url, file_type, file_size, deleted, create_time, create_by) VALUES (87, 'bc20e70d-6eee-4ec4-979e-cc3670a5eb80.jpg', 'pexels-andres-ayrton-6550857.jpg', 'http://localhost:9000/fitness-bucket/coach-images/24/bc20e70d-6eee-4ec4-979e-cc3670a5eb80.jpg', 'image/jpeg', 2186459, true, '2026-03-27 12:01:23.124544', 24);
INSERT INTO public.sys_file (id, file_name, original_name, file_url, file_type, file_size, deleted, create_time, create_by) VALUES (88, '9345c3f9-4593-4a12-b944-4f4638b23456.jpg', 'pexels-andres-ayrton-6550857.jpg', 'http://localhost:9000/fitness-bucket/coach-images/24/9345c3f9-4593-4a12-b944-4f4638b23456.jpg', 'image/jpeg', 2186459, true, '2026-03-27 12:01:30.074905', 24);
INSERT INTO public.sys_file (id, file_name, original_name, file_url, file_type, file_size, deleted, create_time, create_by) VALUES (90, '0c39791f-bc9f-4df9-b567-1efde4161c01.jpg', 'pexels-more-late-2149097723-36120641.jpg', 'http://localhost:9000/fitness-bucket/coach-images/3/0c39791f-bc9f-4df9-b567-1efde4161c01.jpg', 'image/jpeg', 566305, false, '2026-03-27 13:16:43.410638', 3);
INSERT INTO public.sys_file (id, file_name, original_name, file_url, file_type, file_size, deleted, create_time, create_by) VALUES (89, 'df0a0906-2c8e-4e18-960a-86d853438d5e.jpg', 'pexels-andres-ayrton-6550857.jpg', 'http://localhost:9000/fitness-bucket/coach-images/24/df0a0906-2c8e-4e18-960a-86d853438d5e.jpg', 'image/jpeg', 2186459, true, '2026-03-27 12:01:34.345583', 24);
INSERT INTO public.sys_file (id, file_name, original_name, file_url, file_type, file_size, deleted, create_time, create_by) VALUES (91, '7f47fa99-13a8-4761-ae56-b14b7500e391.jpg', 'pexels-andres-ayrton-6550857.jpg', 'http://localhost:9000/fitness-bucket/coach-images/24/7f47fa99-13a8-4761-ae56-b14b7500e391.jpg', 'image/jpeg', 2186459, true, '2026-03-27 13:30:09.45069', 24);
INSERT INTO public.sys_file (id, file_name, original_name, file_url, file_type, file_size, deleted, create_time, create_by) VALUES (92, '4b564d02-c06c-4a62-9b16-6eb58d26089c.jpg', 'pexels-andres-ayrton-6550857.jpg', 'http://localhost:9000/fitness-bucket/coach-images/24/4b564d02-c06c-4a62-9b16-6eb58d26089c.jpg', 'image/jpeg', 2186459, false, '2026-03-27 13:30:19.58162', 24);
INSERT INTO public.sys_file (id, file_name, original_name, file_url, file_type, file_size, deleted, create_time, create_by) VALUES (16, 'c621117d-0e8d-4d6a-aa85-fc312d3e2a93.jpg', 'Obersee_by_Uday_Nakade.jpg', 'http://localhost:9000/fitness-bucket/courses/c621117d-0e8d-4d6a-aa85-fc312d3e2a93.jpg', 'image/jpeg', 2667769, false, '2026-03-19 00:12:12.624558', 1);
INSERT INTO public.sys_file (id, file_name, original_name, file_url, file_type, file_size, deleted, create_time, create_by) VALUES (17, 'd1c855fc-cd90-4298-9e43-6364714800d8.png', '【哲风壁纸】个性-人物壁纸.png', 'http://localhost:9000/fitness-bucket/avatars/d1c855fc-cd90-4298-9e43-6364714800d8.png', 'image/png', 743210, false, '2026-03-19 09:32:38.026096', 1);
INSERT INTO public.sys_file (id, file_name, original_name, file_url, file_type, file_size, deleted, create_time, create_by) VALUES (19, '879c0948-cd47-499a-8a4e-565570fffc2f.png', 'image_463717837422399.png', 'http://localhost:9000/fitness-bucket/avatars/879c0948-cd47-499a-8a4e-565570fffc2f.png', 'image/png', 1603773, false, '2026-03-19 10:07:00.148757', 1);
INSERT INTO public.sys_file (id, file_name, original_name, file_url, file_type, file_size, deleted, create_time, create_by) VALUES (20, '2a4c076c-57c8-444c-b24d-bfda51d2bf8e.png', 'image_721063775291121.png', 'http://localhost:9000/fitness-bucket/avatars/2a4c076c-57c8-444c-b24d-bfda51d2bf8e.png', 'image/png', 2084748, false, '2026-03-19 10:07:06.555852', 1);
INSERT INTO public.sys_file (id, file_name, original_name, file_url, file_type, file_size, deleted, create_time, create_by) VALUES (21, '4db20ddf-d20f-4f57-9279-be2ac8172bd9.png', 'image_463717837422399.png', 'http://localhost:9000/fitness-bucket/avatars/4db20ddf-d20f-4f57-9279-be2ac8172bd9.png', 'image/png', 1603773, false, '2026-03-19 10:28:34.645854', 4);
INSERT INTO public.sys_file (id, file_name, original_name, file_url, file_type, file_size, deleted, create_time, create_by) VALUES (22, 'a03efcb4-4ca5-421d-ba44-4528612e562f.png', 'image_721063775291121.png', 'http://localhost:9000/fitness-bucket/avatars/a03efcb4-4ca5-421d-ba44-4528612e562f.png', 'image/png', 2084748, false, '2026-03-19 10:28:40.382723', 4);
INSERT INTO public.sys_file (id, file_name, original_name, file_url, file_type, file_size, deleted, create_time, create_by) VALUES (23, '72f40880-af12-4bba-a854-34fc7816c3ea.png', 'image_518676066550271.png', 'http://localhost:9000/fitness-bucket/avatars/72f40880-af12-4bba-a854-34fc7816c3ea.png', 'image/png', 1603773, false, '2026-03-19 10:30:28.42721', 1);
INSERT INTO public.sys_file (id, file_name, original_name, file_url, file_type, file_size, deleted, create_time, create_by) VALUES (24, 'ed3bc844-9265-4d85-b24d-060818787f23.png', 'image_721063775291121.png', 'http://localhost:9000/fitness-bucket/avatars/ed3bc844-9265-4d85-b24d-060818787f23.png', 'image/png', 2084748, false, '2026-03-19 10:41:51.745831', 1);
INSERT INTO public.sys_file (id, file_name, original_name, file_url, file_type, file_size, deleted, create_time, create_by) VALUES (25, '2bb67fa4-d68d-45b9-94bc-247c2c3bd7d5.png', 'image_463717837422399.png', 'http://localhost:9000/fitness-bucket/avatars/2bb67fa4-d68d-45b9-94bc-247c2c3bd7d5.png', 'image/png', 1603773, false, '2026-03-19 10:41:57.767486', 1);
INSERT INTO public.sys_file (id, file_name, original_name, file_url, file_type, file_size, deleted, create_time, create_by) VALUES (26, 'baf8eeb8-3f15-41da-9067-c2c64ecf8b88.jpg', 'Sunset_Over_Lake_Lugano_by_Alexey_Kulik.jpg', 'http://localhost:9000/fitness-bucket/images/baf8eeb8-3f15-41da-9067-c2c64ecf8b88.jpg', 'image/jpeg', 2253517, false, '2026-03-19 14:08:19.811381', 1);
INSERT INTO public.sys_file (id, file_name, original_name, file_url, file_type, file_size, deleted, create_time, create_by) VALUES (27, '48e46e41-ea31-4816-b368-30dee9d3dc9a.jpg', '3135025.jpg', 'http://localhost:9000/fitness-bucket/images/48e46e41-ea31-4816-b368-30dee9d3dc9a.jpg', 'image/jpeg', 22520, false, '2026-03-19 14:23:37.944465', 1);
INSERT INTO public.sys_file (id, file_name, original_name, file_url, file_type, file_size, deleted, create_time, create_by) VALUES (30, 'bc6b1e28-c709-4a3a-be74-4fe4e92a55e0.png', '【哲风壁纸】Windows 错误-乌鲁木齐.png', 'http://localhost:9000/fitness-bucket/images/bc6b1e28-c709-4a3a-be74-4fe4e92a55e0.png', 'image/png', 80240, true, '2026-03-19 15:53:37.631482', 1);
INSERT INTO public.sys_file (id, file_name, original_name, file_url, file_type, file_size, deleted, create_time, create_by) VALUES (31, 'aa5909ae-b8b1-4d73-a58c-9bf69195cca3.png', '【哲风壁纸】Windows 错误-乌鲁木齐.png', 'http://localhost:9000/fitness-bucket/images/aa5909ae-b8b1-4d73-a58c-9bf69195cca3.png', 'image/png', 80240, true, '2026-03-19 15:57:26.675778', 1);
INSERT INTO public.sys_file (id, file_name, original_name, file_url, file_type, file_size, deleted, create_time, create_by) VALUES (32, '24e0f8ba-46a5-4c70-9ba7-b4433e3bd380.png', '【哲风壁纸】Windows 错误-乌鲁木齐.png', 'http://localhost:9000/fitness-bucket/images/24e0f8ba-46a5-4c70-9ba7-b4433e3bd380.png', 'image/png', 80240, true, '2026-03-19 16:04:23.415494', 1);
INSERT INTO public.sys_file (id, file_name, original_name, file_url, file_type, file_size, deleted, create_time, create_by) VALUES (18, '95d296f5-cc3c-4bc5-baaf-889f13d2290b.png', '【哲风壁纸】初音-初音未来.png', 'http://localhost:9000/fitness-bucket/courses/95d296f5-cc3c-4bc5-baaf-889f13d2290b.png', 'image/png', 11447640, true, '2026-03-19 09:35:33.975168', 4);
INSERT INTO public.sys_file (id, file_name, original_name, file_url, file_type, file_size, deleted, create_time, create_by) VALUES (47, '653afdda-db04-4610-bdfc-1cebbbbda872.webp', '椭圆机.webp', 'http://localhost:9000/fitness-bucket/images/653afdda-db04-4610-bdfc-1cebbbbda872.webp', 'image/webp', 9170, false, '2026-03-20 09:56:53.74904', 25);
INSERT INTO public.sys_file (id, file_name, original_name, file_url, file_type, file_size, deleted, create_time, create_by) VALUES (37, '7bfcf034-8969-45a4-b5f7-38b5ebb5db12.png', 'image_819021454612897.png', 'http://localhost:9000/fitness-bucket/avatars/7bfcf034-8969-45a4-b5f7-38b5ebb5db12.png', 'image/png', 1959119, false, '2026-03-19 17:43:49.114039', 1);
INSERT INTO public.sys_file (id, file_name, original_name, file_url, file_type, file_size, deleted, create_time, create_by) VALUES (39, '242afab3-3bf1-4433-b2ef-35f2d96c95f0.png', 'image_819021454612897.png', 'http://localhost:9000/fitness-bucket/avatars/242afab3-3bf1-4433-b2ef-35f2d96c95f0.png', 'image/png', 1959119, false, '2026-03-19 17:45:30.051845', 1);
INSERT INTO public.sys_file (id, file_name, original_name, file_url, file_type, file_size, deleted, create_time, create_by) VALUES (40, '9fe16f80-d550-4873-be3f-42a7a3fd3f21.png', 'image_878707366438283.png', 'http://localhost:9000/fitness-bucket/avatars/9fe16f80-d550-4873-be3f-42a7a3fd3f21.png', 'image/png', 1927213, false, '2026-03-19 17:45:38.981182', 1);
INSERT INTO public.sys_file (id, file_name, original_name, file_url, file_type, file_size, deleted, create_time, create_by) VALUES (41, '2f9c4455-75e9-4cdf-890c-dac47873c5d8.png', 'image_518676066550271.png', 'http://localhost:9000/fitness-bucket/avatars/2f9c4455-75e9-4cdf-890c-dac47873c5d8.png', 'image/png', 1603773, true, '2026-03-19 17:46:34.112671', 1);
INSERT INTO public.sys_file (id, file_name, original_name, file_url, file_type, file_size, deleted, create_time, create_by) VALUES (43, 'bb463e74-65e4-434a-ae8a-11a68c07e602.png', '【哲风壁纸】AI-AI太极.png', 'http://localhost:9000/fitness-bucket/courses/bb463e74-65e4-434a-ae8a-11a68c07e602.png', 'image/png', 11977846, false, '2026-03-19 18:25:01.755767', 1);
INSERT INTO public.sys_file (id, file_name, original_name, file_url, file_type, file_size, deleted, create_time, create_by) VALUES (42, '6ca911c8-a006-4f94-981c-a0bb69026511.png', 'image_518676066550271.png', 'http://localhost:9000/fitness-bucket/courses/6ca911c8-a006-4f94-981c-a0bb69026511.png', 'image/png', 1603773, true, '2026-03-19 18:24:43.607363', 1);
INSERT INTO public.sys_file (id, file_name, original_name, file_url, file_type, file_size, deleted, create_time, create_by) VALUES (45, '86884a19-c437-4b0f-89c4-ee6607e31c44.png', 'image_747007024967304.png', 'http://localhost:9000/fitness-bucket/images/86884a19-c437-4b0f-89c4-ee6607e31c44.png', 'image/png', 2237930, false, '2026-03-20 09:50:49.522226', 25);
INSERT INTO public.sys_file (id, file_name, original_name, file_url, file_type, file_size, deleted, create_time, create_by) VALUES (46, '2d9dcb24-f2a3-4d62-9d90-4b41eb136dd6.png', 'image_747007024967304.png', 'http://localhost:9000/fitness-bucket/images/2d9dcb24-f2a3-4d62-9d90-4b41eb136dd6.png', 'image/png', 2237930, false, '2026-03-20 09:56:37.409255', 25);
INSERT INTO public.sys_file (id, file_name, original_name, file_url, file_type, file_size, deleted, create_time, create_by) VALUES (44, '60c56080-2821-42ce-a7c4-09b5c785c459.png', '【哲风壁纸】动漫-动漫美女.png', 'http://localhost:9000/fitness-bucket/images/60c56080-2821-42ce-a7c4-09b5c785c459.png', 'image/png', 1587988, true, '2026-03-19 21:59:14.659642', 1);
INSERT INTO public.sys_file (id, file_name, original_name, file_url, file_type, file_size, deleted, create_time, create_by) VALUES (38, 'f33fffdd-55f5-4458-bc0a-ac5a72a582d6.png', 'image_731324710652147.png', 'http://localhost:9000/fitness-bucket/avatars/f33fffdd-55f5-4458-bc0a-ac5a72a582d6.png', 'image/png', 1915623, true, '2026-03-19 17:44:40.039279', 1);
INSERT INTO public.sys_file (id, file_name, original_name, file_url, file_type, file_size, deleted, create_time, create_by) VALUES (54, '6c4e6702-b003-4e10-b1b4-faba159e9435.png', '【哲风壁纸】动漫-动漫美女.png', 'http://localhost:9000/fitness-bucket/avatars/6c4e6702-b003-4e10-b1b4-faba159e9435.png', 'image/png', 1587988, false, '2026-03-23 11:41:56.147715', 1);
INSERT INTO public.sys_file (id, file_name, original_name, file_url, file_type, file_size, deleted, create_time, create_by) VALUES (53, 'f2038696-1bb1-40cd-a3c2-0976a5faebd9.png', '【哲风壁纸】个性-人物壁纸.png', 'http://localhost:9000/fitness-bucket/avatars/f2038696-1bb1-40cd-a3c2-0976a5faebd9.png', 'image/png', 743210, true, '2026-03-23 11:41:33.899563', 1);
INSERT INTO public.sys_file (id, file_name, original_name, file_url, file_type, file_size, deleted, create_time, create_by) VALUES (55, '4f046c2b-84d6-4752-ac1c-444e21efba6d.png', '【哲风壁纸】个性-人物壁纸.png', 'http://localhost:9000/fitness-bucket/courses/4f046c2b-84d6-4752-ac1c-444e21efba6d.png', 'image/png', 743210, false, '2026-03-23 11:46:24.928675', 28);
INSERT INTO public.sys_file (id, file_name, original_name, file_url, file_type, file_size, deleted, create_time, create_by) VALUES (56, '676af0b8-147f-4b38-b21a-e1d58270f86a.png', '【哲风壁纸】景观-树-自然.png', 'http://localhost:9000/fitness-bucket/courses/676af0b8-147f-4b38-b21a-e1d58270f86a.png', 'image/png', 1482999, false, '2026-03-23 11:46:38.833316', 28);
INSERT INTO public.sys_file (id, file_name, original_name, file_url, file_type, file_size, deleted, create_time, create_by) VALUES (58, '5dbc79c4-04cf-4732-ab89-8dab48106b59.png', '【哲风壁纸】景观-树-自然.png', 'http://localhost:9000/fitness-bucket/courses/5dbc79c4-04cf-4732-ab89-8dab48106b59.png', 'image/png', 1482999, false, '2026-03-23 12:01:40.833229', 1);
INSERT INTO public.sys_file (id, file_name, original_name, file_url, file_type, file_size, deleted, create_time, create_by) VALUES (59, 'ea53a474-7913-4b91-8891-affab9c4c817.webp', '深蹲架.webp', 'http://localhost:9000/fitness-bucket/images/ea53a474-7913-4b91-8891-affab9c4c817.webp', 'image/webp', 12134, false, '2026-03-23 12:02:32.122574', 1);
INSERT INTO public.sys_file (id, file_name, original_name, file_url, file_type, file_size, deleted, create_time, create_by) VALUES (51, '9234a16e-dac3-4525-b7f3-ce270ce7ced9.webp', '深蹲架.webp', 'http://localhost:9000/fitness-bucket/images/9234a16e-dac3-4525-b7f3-ce270ce7ced9.webp', 'image/webp', 12134, true, '2026-03-20 10:04:51.88706', 25);
INSERT INTO public.sys_file (id, file_name, original_name, file_url, file_type, file_size, deleted, create_time, create_by) VALUES (60, '386af704-7200-4a28-b063-1ecb08888cce.png', '【哲风壁纸】景观-树-自然.png', 'http://localhost:9000/fitness-bucket/courses/386af704-7200-4a28-b063-1ecb08888cce.png', 'image/png', 1482999, false, '2026-03-23 12:06:05.969222', 1);
INSERT INTO public.sys_file (id, file_name, original_name, file_url, file_type, file_size, deleted, create_time, create_by) VALUES (61, '8fa3758c-0748-4cbb-864d-978ce22794d0.png', '屏幕截图 2026-01-13 234056.png', 'http://localhost:9000/fitness-bucket/avatars/8fa3758c-0748-4cbb-864d-978ce22794d0.png', 'image/png', 591336, false, '2026-03-23 13:23:57.203551', 1);
INSERT INTO public.sys_file (id, file_name, original_name, file_url, file_type, file_size, deleted, create_time, create_by) VALUES (57, '14919d61-b3ed-4a9f-8378-810330710de2.png', '【哲风壁纸】个性-人物壁纸.png', 'http://localhost:9000/fitness-bucket/avatars/14919d61-b3ed-4a9f-8378-810330710de2.png', 'image/png', 743210, true, '2026-03-23 12:01:16.389277', 1);
INSERT INTO public.sys_file (id, file_name, original_name, file_url, file_type, file_size, deleted, create_time, create_by) VALUES (62, 'f9826a88-7f96-4395-acb5-be2aef431636.png', '【哲风壁纸】景观-树-自然.png', 'http://localhost:9000/fitness-bucket/courses/f9826a88-7f96-4395-acb5-be2aef431636.png', 'image/png', 1482999, false, '2026-03-23 13:24:31.736743', 1);
INSERT INTO public.sys_file (id, file_name, original_name, file_url, file_type, file_size, deleted, create_time, create_by) VALUES (52, 'e9e52412-7cfe-4bc5-860c-e32a6485d31b.webp', '龙门架.webp', 'http://localhost:9000/fitness-bucket/images/e9e52412-7cfe-4bc5-860c-e32a6485d31b.webp', 'image/webp', 9720, true, '2026-03-20 10:05:27.743374', 25);
INSERT INTO public.sys_file (id, file_name, original_name, file_url, file_type, file_size, deleted, create_time, create_by) VALUES (63, '4d4cc124-93f3-46f8-b068-272a5af29bb3.png', '【哲风壁纸】AI-AI太极.png', 'http://localhost:9000/fitness-bucket/images/4d4cc124-93f3-46f8-b068-272a5af29bb3.png', 'image/png', 11977846, true, '2026-03-23 13:25:08.961714', 1);
INSERT INTO public.sys_file (id, file_name, original_name, file_url, file_type, file_size, deleted, create_time, create_by) VALUES (66, '5f937e1c-1edc-40e1-a35e-2caf08aae1ad.webp', '瑜伽球.webp', 'http://localhost:9000/fitness-bucket/images/5f937e1c-1edc-40e1-a35e-2caf08aae1ad.webp', 'image/webp', 11650, false, '2026-03-25 10:30:00.352791', 1);
INSERT INTO public.sys_file (id, file_name, original_name, file_url, file_type, file_size, deleted, create_time, create_by) VALUES (67, '9ae6ea7d-0294-4871-ae26-b708494c71d5.jpg', 'debian-logo-dark-background-10zu51iv4e1tuvgo.jpg', 'http://localhost:9000/fitness-bucket/avatars/9ae6ea7d-0294-4871-ae26-b708494c71d5.jpg', 'image/jpeg', 21451, false, '2026-03-26 01:32:13.656246', 1);
INSERT INTO public.sys_file (id, file_name, original_name, file_url, file_type, file_size, deleted, create_time, create_by) VALUES (68, 'af1b61e7-055a-4400-9d7c-8de9bac50d95.png', 'image_918983177997634.png', 'http://localhost:9000/fitness-bucket/avatars/af1b61e7-055a-4400-9d7c-8de9bac50d95.png', 'image/png', 1740154, false, '2026-03-26 09:43:10.557951', 1);
INSERT INTO public.sys_file (id, file_name, original_name, file_url, file_type, file_size, deleted, create_time, create_by) VALUES (69, '4c89e66e-1a04-4499-b947-925d7e22085c.png', 'image_421650360345456.png', 'http://localhost:9000/fitness-bucket/avatars/4c89e66e-1a04-4499-b947-925d7e22085c.png', 'image/png', 1941915, false, '2026-03-26 09:45:02.292937', 1);
INSERT INTO public.sys_file (id, file_name, original_name, file_url, file_type, file_size, deleted, create_time, create_by) VALUES (70, 'c7734d43-52aa-45bf-8437-8e62e500b107.png', 'image_747007024967304.png', 'http://localhost:9000/fitness-bucket/courses/c7734d43-52aa-45bf-8437-8e62e500b107.png', 'image/png', 2237930, false, '2026-03-26 10:24:03.544936', 1);
INSERT INTO public.sys_file (id, file_name, original_name, file_url, file_type, file_size, deleted, create_time, create_by) VALUES (71, '33bb448d-188c-4762-8e31-e7c613829370.png', '【哲风壁纸】Windows 错误-乌鲁木齐.png', 'http://localhost:9000/fitness-bucket/courses/33bb448d-188c-4762-8e31-e7c613829370.png', 'image/png', 80240, false, '2026-03-26 10:24:13.113776', 1);
INSERT INTO public.sys_file (id, file_name, original_name, file_url, file_type, file_size, deleted, create_time, create_by) VALUES (72, '1556542d-d68b-48de-9ced-8382b6d79750.png', '【哲风壁纸】景观-树-自然.png', 'http://localhost:9000/fitness-bucket/banner/1556542d-d68b-48de-9ced-8382b6d79750.png', 'image/png', 1482999, false, '2026-03-26 14:35:32.003594', 1);
INSERT INTO public.sys_file (id, file_name, original_name, file_url, file_type, file_size, deleted, create_time, create_by) VALUES (73, 'fbab5371-0b0e-4d99-bb39-724a49c01014.jpg', 'Sunset_Over_Lake_Lugano_by_Alexey_Kulik.jpg', 'http://localhost:9000/fitness-bucket/banner/fbab5371-0b0e-4d99-bb39-724a49c01014.jpg', 'image/jpeg', 2253517, false, '2026-03-26 14:40:13.836238', 1);
INSERT INTO public.sys_file (id, file_name, original_name, file_url, file_type, file_size, deleted, create_time, create_by) VALUES (74, 'cd359879-9b56-45a2-8f6c-a69dad6278e8.jpg', 'Obersee_by_Uday_Nakade.jpg', 'http://localhost:9000/fitness-bucket/banner/cd359879-9b56-45a2-8f6c-a69dad6278e8.jpg', 'image/jpeg', 2667769, false, '2026-03-26 15:07:40.483244', 1);
INSERT INTO public.sys_file (id, file_name, original_name, file_url, file_type, file_size, deleted, create_time, create_by) VALUES (78, 'c48ffc7b-6e24-4aa2-b4e9-574ee75d5e30.png', '【哲风壁纸】单色花卉-层叠背景.png', 'http://localhost:9000/fitness-bucket/courses/c48ffc7b-6e24-4aa2-b4e9-574ee75d5e30.png', 'image/png', 3609057, false, '2026-03-26 18:45:33.438535', 1);
INSERT INTO public.sys_file (id, file_name, original_name, file_url, file_type, file_size, deleted, create_time, create_by) VALUES (79, '29116749-67f2-48a5-acde-1a311993c4a4.png', '【哲风壁纸】夜空-树干-树枝.png', 'http://localhost:9000/fitness-bucket/courses/29116749-67f2-48a5-acde-1a311993c4a4.png', 'image/png', 2167846, false, '2026-03-26 18:47:42.615078', 1);
INSERT INTO public.sys_file (id, file_name, original_name, file_url, file_type, file_size, deleted, create_time, create_by) VALUES (76, 'aebaefe2-c18e-4e3a-b3ae-835d0c3b700e.jpg', 'Sunset_Over_Lake_Lugano_by_Alexey_Kulik.jpg', 'http://localhost:9000/fitness-bucket/banner/aebaefe2-c18e-4e3a-b3ae-835d0c3b700e.jpg', 'image/jpeg', 2253517, true, '2026-03-26 16:04:40.17573', 1);
INSERT INTO public.sys_file (id, file_name, original_name, file_url, file_type, file_size, deleted, create_time, create_by) VALUES (75, '32388849-f18b-4e05-89e4-f4f43a273942.jpg', 'Obersee_by_Uday_Nakade.jpg', 'http://localhost:9000/fitness-bucket/banner/32388849-f18b-4e05-89e4-f4f43a273942.jpg', 'image/jpeg', 2667769, true, '2026-03-26 15:39:10.814992', 1);
INSERT INTO public.sys_file (id, file_name, original_name, file_url, file_type, file_size, deleted, create_time, create_by) VALUES (82, 'ffcce74e-c500-401f-a4bb-01eb00c814e1.png', '【哲风壁纸】云-天空-插图.png', 'http://localhost:9000/fitness-bucket/coach-images/3/ffcce74e-c500-401f-a4bb-01eb00c814e1.png', 'image/png', 297204, true, '2026-03-27 11:04:56.318588', 3);
INSERT INTO public.sys_file (id, file_name, original_name, file_url, file_type, file_size, deleted, create_time, create_by) VALUES (84, '72ba71d1-fa58-45b5-a32f-32ef71c55545.jpg', 'pexels-anastasia-shuraeva-4944435.jpg', 'http://localhost:9000/fitness-bucket/banner/72ba71d1-fa58-45b5-a32f-32ef71c55545.jpg', 'image/jpeg', 2168862, false, '2026-03-27 11:31:13.592067', 1);
INSERT INTO public.sys_file (id, file_name, original_name, file_url, file_type, file_size, deleted, create_time, create_by) VALUES (77, '989df525-f5f2-4e2b-b794-ef0aa84f6236.png', '【哲风壁纸】景观-树-自然.png', 'http://localhost:9000/fitness-bucket/banner/989df525-f5f2-4e2b-b794-ef0aa84f6236.png', 'image/png', 1482999, true, '2026-03-26 16:07:15.322664', 1);
INSERT INTO public.sys_file (id, file_name, original_name, file_url, file_type, file_size, deleted, create_time, create_by) VALUES (85, '555530c2-c081-4bdb-94a3-a447d0b913a5.jpg', 'pexels-totalshape-6046978.jpg', 'http://localhost:9000/fitness-bucket/banner/555530c2-c081-4bdb-94a3-a447d0b913a5.jpg', 'image/jpeg', 631201, false, '2026-03-27 11:31:23.737528', 1);
INSERT INTO public.sys_file (id, file_name, original_name, file_url, file_type, file_size, deleted, create_time, create_by) VALUES (86, '953b5740-f8e3-43eb-a612-171b4b5dbc89.jpg', 'pexels-anastasia-shuraeva-4944427.jpg', 'http://localhost:9000/fitness-bucket/banner/953b5740-f8e3-43eb-a612-171b4b5dbc89.jpg', 'image/jpeg', 1607206, false, '2026-03-27 11:31:30.805519', 1);
INSERT INTO public.sys_file (id, file_name, original_name, file_url, file_type, file_size, deleted, create_time, create_by) VALUES (83, '07bf80b2-bac8-4269-be89-632c14a17e3d.png', '【哲风壁纸】云-天空-插图.png', 'http://localhost:9000/fitness-bucket/coach-images/3/07bf80b2-bac8-4269-be89-632c14a17e3d.png', 'image/png', 297204, true, '2026-03-27 11:05:22.870625', 3);
INSERT INTO public.sys_file (id, file_name, original_name, file_url, file_type, file_size, deleted, create_time, create_by) VALUES (159, '84ecc2e1-ed5c-4ecc-b8d4-30d7163d8920.webp', '瑜伽垫.webp', 'http://localhost:9000/fitness-bucket/images/84ecc2e1-ed5c-4ecc-b8d4-30d7163d8920.webp', 'image/webp', 4684, false, '2026-04-02 19:40:39.905985', 1);
INSERT INTO public.sys_file (id, file_name, original_name, file_url, file_type, file_size, deleted, create_time, create_by) VALUES (241, '96c145d7-d7b7-4a32-9a56-f49ce9e00e1b.md', '03_课程与预约服务.md', 'http://localhost:9000/fitness-bucket/knowledge/96c145d7-d7b7-4a32-9a56-f49ce9e00e1b.md', 'application/octet-stream', 3341, false, '2026-04-13 00:21:25.42642', 1);


--
-- Data for Name: sys_permission; Type: TABLE DATA; Schema: public; Owner: fitness_user
--

INSERT INTO public.sys_permission (id, permission_name, permission_code, type, parent_id, path, icon, sort_order, deleted, create_time, update_time) VALUES (1, '系统管理', 'system:manage', 1, 0, '/system', 'SettingOutlined', 1, false, '2026-03-17 20:16:05.381041', '2026-03-17 20:16:05.381041');
INSERT INTO public.sys_permission (id, permission_name, permission_code, type, parent_id, path, icon, sort_order, deleted, create_time, update_time) VALUES (2, '用户管理', 'user:manage', 1, 1, '/system/user', 'UserOutlined', 1, false, '2026-03-17 20:16:05.381041', '2026-03-17 20:16:05.381041');
INSERT INTO public.sys_permission (id, permission_name, permission_code, type, parent_id, path, icon, sort_order, deleted, create_time, update_time) VALUES (3, '用户查看', 'user:view', 3, 2, NULL, NULL, 1, false, '2026-03-17 20:16:05.381041', '2026-03-17 20:16:05.381041');
INSERT INTO public.sys_permission (id, permission_name, permission_code, type, parent_id, path, icon, sort_order, deleted, create_time, update_time) VALUES (4, '用户新增', 'user:create', 3, 2, NULL, NULL, 2, false, '2026-03-17 20:16:05.381041', '2026-03-17 20:16:05.381041');
INSERT INTO public.sys_permission (id, permission_name, permission_code, type, parent_id, path, icon, sort_order, deleted, create_time, update_time) VALUES (5, '用户编辑', 'user:update', 3, 2, NULL, NULL, 3, false, '2026-03-17 20:16:05.381041', '2026-03-17 20:16:05.381041');
INSERT INTO public.sys_permission (id, permission_name, permission_code, type, parent_id, path, icon, sort_order, deleted, create_time, update_time) VALUES (6, '用户删除', 'user:delete', 3, 2, NULL, NULL, 4, false, '2026-03-17 20:16:05.381041', '2026-03-17 20:16:05.381041');
INSERT INTO public.sys_permission (id, permission_name, permission_code, type, parent_id, path, icon, sort_order, deleted, create_time, update_time) VALUES (7, '角色管理', 'role:manage', 1, 1, '/system/role', 'TeamOutlined', 2, false, '2026-03-17 20:16:05.381041', '2026-03-17 20:16:05.381041');
INSERT INTO public.sys_permission (id, permission_name, permission_code, type, parent_id, path, icon, sort_order, deleted, create_time, update_time) VALUES (8, '角色查看', 'role:view', 3, 7, NULL, NULL, 1, false, '2026-03-17 20:16:05.381041', '2026-03-17 20:16:05.381041');
INSERT INTO public.sys_permission (id, permission_name, permission_code, type, parent_id, path, icon, sort_order, deleted, create_time, update_time) VALUES (9, '角色新增', 'role:create', 3, 7, NULL, NULL, 2, false, '2026-03-17 20:16:05.381041', '2026-03-17 20:16:05.381041');
INSERT INTO public.sys_permission (id, permission_name, permission_code, type, parent_id, path, icon, sort_order, deleted, create_time, update_time) VALUES (10, '角色编辑', 'role:update', 3, 7, NULL, NULL, 3, false, '2026-03-17 20:16:05.381041', '2026-03-17 20:16:05.381041');
INSERT INTO public.sys_permission (id, permission_name, permission_code, type, parent_id, path, icon, sort_order, deleted, create_time, update_time) VALUES (11, '角色删除', 'role:delete', 3, 7, NULL, NULL, 4, false, '2026-03-17 20:16:05.381041', '2026-03-17 20:16:05.381041');
INSERT INTO public.sys_permission (id, permission_name, permission_code, type, parent_id, path, icon, sort_order, deleted, create_time, update_time) VALUES (12, '课程管理', 'course:manage', 1, 0, '/course', 'CalendarOutlined', 2, false, '2026-03-17 20:16:05.381041', '2026-03-17 20:16:05.381041');
INSERT INTO public.sys_permission (id, permission_name, permission_code, type, parent_id, path, icon, sort_order, deleted, create_time, update_time) VALUES (13, '课程查看', 'course:view', 3, 12, NULL, NULL, 1, false, '2026-03-17 20:16:05.381041', '2026-03-17 20:16:05.381041');
INSERT INTO public.sys_permission (id, permission_name, permission_code, type, parent_id, path, icon, sort_order, deleted, create_time, update_time) VALUES (14, '课程新增', 'course:create', 3, 12, NULL, NULL, 2, false, '2026-03-17 20:16:05.381041', '2026-03-17 20:16:05.381041');
INSERT INTO public.sys_permission (id, permission_name, permission_code, type, parent_id, path, icon, sort_order, deleted, create_time, update_time) VALUES (15, '课程编辑', 'course:update', 3, 12, NULL, NULL, 3, false, '2026-03-17 20:16:05.381041', '2026-03-17 20:16:05.381041');
INSERT INTO public.sys_permission (id, permission_name, permission_code, type, parent_id, path, icon, sort_order, deleted, create_time, update_time) VALUES (16, '课程删除', 'course:delete', 3, 12, NULL, NULL, 4, false, '2026-03-17 20:16:05.381041', '2026-03-17 20:16:05.381041');
INSERT INTO public.sys_permission (id, permission_name, permission_code, type, parent_id, path, icon, sort_order, deleted, create_time, update_time) VALUES (17, '预约管理', 'booking:manage', 1, 0, '/booking', 'BookOutlined', 3, false, '2026-03-17 20:16:05.381041', '2026-03-17 20:16:05.381041');
INSERT INTO public.sys_permission (id, permission_name, permission_code, type, parent_id, path, icon, sort_order, deleted, create_time, update_time) VALUES (18, '预约查看', 'booking:view', 3, 17, NULL, NULL, 1, false, '2026-03-17 20:16:05.381041', '2026-03-17 20:16:05.381041');
INSERT INTO public.sys_permission (id, permission_name, permission_code, type, parent_id, path, icon, sort_order, deleted, create_time, update_time) VALUES (19, '预约审核', 'booking:audit', 3, 17, NULL, NULL, 2, false, '2026-03-17 20:16:05.381041', '2026-03-17 20:16:05.381041');
INSERT INTO public.sys_permission (id, permission_name, permission_code, type, parent_id, path, icon, sort_order, deleted, create_time, update_time) VALUES (20, '我的预约', 'booking:my', 3, 17, NULL, NULL, 3, false, '2026-03-17 20:16:05.381041', '2026-03-17 20:16:05.381041');
INSERT INTO public.sys_permission (id, permission_name, permission_code, type, parent_id, path, icon, sort_order, deleted, create_time, update_time) VALUES (21, '器材管理', 'equipment:manage', 1, 0, '/equipment', 'ToolOutlined', 4, false, '2026-03-17 20:16:05.381041', '2026-03-17 20:16:05.381041');
INSERT INTO public.sys_permission (id, permission_name, permission_code, type, parent_id, path, icon, sort_order, deleted, create_time, update_time) VALUES (22, '器材查看', 'equipment:view', 3, 21, NULL, NULL, 1, false, '2026-03-17 20:16:05.381041', '2026-03-17 20:16:05.381041');
INSERT INTO public.sys_permission (id, permission_name, permission_code, type, parent_id, path, icon, sort_order, deleted, create_time, update_time) VALUES (23, '器材新增', 'equipment:create', 3, 21, NULL, NULL, 2, false, '2026-03-17 20:16:05.381041', '2026-03-17 20:16:05.381041');
INSERT INTO public.sys_permission (id, permission_name, permission_code, type, parent_id, path, icon, sort_order, deleted, create_time, update_time) VALUES (24, '器材编辑', 'equipment:update', 3, 21, NULL, NULL, 3, false, '2026-03-17 20:16:05.381041', '2026-03-17 20:16:05.381041');
INSERT INTO public.sys_permission (id, permission_name, permission_code, type, parent_id, path, icon, sort_order, deleted, create_time, update_time) VALUES (25, '器材删除', 'equipment:delete', 3, 21, NULL, NULL, 4, false, '2026-03-17 20:16:05.381041', '2026-03-17 20:16:05.381041');
INSERT INTO public.sys_permission (id, permission_name, permission_code, type, parent_id, path, icon, sort_order, deleted, create_time, update_time) VALUES (26, '报修管理', 'repair:manage', 1, 0, '/repair', 'WarningOutlined', 5, false, '2026-03-17 20:16:05.381041', '2026-03-17 20:16:05.381041');
INSERT INTO public.sys_permission (id, permission_name, permission_code, type, parent_id, path, icon, sort_order, deleted, create_time, update_time) VALUES (27, '报修查看', 'repair:view', 3, 26, NULL, NULL, 1, false, '2026-03-17 20:16:05.381041', '2026-03-17 20:16:05.381041');
INSERT INTO public.sys_permission (id, permission_name, permission_code, type, parent_id, path, icon, sort_order, deleted, create_time, update_time) VALUES (28, '报修处理', 'repair:handle', 3, 26, NULL, NULL, 2, false, '2026-03-17 20:16:05.381041', '2026-03-17 20:16:05.381041');
INSERT INTO public.sys_permission (id, permission_name, permission_code, type, parent_id, path, icon, sort_order, deleted, create_time, update_time) VALUES (29, '提交报修', 'repair:create', 3, 26, NULL, NULL, 3, false, '2026-03-17 20:16:05.381041', '2026-03-17 20:16:05.381041');
INSERT INTO public.sys_permission (id, permission_name, permission_code, type, parent_id, path, icon, sort_order, deleted, create_time, update_time) VALUES (30, '健身计划', 'plan:manage', 1, 0, '/plan', 'FileTextOutlined', 6, false, '2026-03-17 20:16:05.381041', '2026-03-17 20:16:05.381041');
INSERT INTO public.sys_permission (id, permission_name, permission_code, type, parent_id, path, icon, sort_order, deleted, create_time, update_time) VALUES (31, '计划查看', 'plan:view', 3, 30, NULL, NULL, 1, false, '2026-03-17 20:16:05.381041', '2026-03-17 20:16:05.381041');
INSERT INTO public.sys_permission (id, permission_name, permission_code, type, parent_id, path, icon, sort_order, deleted, create_time, update_time) VALUES (32, '计划新增', 'plan:create', 3, 30, NULL, NULL, 2, false, '2026-03-17 20:16:05.381041', '2026-03-17 20:16:05.381041');
INSERT INTO public.sys_permission (id, permission_name, permission_code, type, parent_id, path, icon, sort_order, deleted, create_time, update_time) VALUES (33, '计划编辑', 'plan:update', 3, 30, NULL, NULL, 3, false, '2026-03-17 20:16:05.381041', '2026-03-17 20:16:05.381041');
INSERT INTO public.sys_permission (id, permission_name, permission_code, type, parent_id, path, icon, sort_order, deleted, create_time, update_time) VALUES (34, '计划删除', 'plan:delete', 3, 30, NULL, NULL, 4, false, '2026-03-17 20:16:05.381041', '2026-03-17 20:16:05.381041');
INSERT INTO public.sys_permission (id, permission_name, permission_code, type, parent_id, path, icon, sort_order, deleted, create_time, update_time) VALUES (35, 'AI计划生成', 'plan:ai-generate', 3, 30, NULL, NULL, 5, false, '2026-03-17 20:16:05.381041', '2026-03-17 20:16:05.381041');
INSERT INTO public.sys_permission (id, permission_name, permission_code, type, parent_id, path, icon, sort_order, deleted, create_time, update_time) VALUES (36, '数据统计', 'statistics:manage', 1, 0, '/statistics', 'BarChartOutlined', 7, false, '2026-03-17 20:16:05.381041', '2026-03-17 20:16:05.381041');
INSERT INTO public.sys_permission (id, permission_name, permission_code, type, parent_id, path, icon, sort_order, deleted, create_time, update_time) VALUES (37, '运营概览', 'statistics:overview', 3, 36, NULL, NULL, 1, false, '2026-03-17 20:16:05.381041', '2026-03-17 20:16:05.381041');
INSERT INTO public.sys_permission (id, permission_name, permission_code, type, parent_id, path, icon, sort_order, deleted, create_time, update_time) VALUES (38, '课程统计', 'statistics:course', 3, 36, NULL, NULL, 2, false, '2026-03-17 20:16:05.381041', '2026-03-17 20:16:05.381041');
INSERT INTO public.sys_permission (id, permission_name, permission_code, type, parent_id, path, icon, sort_order, deleted, create_time, update_time) VALUES (39, '用户统计', 'statistics:user', 3, 36, NULL, NULL, 3, false, '2026-03-17 20:16:05.381041', '2026-03-17 20:16:05.381041');


--
-- Data for Name: sys_role; Type: TABLE DATA; Schema: public; Owner: fitness_user
--

INSERT INTO public.sys_role (id, role_name, role_code, description, deleted, create_time, update_time) VALUES (1, '系统管理员', 'ADMIN', '拥有系统所有权限，负责系统管理和配置', false, '2026-03-17 20:16:05.381041', '2026-03-17 20:16:05.381041');
INSERT INTO public.sys_role (id, role_name, role_code, description, deleted, create_time, update_time) VALUES (2, '教练', 'COACH', '负责课程管理和会员指导', false, '2026-03-17 20:16:05.381041', '2026-03-17 20:16:05.381041');
INSERT INTO public.sys_role (id, role_name, role_code, description, deleted, create_time, update_time) VALUES (3, '会员', 'MEMBER', '普通会员用户，可预约课程和查看计划', false, '2026-03-17 20:16:05.381041', '2026-03-17 20:16:05.381041');


--
-- Data for Name: sys_role_permission; Type: TABLE DATA; Schema: public; Owner: fitness_user
--

INSERT INTO public.sys_role_permission (id, role_id, permission_id, create_time) VALUES (1, 1, 1, '2026-03-17 20:16:05.381041');
INSERT INTO public.sys_role_permission (id, role_id, permission_id, create_time) VALUES (2, 1, 2, '2026-03-17 20:16:05.381041');
INSERT INTO public.sys_role_permission (id, role_id, permission_id, create_time) VALUES (3, 1, 3, '2026-03-17 20:16:05.381041');
INSERT INTO public.sys_role_permission (id, role_id, permission_id, create_time) VALUES (4, 1, 4, '2026-03-17 20:16:05.381041');
INSERT INTO public.sys_role_permission (id, role_id, permission_id, create_time) VALUES (5, 1, 5, '2026-03-17 20:16:05.381041');
INSERT INTO public.sys_role_permission (id, role_id, permission_id, create_time) VALUES (6, 1, 6, '2026-03-17 20:16:05.381041');
INSERT INTO public.sys_role_permission (id, role_id, permission_id, create_time) VALUES (7, 1, 7, '2026-03-17 20:16:05.381041');
INSERT INTO public.sys_role_permission (id, role_id, permission_id, create_time) VALUES (8, 1, 8, '2026-03-17 20:16:05.381041');
INSERT INTO public.sys_role_permission (id, role_id, permission_id, create_time) VALUES (9, 1, 9, '2026-03-17 20:16:05.381041');
INSERT INTO public.sys_role_permission (id, role_id, permission_id, create_time) VALUES (10, 1, 10, '2026-03-17 20:16:05.381041');
INSERT INTO public.sys_role_permission (id, role_id, permission_id, create_time) VALUES (11, 1, 11, '2026-03-17 20:16:05.381041');
INSERT INTO public.sys_role_permission (id, role_id, permission_id, create_time) VALUES (12, 1, 12, '2026-03-17 20:16:05.381041');
INSERT INTO public.sys_role_permission (id, role_id, permission_id, create_time) VALUES (13, 1, 13, '2026-03-17 20:16:05.381041');
INSERT INTO public.sys_role_permission (id, role_id, permission_id, create_time) VALUES (14, 1, 14, '2026-03-17 20:16:05.381041');
INSERT INTO public.sys_role_permission (id, role_id, permission_id, create_time) VALUES (15, 1, 15, '2026-03-17 20:16:05.381041');
INSERT INTO public.sys_role_permission (id, role_id, permission_id, create_time) VALUES (16, 1, 16, '2026-03-17 20:16:05.381041');
INSERT INTO public.sys_role_permission (id, role_id, permission_id, create_time) VALUES (17, 1, 17, '2026-03-17 20:16:05.381041');
INSERT INTO public.sys_role_permission (id, role_id, permission_id, create_time) VALUES (18, 1, 18, '2026-03-17 20:16:05.381041');
INSERT INTO public.sys_role_permission (id, role_id, permission_id, create_time) VALUES (19, 1, 19, '2026-03-17 20:16:05.381041');
INSERT INTO public.sys_role_permission (id, role_id, permission_id, create_time) VALUES (20, 1, 20, '2026-03-17 20:16:05.381041');
INSERT INTO public.sys_role_permission (id, role_id, permission_id, create_time) VALUES (21, 1, 21, '2026-03-17 20:16:05.381041');
INSERT INTO public.sys_role_permission (id, role_id, permission_id, create_time) VALUES (22, 1, 22, '2026-03-17 20:16:05.381041');
INSERT INTO public.sys_role_permission (id, role_id, permission_id, create_time) VALUES (23, 1, 23, '2026-03-17 20:16:05.381041');
INSERT INTO public.sys_role_permission (id, role_id, permission_id, create_time) VALUES (24, 1, 24, '2026-03-17 20:16:05.381041');
INSERT INTO public.sys_role_permission (id, role_id, permission_id, create_time) VALUES (25, 1, 25, '2026-03-17 20:16:05.381041');
INSERT INTO public.sys_role_permission (id, role_id, permission_id, create_time) VALUES (26, 1, 26, '2026-03-17 20:16:05.381041');
INSERT INTO public.sys_role_permission (id, role_id, permission_id, create_time) VALUES (27, 1, 27, '2026-03-17 20:16:05.381041');
INSERT INTO public.sys_role_permission (id, role_id, permission_id, create_time) VALUES (28, 1, 28, '2026-03-17 20:16:05.381041');
INSERT INTO public.sys_role_permission (id, role_id, permission_id, create_time) VALUES (29, 1, 29, '2026-03-17 20:16:05.381041');
INSERT INTO public.sys_role_permission (id, role_id, permission_id, create_time) VALUES (30, 1, 30, '2026-03-17 20:16:05.381041');
INSERT INTO public.sys_role_permission (id, role_id, permission_id, create_time) VALUES (31, 1, 31, '2026-03-17 20:16:05.381041');
INSERT INTO public.sys_role_permission (id, role_id, permission_id, create_time) VALUES (32, 1, 32, '2026-03-17 20:16:05.381041');
INSERT INTO public.sys_role_permission (id, role_id, permission_id, create_time) VALUES (33, 1, 33, '2026-03-17 20:16:05.381041');
INSERT INTO public.sys_role_permission (id, role_id, permission_id, create_time) VALUES (34, 1, 34, '2026-03-17 20:16:05.381041');
INSERT INTO public.sys_role_permission (id, role_id, permission_id, create_time) VALUES (35, 1, 35, '2026-03-17 20:16:05.381041');
INSERT INTO public.sys_role_permission (id, role_id, permission_id, create_time) VALUES (36, 1, 36, '2026-03-17 20:16:05.381041');
INSERT INTO public.sys_role_permission (id, role_id, permission_id, create_time) VALUES (37, 1, 37, '2026-03-17 20:16:05.381041');
INSERT INTO public.sys_role_permission (id, role_id, permission_id, create_time) VALUES (38, 1, 38, '2026-03-17 20:16:05.381041');
INSERT INTO public.sys_role_permission (id, role_id, permission_id, create_time) VALUES (39, 1, 39, '2026-03-17 20:16:05.381041');
INSERT INTO public.sys_role_permission (id, role_id, permission_id, create_time) VALUES (40, 2, 3, '2026-03-17 20:16:05.381041');
INSERT INTO public.sys_role_permission (id, role_id, permission_id, create_time) VALUES (41, 2, 12, '2026-03-17 20:16:05.381041');
INSERT INTO public.sys_role_permission (id, role_id, permission_id, create_time) VALUES (42, 2, 13, '2026-03-17 20:16:05.381041');
INSERT INTO public.sys_role_permission (id, role_id, permission_id, create_time) VALUES (43, 2, 14, '2026-03-17 20:16:05.381041');
INSERT INTO public.sys_role_permission (id, role_id, permission_id, create_time) VALUES (44, 2, 15, '2026-03-17 20:16:05.381041');
INSERT INTO public.sys_role_permission (id, role_id, permission_id, create_time) VALUES (45, 2, 17, '2026-03-17 20:16:05.381041');
INSERT INTO public.sys_role_permission (id, role_id, permission_id, create_time) VALUES (46, 2, 18, '2026-03-17 20:16:05.381041');
INSERT INTO public.sys_role_permission (id, role_id, permission_id, create_time) VALUES (47, 2, 19, '2026-03-17 20:16:05.381041');
INSERT INTO public.sys_role_permission (id, role_id, permission_id, create_time) VALUES (48, 2, 21, '2026-03-17 20:16:05.381041');
INSERT INTO public.sys_role_permission (id, role_id, permission_id, create_time) VALUES (49, 2, 22, '2026-03-17 20:16:05.381041');
INSERT INTO public.sys_role_permission (id, role_id, permission_id, create_time) VALUES (50, 2, 26, '2026-03-17 20:16:05.381041');
INSERT INTO public.sys_role_permission (id, role_id, permission_id, create_time) VALUES (51, 2, 27, '2026-03-17 20:16:05.381041');
INSERT INTO public.sys_role_permission (id, role_id, permission_id, create_time) VALUES (52, 2, 28, '2026-03-17 20:16:05.381041');
INSERT INTO public.sys_role_permission (id, role_id, permission_id, create_time) VALUES (53, 2, 30, '2026-03-17 20:16:05.381041');
INSERT INTO public.sys_role_permission (id, role_id, permission_id, create_time) VALUES (54, 2, 31, '2026-03-17 20:16:05.381041');
INSERT INTO public.sys_role_permission (id, role_id, permission_id, create_time) VALUES (55, 2, 32, '2026-03-17 20:16:05.381041');
INSERT INTO public.sys_role_permission (id, role_id, permission_id, create_time) VALUES (56, 2, 33, '2026-03-17 20:16:05.381041');
INSERT INTO public.sys_role_permission (id, role_id, permission_id, create_time) VALUES (57, 2, 35, '2026-03-17 20:16:05.381041');
INSERT INTO public.sys_role_permission (id, role_id, permission_id, create_time) VALUES (58, 2, 36, '2026-03-17 20:16:05.381041');
INSERT INTO public.sys_role_permission (id, role_id, permission_id, create_time) VALUES (59, 2, 37, '2026-03-17 20:16:05.381041');
INSERT INTO public.sys_role_permission (id, role_id, permission_id, create_time) VALUES (60, 2, 38, '2026-03-17 20:16:05.381041');
INSERT INTO public.sys_role_permission (id, role_id, permission_id, create_time) VALUES (61, 2, 39, '2026-03-17 20:16:05.381041');
INSERT INTO public.sys_role_permission (id, role_id, permission_id, create_time) VALUES (62, 3, 12, '2026-03-17 20:16:05.381041');
INSERT INTO public.sys_role_permission (id, role_id, permission_id, create_time) VALUES (63, 3, 13, '2026-03-17 20:16:05.381041');
INSERT INTO public.sys_role_permission (id, role_id, permission_id, create_time) VALUES (64, 3, 20, '2026-03-17 20:16:05.381041');
INSERT INTO public.sys_role_permission (id, role_id, permission_id, create_time) VALUES (65, 3, 29, '2026-03-17 20:16:05.381041');
INSERT INTO public.sys_role_permission (id, role_id, permission_id, create_time) VALUES (66, 3, 30, '2026-03-17 20:16:05.381041');
INSERT INTO public.sys_role_permission (id, role_id, permission_id, create_time) VALUES (67, 3, 31, '2026-03-17 20:16:05.381041');
INSERT INTO public.sys_role_permission (id, role_id, permission_id, create_time) VALUES (68, 3, 32, '2026-03-17 20:16:05.381041');
INSERT INTO public.sys_role_permission (id, role_id, permission_id, create_time) VALUES (69, 3, 33, '2026-03-17 20:16:05.381041');
INSERT INTO public.sys_role_permission (id, role_id, permission_id, create_time) VALUES (70, 3, 35, '2026-03-17 20:16:05.381041');


--
-- Data for Name: sys_user_role; Type: TABLE DATA; Schema: public; Owner: fitness_user
--

INSERT INTO public.sys_user_role (id, user_id, role_id, create_time) VALUES (1, 1, 1, '2026-03-17 20:16:05.381041');
INSERT INTO public.sys_user_role (id, user_id, role_id, create_time) VALUES (2, 2, 3, '2026-03-18 01:02:16.868584');
INSERT INTO public.sys_user_role (id, user_id, role_id, create_time) VALUES (3, 3, 2, '2026-03-18 01:17:31.721263');
INSERT INTO public.sys_user_role (id, user_id, role_id, create_time) VALUES (4, 4, 2, '2026-03-18 01:17:31.721263');
INSERT INTO public.sys_user_role (id, user_id, role_id, create_time) VALUES (5, 24, 2, '2026-03-19 10:48:40.494371');
INSERT INTO public.sys_user_role (id, user_id, role_id, create_time) VALUES (6, 25, 3, '2026-03-19 17:31:10.58892');
INSERT INTO public.sys_user_role (id, user_id, role_id, create_time) VALUES (7, 26, 3, '2026-03-19 17:44:56.816704');
INSERT INTO public.sys_user_role (id, user_id, role_id, create_time) VALUES (8, 27, 1, '2026-03-19 17:46:35.663856');
INSERT INTO public.sys_user_role (id, user_id, role_id, create_time) VALUES (9, 28, 1, '2026-03-23 11:41:36.575335');
INSERT INTO public.sys_user_role (id, user_id, role_id, create_time) VALUES (10, 29, 3, '2026-03-23 16:00:07.985816');
INSERT INTO public.sys_user_role (id, user_id, role_id, create_time) VALUES (11, 31, 3, '2026-03-25 19:43:17.667542');
INSERT INTO public.sys_user_role (id, user_id, role_id, create_time) VALUES (12, 30, 3, '2026-03-25 19:45:45');
INSERT INTO public.sys_user_role (id, user_id, role_id, create_time) VALUES (13, 32, 2, '2026-03-26 09:43:55.599628');
INSERT INTO public.sys_user_role (id, user_id, role_id, create_time) VALUES (14, 33, 2, '2026-03-26 09:45:03.920514');
INSERT INTO public.sys_user_role (id, user_id, role_id, create_time) VALUES (15, 34, 3, '2026-03-28 10:48:37.128229');
INSERT INTO public.sys_user_role (id, user_id, role_id, create_time) VALUES (16, 35, 3, '2026-04-03 21:50:07.376466');
INSERT INTO public.sys_user_role (id, user_id, role_id, create_time) VALUES (17, 36, 3, '2026-04-07 22:23:21.415778');
INSERT INTO public.sys_user_role (id, user_id, role_id, create_time) VALUES (18, 37, 3, '2026-04-07 22:25:54.648763');
INSERT INTO public.sys_user_role (id, user_id, role_id, create_time) VALUES (19, 38, 3, '2026-04-09 13:36:06.959305');
INSERT INTO public.sys_user_role (id, user_id, role_id, create_time) VALUES (21, 40, 3, '2026-05-07 23:14:53.11774');
INSERT INTO public.sys_user_role (id, user_id, role_id, create_time) VALUES (22, 41, 3, '2026-05-15 20:56:09.596347');
INSERT INTO public.sys_user_role (id, user_id, role_id, create_time) VALUES (23, 42, 3, '2026-05-27 01:02:14.693967');
INSERT INTO public.sys_user_role (id, user_id, role_id, create_time) VALUES (24, 43, 3, '2026-05-27 14:33:33.129886');
INSERT INTO public.sys_user_role (id, user_id, role_id, create_time) VALUES (25, 44, 3, '2026-05-27 18:55:49.108644');
INSERT INTO public.sys_user_role (id, user_id, role_id, create_time) VALUES (26, 45, 3, '2026-05-28 14:05:49.946659');


--
-- Data for Name: user_fitness_profile; Type: TABLE DATA; Schema: public; Owner: fitness_user
--

INSERT INTO public.user_fitness_profile (id, user_id, height, weight, age, experience, fitness_goal, deleted, create_time, update_time, private_coach_id, gender) VALUES (2, 36, 188.00, 66.00, 33, 'BEGINNER', 'MUSCLE_GAIN', false, '2026-04-07 22:25:06.944241', '2026-04-07 22:25:06.944772', NULL, 'MALE');
INSERT INTO public.user_fitness_profile (id, user_id, height, weight, age, experience, fitness_goal, deleted, create_time, update_time, private_coach_id, gender) VALUES (4, 40, 188.00, 130.00, 17, 'BEGINNER', 'WEIGHT_LOSS', false, '2026-05-08 00:51:45.949417', '2026-05-08 00:51:45.949417', NULL, 'MALE');
INSERT INTO public.user_fitness_profile (id, user_id, height, weight, age, experience, fitness_goal, deleted, create_time, update_time, private_coach_id, gender) VALUES (1, 25, 170.00, 63.00, 24, 'INTERMEDIATE', 'HEALTH', false, '2026-03-28 12:56:27.007851', '2026-05-10 19:03:38.284777', 4, 'MALE');
INSERT INTO public.user_fitness_profile (id, user_id, height, weight, age, experience, fitness_goal, deleted, create_time, update_time, private_coach_id, gender) VALUES (3, 30, 188.00, 78.00, 23, 'INTERMEDIATE', 'HEALTH', false, '2026-04-12 20:24:20.348839', '2026-04-13 01:10:58.433335', 4, 'MALE');
INSERT INTO public.user_fitness_profile (id, user_id, height, weight, age, experience, fitness_goal, deleted, create_time, update_time, private_coach_id, gender) VALUES (5, 42, NULL, NULL, NULL, NULL, NULL, false, '2026-05-27 02:12:30.558816', '2026-05-27 02:12:30.558816', 4, NULL);


--
-- Data for Name: user_membership; Type: TABLE DATA; Schema: public; Owner: fitness_user
--

INSERT INTO public.user_membership (id, user_id, membership_type, start_time, expire_time, is_active, total_orders, created_at, updated_at) VALUES (1, 25, '月卡', '2026-04-16 02:54:58.007799', '2027-05-16 02:54:58.007799', true, 2, NULL, NULL);
INSERT INTO public.user_membership (id, user_id, membership_type, start_time, expire_time, is_active, total_orders, created_at, updated_at) VALUES (3, 43, '季卡', '2026-05-27 14:43:57.893427', '2026-08-25 14:43:57.893427', true, 1, NULL, NULL);
INSERT INTO public.user_membership (id, user_id, membership_type, start_time, expire_time, is_active, total_orders, created_at, updated_at) VALUES (4, 45, '月卡', '2026-05-29 00:51:46.752276', '2026-09-26 00:51:46.752276', true, 4, NULL, NULL);


--
-- Name: analysis_report_id_seq; Type: SEQUENCE SET; Schema: public; Owner: fitness_user
--

SELECT pg_catalog.setval('public.analysis_report_id_seq', 27, true);


--
-- Name: chat_long_term_memory_id_seq; Type: SEQUENCE SET; Schema: public; Owner: fitness_user
--

SELECT pg_catalog.setval('public.chat_long_term_memory_id_seq', 4, true);


--
-- Name: coach_detail_id_seq; Type: SEQUENCE SET; Schema: public; Owner: fitness_user
--

SELECT pg_catalog.setval('public.coach_detail_id_seq', 10, true);


--
-- Name: coach_notification_id_seq; Type: SEQUENCE SET; Schema: public; Owner: fitness_user
--

SELECT pg_catalog.setval('public.coach_notification_id_seq', 1, false);


--
-- Name: coach_package_id_seq; Type: SEQUENCE SET; Schema: public; Owner: fitness_user
--

SELECT pg_catalog.setval('public.coach_package_id_seq', 3, true);


--
-- Name: coach_package_order_ext_id_seq; Type: SEQUENCE SET; Schema: public; Owner: fitness_user
--

SELECT pg_catalog.setval('public.coach_package_order_ext_id_seq', 34, true);


--
-- Name: coach_student_id_seq; Type: SEQUENCE SET; Schema: public; Owner: fitness_user
--

SELECT pg_catalog.setval('public.coach_student_id_seq', 1, true);


--
-- Name: fitness_booking_id_seq; Type: SEQUENCE SET; Schema: public; Owner: fitness_user
--

SELECT pg_catalog.setval('public.fitness_booking_id_seq', 48, true);


--
-- Name: fitness_course_id_seq; Type: SEQUENCE SET; Schema: public; Owner: fitness_user
--

SELECT pg_catalog.setval('public.fitness_course_id_seq', 108, true);


--
-- Name: fitness_course_session_id_seq; Type: SEQUENCE SET; Schema: public; Owner: fitness_user
--

SELECT pg_catalog.setval('public.fitness_course_session_id_seq', 50, true);


--
-- Name: fitness_equipment_id_seq; Type: SEQUENCE SET; Schema: public; Owner: fitness_user
--

SELECT pg_catalog.setval('public.fitness_equipment_id_seq', 60, true);


--
-- Name: fitness_equipment_repair_id_seq; Type: SEQUENCE SET; Schema: public; Owner: fitness_user
--

SELECT pg_catalog.setval('public.fitness_equipment_repair_id_seq', 17, true);


--
-- Name: fitness_equipment_type_id_seq; Type: SEQUENCE SET; Schema: public; Owner: fitness_user
--

SELECT pg_catalog.setval('public.fitness_equipment_type_id_seq', 5, true);


--
-- Name: fitness_plan_detail_id_seq; Type: SEQUENCE SET; Schema: public; Owner: fitness_user
--

SELECT pg_catalog.setval('public.fitness_plan_detail_id_seq', 895, true);


--
-- Name: fitness_plan_id_seq; Type: SEQUENCE SET; Schema: public; Owner: fitness_user
--

SELECT pg_catalog.setval('public.fitness_plan_id_seq', 77, true);


--
-- Name: fitness_private_coach_booking_id_seq; Type: SEQUENCE SET; Schema: public; Owner: fitness_user
--

SELECT pg_catalog.setval('public.fitness_private_coach_booking_id_seq', 4, true);


--
-- Name: fitness_repair_record_id_seq; Type: SEQUENCE SET; Schema: public; Owner: fitness_user
--

SELECT pg_catalog.setval('public.fitness_repair_record_id_seq', 40, true);


--
-- Name: fitness_video_course_id_seq; Type: SEQUENCE SET; Schema: public; Owner: fitness_user
--

SELECT pg_catalog.setval('public.fitness_video_course_id_seq', 1, false);


--
-- Name: knowledge_category_id_seq; Type: SEQUENCE SET; Schema: public; Owner: fitness_user
--

SELECT pg_catalog.setval('public.knowledge_category_id_seq', 12, true);


--
-- Name: knowledge_chunk_id_seq; Type: SEQUENCE SET; Schema: public; Owner: fitness_user
--

SELECT pg_catalog.setval('public.knowledge_chunk_id_seq', 152, true);


--
-- Name: knowledge_document_id_seq; Type: SEQUENCE SET; Schema: public; Owner: fitness_user
--

SELECT pg_catalog.setval('public.knowledge_document_id_seq', 12, true);


--
-- Name: membership_card_content_id_seq; Type: SEQUENCE SET; Schema: public; Owner: fitness_user
--

SELECT pg_catalog.setval('public.membership_card_content_id_seq', 30, true);


--
-- Name: membership_card_id_seq; Type: SEQUENCE SET; Schema: public; Owner: fitness_user
--

SELECT pg_catalog.setval('public.membership_card_id_seq', 10, true);


--
-- Name: membership_card_type_id_seq; Type: SEQUENCE SET; Schema: public; Owner: fitness_user
--

SELECT pg_catalog.setval('public.membership_card_type_id_seq', 4, true);


--
-- Name: membership_order_ext_id_seq; Type: SEQUENCE SET; Schema: public; Owner: fitness_user
--

SELECT pg_catalog.setval('public.membership_order_ext_id_seq', 30, true);


--
-- Name: membership_order_id_seq; Type: SEQUENCE SET; Schema: public; Owner: fitness_user
--

SELECT pg_catalog.setval('public.membership_order_id_seq', 38, true);


--
-- Name: orders_id_seq; Type: SEQUENCE SET; Schema: public; Owner: fitness_user
--

SELECT pg_catalog.setval('public.orders_id_seq', 92, true);


--
-- Name: product_id_seq; Type: SEQUENCE SET; Schema: public; Owner: fitness_user
--

SELECT pg_catalog.setval('public.product_id_seq', 18, true);


--
-- Name: product_order_ext_id_seq; Type: SEQUENCE SET; Schema: public; Owner: fitness_user
--

SELECT pg_catalog.setval('public.product_order_ext_id_seq', 28, true);


--
-- Name: product_order_id_seq; Type: SEQUENCE SET; Schema: public; Owner: fitness_user
--

SELECT pg_catalog.setval('public.product_order_id_seq', 30, true);


--
-- Name: sys_announcement_id_seq; Type: SEQUENCE SET; Schema: public; Owner: fitness_user
--

SELECT pg_catalog.setval('public.sys_announcement_id_seq', 10, true);


--
-- Name: sys_banner_id_seq; Type: SEQUENCE SET; Schema: public; Owner: fitness_user
--

SELECT pg_catalog.setval('public.sys_banner_id_seq', 15, true);


--
-- Name: sys_dict_id_seq; Type: SEQUENCE SET; Schema: public; Owner: fitness_user
--

SELECT pg_catalog.setval('public.sys_dict_id_seq', 3, true);


--
-- Name: sys_dict_item_id_seq; Type: SEQUENCE SET; Schema: public; Owner: fitness_user
--

SELECT pg_catalog.setval('public.sys_dict_item_id_seq', 117, true);


--
-- Name: sys_file_id_seq; Type: SEQUENCE SET; Schema: public; Owner: fitness_user
--

SELECT pg_catalog.setval('public.sys_file_id_seq', 261, true);


--
-- Name: sys_permission_id_seq; Type: SEQUENCE SET; Schema: public; Owner: fitness_user
--

SELECT pg_catalog.setval('public.sys_permission_id_seq', 39, true);


--
-- Name: sys_role_id_seq; Type: SEQUENCE SET; Schema: public; Owner: fitness_user
--

SELECT pg_catalog.setval('public.sys_role_id_seq', 3, true);


--
-- Name: sys_role_permission_id_seq; Type: SEQUENCE SET; Schema: public; Owner: fitness_user
--

SELECT pg_catalog.setval('public.sys_role_permission_id_seq', 70, true);


--
-- Name: sys_user_id_seq; Type: SEQUENCE SET; Schema: public; Owner: fitness_user
--

SELECT pg_catalog.setval('public.sys_user_id_seq', 45, true);


--
-- Name: sys_user_role_id_seq; Type: SEQUENCE SET; Schema: public; Owner: fitness_user
--

SELECT pg_catalog.setval('public.sys_user_role_id_seq', 26, true);


--
-- Name: user_fitness_profile_id_seq; Type: SEQUENCE SET; Schema: public; Owner: fitness_user
--

SELECT pg_catalog.setval('public.user_fitness_profile_id_seq', 5, true);


--
-- Name: user_membership_id_seq; Type: SEQUENCE SET; Schema: public; Owner: fitness_user
--

SELECT pg_catalog.setval('public.user_membership_id_seq', 4, true);


--
-- PostgreSQL database dump complete
--

\unrestrict omMnhZGNTsLQNvDgXuH5HfhtNAU8JsU3N53EIcWbJd7WvEF8Nhf5uw42AbZnPWM

